111 72
9302.093103999992
9333.670355999995
9356.813932000005
9372.308360000003
9395.8442
9423.891075999993
9446.642388
9470.766624000004
9494.302464
9519.799624
9543.531596
9571.186208
9596.879499999995
9617.865623999998
9638.067219999997
9660.426267999996
9680.431732000005
9700.437195999999
9728.876336000001
9749.666328
9767.318207999997
9793.403763999995
9808.309796000001
9817.920264
9837.533464
9859.304116
9875.779203999991
9889.312311999995
9903.041552000002
9918.928244000002
9934.030407999999
9947.563516000002
9959.919832
9978.748503999996
9988.358972000002
10002.676608000002
10013.856132
10040.922347999993
10055.239983999993
10053.867060000004
10071.126675999993
10094.270252000002
10093.093460000004
10104.469116
10123.886183999995
10128.201088000002
10139.772875999995
10152.129191999993
10163.308716
10173.115316000003
10182.137388000003
10190.963327999998
10201.162191999996
10209.595867999997
10219.206335999996
10228.03227599999
10236.662083999996
10247.057079999999
10257.059811999992
10270.004524000004
10283.341499999995
10300.601115999998
10315.114883999995
10332.766764
10343.357892
10355.125811999998
10364.147883999998
10374.54288
10388.272119999994
10405.139471999995
10426.125595999998
10448.876907999998
10472.805011999997
10499.282832000004
10524.191596000004
10552.434603999995
10581.266007999999
10615.785239999997
10651.481263999995
10692.472851999999
10731.503119999994
10768.768199999999
10809.367524000001
10847.417132000002
10884.486080000002
10922.339555999999
10960.585296000005
10996.869716000001
11036.292247999998
11072.576667999994
11108.861087999998
11145.733903999993
11181.822192
11217.518215999997
11253.802636
11287.929603999997
11319.702987999997
11353.437692
11383.445888000002
11414.238611999994
11442.873883999993
11473.666608
11503.478671999997
11530.741019999994
11557.414971999999
11584.677319999995
11612.135799999996
11634.69098
11657.638424000004
11680.782
11705.298499999997
9343.873025736117
9375.56863445491
9403.68319264448
9419.887760957281
9443.068530800883
9472.298973988865
9496.35220989566
9521.186586208452
9545.78763667764
9570.456299646059
9593.123061176862
9615.569977549698
9639.487918767707
9664.734884644487
9691.446100178437
9717.119136304813
9741.267085462787
9762.219403213181
9785.924274461213
9807.779476930402
9826.96999427479
9846.42757402204
9861.096892584435
9874.376418867214
9889.373706834049
9908.540511020467
9923.240248238479
9934.40622186249
9949.20067233168
9963.548726987297
9976.638826767703
9989.106724298515
10002.17318061131
10015.439086827748
10026.351478734548
10042.08939536014
10058.7133284249
10071.576738168988
10080.449965104228
10097.77740267451
10106.51533492095
10129.422197483364
10135.228451892515
10135.360219606591
10145.782176977846
10155.423133323813
10167.349991480216
10178.286026854614
10187.808556791431
10197.378443353831
10205.690375041035
10213.806174728248
10222.82147154025
10230.545007227454
10239.682048352268
10247.79784803946
10256.901082914657
10265.520728132666
10277.53552435225
10290.835306508663
10303.935569071058
10321.431898508657
10335.708953071058
10349.45506135068
10358.152481849895
10366.72477044232
10375.98355587991
10385.431698129527
10401.173002349118
10418.277067786716
10440.446758974693
10462.251217224315
10484.048900285925
10508.988082941534
10532.713279753538
10562.139854941539
10593.811820192706
10629.396262661903
10668.169561350689
10707.622512006288
10747.954703913085
10787.231848132673
10828.067885570272
10864.578856225882
10902.831371413871
10943.407051946255
10981.534435227462
11018.528995540255
11056.412890195861
11095.064444571843
11131.822291447053
11171.180598541825
11206.913816385422
11243.319980698223
11279.130973823034
11313.731368698223
11345.859822854618
11379.476170135822
11411.259716917819
11442.644224511801
11473.764987606592
11503.374144418587
11533.659635293792
11561.98719376298
11589.84471295098
11619.474195326955
11649.418166421747
11671.381562827759
11691.72515901416
11713.093384232176
11743.409363453342
9379.518144345282
9416.766662336959
9445.165392276453
9464.863515621451
9490.61529654402
9519.42163386292
9545.30969012159
9571.59001038027
9598.983162751072
9624.442797285628
9648.590732225406
9669.885713734155
9692.547999165181
9719.259476630636
9748.378774682249
9774.137394311445
9799.672079776887
9822.136865466586
9843.576477871815
9865.775551595929
9885.754581173504
9901.346391302846
9915.459539742464
9930.615940328644
9942.268399337248
9958.077155811297
9971.966370087175
9982.289050638945
9997.382859078585
10010.052135811296
10020.529170561225
10031.673904578442
10044.405773457693
10053.882701604249
10064.359736354178
10079.829097673071
10099.0514014144
10102.225671138513
10107.47672185403
10132.32973241411
10144.147934888722
10157.640483715804
10166.611054612273
10165.942136716083
10170.54219928506
10182.926317448815
10194.730395172926
10204.10994119013
10212.543617190124
10221.423793776303
10229.135533922854
10236.695655353877
10244.488066509031
10251.967516931458
10259.814164672789
10267.552339241753
10276.74410881933
10284.330664672787
10297.712153957269
10311.601368233147
10324.590593517634
10341.574774250359
10354.360879715809
10364.160491896757
10371.03483519845
10377.462677913965
10386.164801362203
10396.593219603667
10412.499358207053
10430.293133620871
10451.9496923708
10472.152656112128
10492.861977103523
10515.543709137935
10540.805843931172
10571.455304776013
10604.237150939778
10640.655110793225
10681.495080077715
10720.604651344998
10762.192990905365
10804.57284628477
10844.14000918124
10880.441140301977
10918.98176217264
10959.877335784622
11000.953847129626
11039.0827583969
11075.510441552047
11115.806528121015
11152.875476121022
11193.021311715791
11229.50049597447
11266.55136511242
11302.585416526235
11337.274346103812
11370.526391793523
11404.421070069395
11437.816378914249
11470.702595026385
11502.966992897047
11532.688662586748
11563.685874147115
11592.668896862633
11621.126115724692
11651.910484164327
11681.974284491822
11704.483583466012
11725.297274405784
11746.077543104097
11777.444687466006
9402.76604512363
9455.555279396482
9475.488741117762
9503.778479967805
9537.490139961214
9562.885100535474
9591.552797104596
9620.612757673734
9653.944232525952
9683.194285665675
9713.533237660558
9741.271930798095
9763.681521655439
9786.602580515719
9810.415292520098
9830.235589667871
9851.979856528153
9876.971587954627
9900.811798809787
9922.0000942392
9941.347387382579
9958.329017667143
9971.305040525222
9984.945273669335
9995.713301670075
10006.847208531079
10021.747201101665
10034.09143824286
10048.04812110094
10058.822188531085
10065.635151962684
10075.011023964144
10085.468641680316
10094.566527966344
10101.379491397944
10113.437475972198
10129.88013940306
10132.043630832472
10137.16833426115
10148.502185129473
10184.95810853767
10172.170421702256
10177.097879419889
10195.128359975854
10199.9811171185
10210.217331405991
10221.010630835408
10228.62131483687
10237.054990836856
10244.418999980975
10251.751698266991
10259.059125124346
10265.588063411124
10273.699250267731
10278.766257698611
10286.757126841258
10295.31715998464
10303.282757698602
10316.790594269929
10331.690586840523
10344.806159411855
10359.895130841993
10368.890817702275
10374.773663991218
10380.005492564007
10386.306987992677
10392.98755485149
10407.964475419161
10420.585584564731
10439.895527420624
10457.88801485223
10475.3113382831
10496.905090282366
10516.049098285293
10547.881291994141
10579.794225707374
10610.428167994876
10647.225169708843
10688.191486280171
10729.196266850042
10771.921731991955
10819.355478844911
10854.879528562538
10893.454910846369
10930.60571256181
10967.331825708112
11016.999952558159
11057.024073128021
11092.18828341477
11132.737064557426
11169.806012557412
11207.551249702257
11246.810074271401
11284.366332556681
11321.916551412578
11355.973744555959
11391.75273598243
11426.658192553034
11461.316974266272
11497.361872549365
11528.236450264805
11560.48506569129
11592.61940283321
11621.476078261876
11649.427907976591
11679.075150834666
11704.84314340965
11730.00573540746
11757.010443402338
11779.433226829547
11802.966839407447
9444.04826336942
9483.52451854865
9510.501802754574
9542.404771618509
9575.708493595455
9602.315898459405
9633.434339323336
9664.523983550833
9697.990563959764
9727.472434164229
9758.312830050476
9788.077222164233
9815.383732642273
9843.75729302963
9871.666597825897
9895.457130622162
9918.548557804308
9942.57200557681
9963.52388848536
9983.03630025786
10000.151933075707
10015.937836848207
10030.0548639166
10042.54971864375
10052.193460211776
10062.181793893564
10074.336533438545
10084.979810256402
10097.761663824436
10106.682947596928
10111.71038800585
10118.521891664597
10126.41932048244
10134.809801527801
10141.416219323335
10149.318125072772
10159.941559117418
10165.060833890631
10176.370910277976
10178.68480873153
10203.647295910756
10201.392925776883
10203.301129435626
10219.703258321133
10227.764513094364
10237.150052457939
10246.056937912217
10254.05067802596
10261.010641798457
10267.439802843823
10274.591421684709
10280.585123775418
10286.75608261631
10292.572527956843
10297.50462459326
10304.91444563862
10312.50600036577
10321.600063956837
10336.185823547916
10349.919540479517
10360.639285820049
10371.980700728593
10377.691880910017
10379.738623295903
10384.010332341262
10391.54973825055
10398.562818364291
10411.186290431964
10422.83454695464
10437.500284476584
10451.391415385144
10476.36418463644
10498.240101795527
10506.571054521213
10531.401414951717
10581.041079363567
10630.614196639348
10657.486822524137
10691.21511454571
10739.54646704682
10777.657177727873
10826.943903000734
10861.554001841629
10898.268436341248
10936.720229727864
10973.875567637158
11019.472567886252
11061.454737272856
11100.471574478048
11139.281390773227
11177.82405100073
11218.66814641039
11258.693472728599
11296.771877365027
11336.204330751643
11371.29308350182
11408.103829297368
11444.05357857023
11479.491400365769
11515.852288888433
11548.975244707013
11582.25561450256
11615.143720298096
11645.343571366488
11673.2995805256
11701.561463775419
11728.154470321133
11753.321436525599
11780.40652777542
11803.578900411849
11825.335154093627
9484.028670083731
9511.573361506205
9547.19242851722
9583.98651214983
9616.61960576041
9647.854164990378
9682.279958207124
9716.445467625192
9749.707274032247
9780.010618645036
9809.95098624238
9839.207617830914
9869.729028220347
9901.264062198316
9931.866106180685
9959.22924617186
9984.709924377603
10008.561071388613
10027.925017401838
10046.429253804483
10061.331609200512
10075.229469594342
10089.471923983765
10101.371824185095
10110.637698189501
10119.608423581121
10128.075063169672
10136.065128561291
10146.13746434234
10153.874599143222
10158.301324946311
10162.9846579441
10168.712802740578
10175.678214731772
10181.72711852163
10186.322464718542
10193.28242472736
10200.599783922073
10213.223611081528
10213.824938118989
10222.016587492988
10233.348250092546
10232.99630288902
10245.77607109915
10255.6394696899
10264.133620884619
10271.718617085935
10279.468557077118
10285.112391676681
10291.040345077126
10297.529182871396
10302.432482871394
10307.984654066102
10311.183241260813
10316.390818459935
10322.639530853761
10329.5481442542
10339.946816858173
10354.51738344891
10366.101976639227
10373.675943028647
10380.56985001322
10383.088377803084
10381.840080796479
10386.09450960176
10394.504350599556
10401.053663588544
10409.760428577523
10419.772289163855
10427.879628340947
10440.226815754606
10466.653163299081
10488.048033093342
10495.794548174876
10515.470124595158
10577.510087168266
10634.60808247616
10661.295091360778
10691.657135789865
10741.366392743585
10777.760859168266
10824.431020734773
10861.809823763419
10898.460897382807
10939.199554792067
10978.633116603953
11020.200295413662
11063.19352021013
11105.226243404839
11144.207066022034
11184.197835623789
11227.383515816306
11267.898529619393
11306.56036862159
11346.87189721674
11383.664079623792
11421.545067229963
11458.529705033056
11494.905788437893
11531.17005003967
11566.693777041859
11600.64844804407
11634.298841847143
11666.163889251991
11694.694692656849
11722.660935063897
11750.971771466538
11776.124337470952
11802.51784727403
11826.141674074926
11847.804180875799
9510.499866071557
9545.149983785508
9584.252102900195
9631.356020759638
9667.332844389726
9708.041305341649
9747.761337755968
9787.639052624043
9823.130012377434
9857.473697430469
9886.578132522933
9912.212389923676
9939.390070293579
9963.959000064227
9988.98816068074
10013.56485898899
10040.856724288627
10068.190923403308
10091.734531940921
10111.074700848432
10124.723157487155
10136.670508702933
10147.569233072849
10159.887099526604
10170.54619437248
10176.869800165325
10181.714065566062
10187.057011358898
10191.138497521657
10199.15427649083
10204.556256882934
10208.542979460006
10213.156547583305
10217.335517891559
10220.18001374606
10223.800105353948
10233.546507045685
10239.192001230636
10238.998196648623
10251.441900838538
10251.413547247888
10262.605887763297
10261.1393638866
10277.123540032102
10284.061174855779
10290.883461040743
10298.8864234945
10303.849921802743
10309.354434318164
10315.421709802758
10320.099360503118
10325.002660503116
10328.88296668807
10330.40968887302
10335.338621903851
10339.636825119633
10346.684760604214
10358.3373319655
10369.98213478917
10378.501642128256
10382.731878498169
10384.749512537615
10384.063632392114
10380.7255041233
10386.65179793835
10394.365028515407
10397.431289400738
10402.655002286061
10408.347878263856
10409.210469065321
10425.87664108751
10434.74840602954
10454.332088729905
10487.853189378518
10513.93758166954
10567.478897109722
10595.458576831006
10648.895425871742
10688.452727854485
10723.53316597284
10767.729669109722
10803.811352281104
10850.246090779263
10893.027336101099
10936.69175727744
10979.887015361273
11024.519280022192
11066.397928145496
11106.75878633045
11151.173170229362
11191.721228167706
11232.53843292973
11274.028701321833
11313.38715074477
11352.166136414315
11391.187472167701
11431.018968951917
11468.97886134404
11506.887487674496
11543.70903761284
11579.929375035776
11614.580656458711
11649.20630485082
11682.60389518128
11712.667241511743
11742.862637265134
11772.009406172656
11798.55519301854
11825.923957410647
11849.82642837982
11871.767579348983
9546.105706795039
9590.456022102786
9632.762963041481
9678.717551086062
9721.426336449527
9764.055196427238
9805.180022907734
9844.141010438383
9880.09925343281
9915.207945924456
9948.037657343659
9978.976393723839
10008.206448673685
10035.018961612375
10060.059899601241
10083.593610617958
10107.249915198758
10130.97124228235
10154.243798796277
10173.26753830463
10186.80064630464
10197.126361835282
10206.799723354787
10216.00941142167
10223.912262482962
10231.04123046068
10234.634499980188
10238.947274996899
10241.035446527552
10245.930230594422
10249.193065141793
10253.50903363344
10257.102303152933
10259.582738683588
10261.608016694736
10264.220626214235
10273.04337273931
10271.717374884203
10283.7176196
10282.566463912073
10282.56859289536
10291.257036448289
10297.292331286684
10304.1314034873
10311.848767465017
10319.041693453866
10325.116462995662
10330.872506973377
10335.446436492879
10340.60876201238
10344.59536002353
10348.056455554171
10349.16077360991
10348.304836157266
10353.601464648913
10355.491375196281
10362.683236693498
10373.402280715789
10381.762418279875
10386.460005855108
10387.367127419195
10384.740679508359
10383.628910011139
10382.32739546377
10383.687545564084
10387.272299150456
10388.18261418947
10385.48156335108
10385.139418970895
10385.3355509709
10391.779165696586
10408.738152490405
10418.977555685444
10462.080734032199
10507.634453630963
10537.974237607435
10586.088318122602
10630.710521362234
10677.800297720118
10717.828257586378
10754.875915753553
10799.685646547361
10848.264553519512
10887.676440603092
10933.838870055726
10977.117955061294
11021.1144165808
11064.594956044588
11108.210862972133
11151.420667508355
11190.708896536213
11232.61931550836
11272.625985541788
11313.097393519507
11353.833149474915
11393.452877966556
11434.512681944274
11473.742275419194
11511.922992916407
11549.975794391328
11587.571309363462
11624.64664431331
11660.935322279875
11695.653879754806
11728.611507196285
11760.847500157273
11791.251153632198
11820.416186079252
11848.530213565326
11873.900522034673
11897.047291509596
9586.313986985937
9634.648934134115
9679.975786164876
9725.55924196729
9770.450288263666
9813.766635214277
9854.677391411846
9892.839477936548
9929.596993738975
9966.657476720327
10003.547831078191
10038.955604584247
10071.447401466809
10101.447132448164
10127.835655627103
10151.648459429518
10173.419111429517
10194.85514952831
10216.631444874074
10235.041849497553
10248.742264448163
10258.436385923465
10267.152669071656
10273.965282318626
10279.517450090294
10285.409875108948
10287.62779888061
10291.383131930008
10292.672402454707
10295.337418652285
10296.909296325168
10300.583797572144
10302.88537481911
10303.814028066088
10305.07729521428
10308.740509769712
10314.384796035338
10306.331489023221
10324.545761646717
10320.713026788362
10324.786043701672
10326.299662955185
10331.170707912337
10334.917575943087
10342.318585190063
10349.604294239456
10354.536419288852
10359.641494634612
10363.592959684014
10367.463592930988
10369.85164532614
10371.091730770699
10369.72445011646
10367.010248838735
10369.406766252534
10369.940333826627
10377.197217826622
10385.555705369967
10390.663602388624
10391.765205931959
10390.25662170363
10384.880225901208
10382.61593872228
10381.332311543345
10378.17666118547
10376.064964272155
10371.464023130517
10361.478221167796
10357.838188315982
10355.692023007512
10356.115933729794
10374.289486291767
10387.84074097022
10427.576918520106
10478.143897804366
10514.597449716704
10566.914900315991
10608.622079525681
10656.518399266592
10702.00973657507
10741.513708698061
10788.8764608649
10838.607513716714
10876.152379192012
10923.0019238155
10969.664409778205
11014.04224853123
11058.451734006543
11104.343800333656
11147.126579710166
11185.011702432443
11226.066583877
11265.878558204116
11307.372067055934
11349.984717808955
11391.305276364401
11432.968913839708
11473.36928416683
11512.869826296366
11552.511672
11591.928560654233
11631.261795833176
11669.669199438016
11706.562375468762
11742.140277598293
11776.541387727833
11808.53408543147
11840.022040610398
11869.715982739945
11897.5582617213
11922.712342801438
9629.970663082
9677.137569604864
9724.149441584152
9769.81077645559
9812.694521152749
9856.235825152733
9897.274189563439
9936.31013651772
9975.200404210562
10015.89695735983
10056.862482139819
10095.341775268374
10131.015412376226
10163.377192376232
10191.351228745509
10216.26934802765
10238.163292396945
10258.779539289084
10278.570160724805
10296.29488035552
10309.973667616963
10319.78026761696
10327.7394847041
10333.591702529811
10337.865509073381
10341.026007965527
10341.92447305267
10344.715094836974
10346.179569031963
10347.53378246769
10348.11282318554
10350.580344272683
10350.894089687703
10350.739055144128
10352.354887554837
10357.385156251985
10357.652125256289
10348.058694119107
10363.902286036275
10363.954412476305
10378.689030919806
10366.956200497007
10364.697843019865
10370.78729030201
10376.529247368439
10383.261219717017
10387.18753604489
10390.183645111327
10393.745763285617
10395.710759613474
10395.847083592766
10393.747436987076
10390.558872248504
10385.88712275066
10383.217790709241
10383.290630339958
10389.35568810354
10394.540991344264
10396.999157149265
10395.215258584984
10392.140630933565
10385.576724738567
10380.288513394313
10376.679618809307
10368.791238726473
10361.442804531478
10349.628108120778
10335.863449618628
10331.507448162192
10326.540663813612
10324.7604415772
10334.974010888676
10358.481785042248
10387.608223892981
10430.72351909228
10490.142159810144
10530.309796055175
10582.397368365804
10627.576891668665
10676.957381884364
10725.420696448644
10771.390426705773
10818.960626212225
10859.700279444332
10907.01486785504
10956.963040880051
11002.547859792918
11046.494459402915
11092.639608469355
11134.916246602224
11173.145278664342
11212.87420342362
11253.843404531472
11295.559712510774
11339.58483070576
11383.012197618613
11425.73355511648
11467.373347137174
11509.1775289836
11550.826676286444
11592.270336307163
11633.600059240729
11674.6701658257
11714.645675323554
11752.691606995693
11789.35525938568
11823.314161232098
11856.88079907852
11888.590698729946
11919.699170771368
11947.66953081279
9674.968095860197
9720.321329639759
9765.62063059675
9808.296331284917
9848.839748623628
9892.485322747278
9937.32404479567
9980.213855091373
10023.769541177375
10069.254187569859
10114.557084048356
10156.111899397816
10193.234780220395
10225.636110956955
10254.129183779529
10279.869217559099
10302.228265559097
10321.470774688125
10339.6858820376
10356.905947301035
10369.650931779535
10379.435958650502
10387.045555913937
10393.510720870938
10397.615110784915
10399.398276392436
10399.997458956954
10399.990267913941
10402.486051091364
10402.27913252684
10402.08659604835
10404.19011522577
10401.258921790293
10401.208584489214
10406.851292392435
10409.347075569858
10402.482455569858
10403.958028010726
10412.93335823116
10404.041077161273
10439.998304704284
10408.920830193514
10404.805653715026
10411.609149849435
10415.29251159136
10420.669150903203
10421.653406424703
10422.590920166644
10425.464585258043
10424.465947650519
10422.796217048366
10415.681532225783
10411.386579672035
10403.062743155911
10397.004224284938
10396.547240897846
10398.069555118273
10400.576124860214
10401.884329473112
10398.53570338709
10394.177653129038
10386.481763349468
10375.298643827955
10368.297394010755
10353.490414930115
10344.92370463442
10329.272695370979
10319.127764193545
10314.537626720441
10310.82190528496
10304.617591715054
10303.066513322585
10323.86764404302
10347.986662838724
10385.034037709695
10443.303571473145
10474.139089575285
10551.713878016155
10599.503392790342
10651.818325650565
10701.781648349475
10753.9024230484
10790.94782408065
10843.243157650548
10894.386867870977
10938.991528865605
10984.843270607547
11026.619386607534
11070.677176177436
11109.055950473135
11152.429886645172
11194.79439864518
11237.12655095163
11277.155456559143
11322.226265822588
11366.010443602157
11412.315573209693
11455.739846682809
11499.945052634415
11544.150258586036
11587.399973188178
11630.824246661286
11675.200415962368
11718.79205726344
11759.88072434409
11798.80474838172
11835.143101204303
11871.060425854834
11904.082512284935
11938.612530849452
11970.061965758061
9711.996457588772
9759.479641379272
9804.4512577192
9852.369912280446
9899.30317965195
9947.700180723092
9989.098214292273
10038.050190003705
10082.261245323854
10126.926680173667
10172.065734343625
10212.473653533358
10252.054168983937
10286.257765114358
10317.208472564947
10345.078456355463
10367.437504355446
10387.663067335678
10404.73127852541
10420.149078394985
10432.73022056494
10441.53219358471
10447.339525454285
10453.477005794215
10456.926026474044
10459.528403624245
10460.619113114357
10460.284237454282
10460.322386003703
10459.623940513593
10459.595246343626
10459.241130893046
10456.801464383163
10454.457334762614
10466.981419624251
10467.019568173666
10460.154948173666
10457.37062059265
10464.216000802138
10443.363231209325
10464.410808675777
10456.107415051178
10452.156080881221
10456.174257770559
10457.891511810092
10458.025197248855
10459.173295078894
10458.144701118428
10457.905362347687
10456.087513197497
10449.830197956398
10440.257878505814
10427.934652833916
10415.678600912994
10410.603135893223
10407.196990952514
10406.589355162017
10407.129817201552
10405.488860260855
10401.484864940707
10395.160706980227
10385.334867189733
10373.987905359689
10360.760647818213
10341.529926407165
10326.901050695727
10313.052306826154
10305.365010276742
10297.170342015888
10293.946147505994
10291.018680106776
10290.286813256971
10293.720659272854
10308.664508790687
10344.728829810454
10385.9587634864
10436.619200921108
10509.934089340095
10563.621927221488
10622.490552423049
10670.160082802504
10719.987065181958
10764.89689702382
10813.915384423046
10862.929144632544
10911.30217872344
10955.18781276296
10996.963928762962
11037.744872162191
11082.18581187362
11126.870486513944
11169.234998513944
11210.092570043598
11250.940687193783
11294.20923106336
11340.123358853867
11387.247700004053
11434.276504264912
11481.922398695722
11529.56829312654
11577.40559236762
11624.434396628487
11671.104358249024
11716.989791869579
11762.502201280615
11805.52228303159
11844.318270482174
11881.382491292447
11917.68142389322
11952.702969383332
11987.265408154075
9740.543395547087
9793.458418831768
9845.820347111992
9900.137598337074
9953.38927626855
10003.039976208936
10045.521703970502
10098.205294259642
10145.201056548773
10184.3831599705
10228.369338796132
10269.560057323702
10308.165758855735
10343.528126736514
10375.892905264089
10406.243752966046
10430.991685961584
10453.637776310345
10471.629309484706
10485.466769663537
10497.738172369944
10506.930070957133
10512.562289603928
10515.691406021193
10516.63676502565
10518.961045085263
10520.699927672445
10520.729231612844
10520.336967612842
10518.990349025655
10519.833484906441
10519.330002200033
10515.149623791665
10516.057364608387
10523.744130796127
10531.361657663532
10515.36306562175
10519.420912548776
10510.576300047927
10503.086347195574
10509.29728492425
10503.296109162693
10504.853852387765
10503.044367809489
10503.293110635117
10500.822310873562
10499.188649937627
10495.00527300169
10492.534473240128
10487.200609717009
10477.188882134273
10463.813606611147
10446.290255147636
10430.254044918103
10421.837678748183
10415.385631105855
10412.156608757112
10410.666468995543
10408.649539642334
10404.390244995542
10397.300189055153
10387.241847701946
10374.460965233986
10358.738102766016
10336.76532171086
10316.85908230696
10299.110294903046
10283.562574742049
10278.811791499153
10273.1442718568
10270.931210503608
10268.937588035646
10269.18932938885
10276.483831576581
10302.398879654014
10344.017163177137
10395.33914224121
10460.881849901365
10522.347764947604
10583.488338121984
10636.517578640654
10689.455908810567
10734.899924929792
10782.6419156958
10829.315334640647
10877.224153466275
10922.03016128744
10966.616730223373
11007.385880810572
11049.937529227842
11090.214509883546
11130.33065953479
11170.08684765402
11210.937913007212
11254.452911594402
11300.740063594414
11350.115715296357
11400.58624423229
11452.76935034259
11504.952456452906
11557.24678126962
11608.279400792751
11658.72362431587
11707.68070660501
11757.059356834536
11804.731426944847
11849.016642229522
11889.232697812258
11927.932308220617
11964.866730628964
12002.082198330922
9769.290988267792
9831.356849792006
9891.908601576426
9943.628683226954
10007.39744069727
10058.644749002116
10109.895877396215
10163.87434211369
10212.04583047243
10253.999861180644
10296.826275028223
10337.333923799582
10374.192048212222
10408.339143548641
10440.140000678737
10470.014356732638
10495.350203656424
10519.243488732638
10538.27563852632
10550.8977243739
10560.67494119917
10570.685018992845
10577.206885504012
10580.240540732644
10580.240540732644
10579.895877199167
10581.261455405482
10582.172477557906
10582.375955351585
10580.926047710323
10580.315614329273
10581.11483391664
10578.3562043739
10576.65874417685
10579.80963771959
10585.950111728846
10577.06026401517
10577.567856284637
10565.640533253063
10570.82076898359
10572.551138059796
10561.235864069065
10558.051767262317
10555.08231413221
10551.550028087586
10546.862987424007
10542.210765684213
10535.723718096844
10527.938820106116
10518.887364931368
10505.444022115378
10488.351154940632
10466.347641972214
10445.990168645054
10431.298485936844
10420.628464250949
10414.722466869891
10410.896937847581
10408.578172771362
10404.978158923783
10399.151055228635
10390.339806815995
10378.670907838306
10362.987693632
10342.738497165476
10320.329938654322
10299.483090349473
10275.769335641256
10267.98443765052
10256.430866942304
10256.060640323369
10254.464111193265
10256.924062009253
10258.610356323356
10273.189942081684
10303.155678979354
10354.080361131782
10415.41282082694
10482.764990512835
10543.635548360406
10602.161778046306
10654.464819947782
10701.958147122517
10748.707200970093
10793.648902100198
10838.849027284203
10884.036370925467
10927.35215975072
10966.913967445893
11004.127626890091
11040.067383356618
11079.770376791566
11120.384392378939
11161.179848378932
11205.393877813884
11251.323584737678
11301.652525096411
11353.950131248836
11408.762634477462
11464.051731141037
11520.413163033249
11576.593154512826
11631.94645327494
11686.249454189463
11740.06851587537
11793.229543713678
11844.878371856837
11891.504751641252
11935.09747619705
11975.614380806743
12015.332065829061
9796.712207326309
9864.121485692616
9935.304501355786
9985.70449053112
10048.52298671518
10112.905385461636
10165.251982225549
10221.971551248113
10275.18732633142
10319.780258926898
10366.69813208661
10408.996579628249
10446.430178879986
10479.16254495638
10510.24404747547
10538.133243185555
10562.72071178104
10584.568267201183
10603.881849720281
10617.180374010211
10626.142316376528
10633.846689873077
10640.596985430362
10645.047891796683
10646.393203048407
10645.88067978104
10645.929970452911
10646.371525124807
10647.063406605695
10645.483511643892
10642.786954315772
10644.976923201182
10643.914455643899
10638.254240392169
10637.121834926904
10639.018121156078
10641.610162315781
10641.195189704653
10627.77743683487
10624.98048608841
10631.184710805406
10621.73089240781
10614.392200850518
10610.17587819427
10603.763651827961
10596.730512576229
10588.569871996377
10578.829336454735
10566.386308760295
10553.415014699545
10536.646244043302
10516.047479906163
10490.25663724992
10463.758170013833
10441.563767815933
10424.57228309894
10413.99302474827
10406.916529649323
10403.021502397583
10399.572933954885
10395.80797424481
10390.871126671875
10383.074106656233
10371.087346045104
10356.180283357593
10336.75134570826
10316.636461402704
10292.456999906157
10274.011814319398
10255.369466045115
10249.32395230556
10248.653748748271
10252.16244682466
10258.600224564201
10263.95694888541
10278.701427145868
10319.015064689323
10375.594757895946
10442.334863392483
10505.74459833865
10566.142415376838
10618.171590185862
10667.411561147674
10712.974314781357
10756.265291972333
10798.76090220151
10840.55972681263
10879.645220309176
10915.489116324818
10948.663037073093
10983.296593515799
11021.548268340455
11061.069381684225
11099.381186142564
11141.936926005423
11187.221740081819
11236.592809272792
11289.041860830082
11344.857673272789
11402.803324967223
11463.445533989776
11525.504022859554
11587.927162981054
11649.968878064363
11711.040772109482
11770.467737421954
11829.92721961985
11885.115153664956
11937.507949038198
11984.839764121505
12028.532813586768
9817.273120640733
9887.95476683753
9962.062110141873
10022.56457728146
10090.884027267733
10152.423543734549
10214.652033967956
10271.719884320366
10325.353220375284
10372.575305821505
10424.3192950206
10473.807817464534
10512.91436471395
10548.55594745995
10580.107055359258
10607.91422585812
10631.5699186087
10652.50375440732
10670.600186608695
10684.917822608695
10695.652794407317
10701.979153556058
10707.13958845767
10711.395642608695
10715.1635710572
10716.135516356982
10714.882445107542
10714.958724356977
10714.056496659032
10712.666143258582
10710.072853757425
10710.850820109838
10708.473245061781
10703.482798059493
10699.287746810063
10700.072274810067
10703.460960064069
10703.761668466817
10699.37499630206
10679.367276759724
10687.964379011442
10679.116601016023
10674.773399862694
10667.20268416476
10659.767097565214
10650.68617571624
10639.643933867272
10626.086834819216
10610.47470712127
10592.842409574369
10572.812954526315
10549.141985427923
10520.65271027918
10488.10566603204
10457.522094837528
10431.765544393587
10413.35087189931
10400.955288503428
10392.76347105721
10387.069081409609
10383.760981510299
10381.6035295103
10379.025516356975
10373.845499002295
10368.177355945081
10356.208997839814
10343.198976832951
10325.364088128139
10304.74849262242
10283.522663121279
10266.208503377573
10257.66358683753
10254.710636594966
10262.858778050337
10266.387000997704
10278.390320393599
10300.45071055377
10344.887578114409
10405.470528118996
10471.00476021968
10531.217284219674
10584.360341519445
10632.286267121272
10676.638243221962
10717.597125473687
10757.106804475967
10793.87935017849
10827.651066032042
10858.650789784886
10887.996463588104
10918.878487643015
10950.213778599536
10983.569239405035
11018.064480356981
11057.641723908462
11101.806282709374
11149.407508860408
11202.328290059493
11259.452837208235
11321.036132155605
11386.6183463524
11455.295099048053
11526.38428559267
11598.68296988558
11669.728582929056
11738.488176521736
11805.118615267733
11869.155764512594
11931.044176457654
11987.88329155148
12039.699253894738
9833.579109697246
9909.108534970706
9984.00361434438
10059.13640594144
10134.616851551058
10198.649473202327
10266.189709248312
10328.756380532192
10381.225390252424
10432.637415682482
10484.390822252426
10533.817989448697
10574.336619482092
10614.462985515493
10647.618596152235
10677.079976375615
10700.943525202325
10723.196437805673
10740.873759235728
10755.641378252425
10767.425437045742
10775.328436062446
10779.504927079142
10783.199157492512
10787.308626855767
10788.035435839061
10787.44020368249
10787.128633649088
10785.552741492509
10782.772149425713
10781.383086632391
10777.760247548897
10774.991424598993
10770.879488755578
10765.182358118836
10765.606899705483
10765.230774498792
10763.973288532194
10765.599500265009
10754.38882524614
10753.25988634221
10742.115106409008
10736.782331862065
10727.997972085439
10719.432719258715
10708.170034811956
10694.586043951851
10679.107754745164
10660.302057695058
10639.994326298409
10616.423742231607
10590.418880198209
10559.992978768161
10524.165377941434
10486.145581047924
10450.64075608761
10421.615123283882
10400.582486100197
10385.140844156573
10374.505669453043
10367.973127956197
10364.015743889395
10363.32804864931
10362.707375062673
10365.561824939497
10364.514706569935
10364.309835217085
10357.616469070912
10348.511799908032
10333.620003505093
10315.262386275419
10298.076628085437
10283.966329918447
10279.920852444578
10279.775040020817
10288.715854770322
10301.570570166987
10329.642324313158
10378.83861544264
10441.77838216917
10501.72091635914
10554.708833945784
10599.646036895683
10641.85353063891
10679.56612717545
10714.237444471917
10745.06681573498
10772.333533411409
10796.992816071135
10818.88080930082
10838.87887386034
10860.596176520077
10884.085503336377
10914.229645839529
10949.86548434267
10991.320727672537
11038.000143672536
11092.550281102602
11152.871406979415
11219.150350666248
11291.020289593158
11367.99896315681
11447.501911290397
11530.740670060724
11612.664223847765
11695.088643511604
11771.243675332043
11844.839688515727
11915.182151666013
11981.871964626327
12045.040704223378
9850.98292437361
9931.253164114467
10013.70299127981
10097.503607020677
10175.354760113682
10266.838630616876
10317.854182415758
10389.997555279027
10448.23061430049
10506.519915508761
10555.004799911781
10600.178479364877
10641.573399077119
10680.725411911779
10715.973833350567
10746.733354213844
10772.463839796517
10794.545291364884
10813.17783136489
10828.476127364884
10840.325511796516
10849.59197709144
10855.502062961867
10860.083495681261
10862.470282817987
10863.129075537378
10864.468796400659
10865.131579565998
10862.529611825135
10856.700990386344
10852.285573350571
10847.582395796519
10842.519253753591
10841.746697091432
10839.601216429284
10815.912987596188
10832.350506069968
10825.584591854546
10824.456964775061
10833.194363077127
10818.428220890317
10805.982459566789
10800.791399048503
10792.287326329104
10782.965522472994
10770.031878185233
10754.444918041358
10737.736504458677
10717.61637289032
10695.564134012733
10669.130584861705
10641.509175998428
10610.035523854545
10574.469225581088
10533.014976861698
10490.47247784023
10450.808639365678
10418.386626732907
10393.01429838792
10375.387640632754
10362.631079740859
10354.700344863275
10350.518253410177
10349.951992834656
10355.247556834656
10363.559487999999
10375.74271105008
10382.852627970591
10387.390693466616
10384.682942674895
10376.92003073213
10364.216625206704
10348.03818224246
10333.438959364888
10320.352550300493
10313.46797807076
10318.721454416547
10333.822714790935
10365.631485122416
10419.111298043717
10477.34744388552
10530.095884173279
10572.14560615897
10610.790687425273
10644.358472116051
10672.408434936391
10694.99990489347
10713.15781283623
10727.43735162796
10738.082914563565
10743.31425548486
10752.153446391858
10763.790737039708
10784.10210653652
10814.161650651782
10852.555261356873
10899.78987022015
10957.053336953853
11022.128880550823
11094.498501730472
11174.287935773405
11261.278915255134
11350.671740031758
11444.690268376755
11538.201865153394
11634.285313354507
11725.495577871996
11812.424141526215
11893.83488331001
11970.986059654999
12044.67326627345
9869.94121847237
9955.747112868594
10041.592659809976
10130.72592603504
10215.16260763882
10325.679003309306
10361.857179778308
10440.30626857077
10501.628443340975
10563.300068602424
10613.153537940037
10662.33614522373
10706.06141736322
10743.94925421902
10781.95920967387
10814.76135887199
10842.950969984515
10866.954667867263
10886.500726637481
10902.50953723654
10914.872725407702
10925.579099835602
10933.74950260581
10938.239922092325
10938.990089236533
10939.963877065376
10943.346226263493
10946.491210434644
10939.77461723653
10931.691972209584
10917.052924646916
10925.580680317398
10900.94103148047
10920.880384488562
10897.323447981136
10877.56428165501
10923.011378041803
10880.06328173721
10892.971502155677
10886.923160291786
10880.998997502706
10869.18613326821
10867.65672981336
10858.33015155662
10849.416453813348
10836.884622326841
10821.904576925888
10803.75205866916
10783.130709984514
10758.803469813356
10731.439619727782
10702.48609712872
10670.401334700822
10636.179736786398
10596.846543011467
10553.549476209591
10508.91913795285
10466.424054700823
10429.764826250685
10402.310057458235
10381.362005521572
10369.126227638822
10360.123191670493
10357.416996215637
10360.784020589628
10370.96914024731
10388.533262504046
10405.111433071426
10421.156185008098
10430.55993762939
10434.07973025069
10430.605912101753
10423.128568380744
10408.182883835594
10388.975692177912
10368.514534155678
10356.647242795829
10357.021021008091
10372.18716527427
10407.336576545145
10456.60907229784
10509.361708126678
10550.468542554576
10583.18664521697
10612.2400894198
10633.312390681254
10646.477562402273
10653.352765780983
10654.09977196157
10649.387862516138
10638.623349755355
10629.001268138789
10624.363372094303
10634.675902040392
10659.603702072061
10695.846889045104
10743.703097045109
10803.54397355859
10873.239555270178
10951.774821324085
11039.468022319372
11135.90627774255
11237.505814706165
11342.912745241883
11450.762598002679
11559.450375650922
11666.981977812655
11770.929807086912
11867.607008018851
11957.263109495943
12040.385005432603
9893.478338917812
9986.266466619956
10077.134246778682
10168.259502054127
10256.721085379038
10354.979613875803
10432.011173954183
10486.25104830716
10557.909763979405
10617.372912247396
10669.86307361714
10723.041267602188
10767.024538341691
10809.371589775867
10848.404767870168
10882.180444326754
10911.951535870161
10938.739674956996
10960.65966631181
10978.736052485474
10991.288500485476
11003.990287840286
11012.66106829686
11015.646930847754
11014.279827036364
11015.06435503636
11020.239911760917
11019.475754421052
11008.03852416802
10999.874194798278
10985.17325621751
10994.67512618297
10963.218112594717
10984.894717031704
10949.564997319278
10969.436134708616
10981.416491592892
10951.055249636724
10951.622581567659
10941.134231413584
10942.922700168026
10937.966787334219
10934.126092247388
10927.794345319271
10918.696148594725
10908.722748674089
10893.93672394954
10876.319996217506
10855.644191304338
10831.478982847744
10804.957280296869
10775.224251115731
10742.432144753446
10707.953885210023
10671.081069210028
10632.0362507385
10589.346869180154
10544.426820991532
10501.09037927445
10463.769545210038
10433.316241239918
10413.260843364107
10398.100015205382
10390.272195771206
10388.796725061606
10396.144284257687
10412.470032902871
10433.29226707654
10455.914841518184
10473.824427771215
10486.201345567657
10490.967177726387
10490.680370530295
10483.198253587245
10466.243136485478
10443.559218927112
10416.176632515359
10398.805508386518
10396.858507721729
10412.63660168719
10447.623991275439
10494.566702580778
10533.80474295799
10562.480987414565
10584.043635901042
10598.574864466878
10602.558847583583
10598.352079345503
10586.106809201723
10563.443031167182
10535.132397589237
10503.387883395968
10487.747026135468
10494.617466324082
10516.666195237245
10550.485754244713
10596.819698889907
10656.057383078522
10726.240396904861
10806.578392180294
10897.700737361432
11000.149035803079
11112.272286592059
11230.540113728355
11353.35994932126
11476.255909638705
11599.03186268072
11719.805523266143
11834.92068793092
11940.58636432774
12034.618678471525
9915.5976344851
10017.867115782872
10120.908897660498
10221.065319510511
10311.520671013503
10400.147880173208
10496.004325329151
10549.022037029186
10615.642586764989
10683.750676366493
10733.994892062765
10786.819171648574
10833.146640394101
10879.53888072545
10918.734932835905
10953.668625112026
10985.211453415759
11012.61331344337
11036.537341636656
11053.7484892777
11067.41703349859
11079.33261713964
11087.766293139626
11089.28280497397
11086.706816891128
11088.3284170568
11090.611336421716
11082.058527427675
11063.027830378414
11056.551398571704
11047.076366792608
11038.857384583629
11024.37759895828
11024.40431236272
10998.624052500796
11021.618147617199
11025.956623814243
11008.139401025415
11003.818162654541
11002.21468295827
11003.073951400067
11003.284128062762
11000.782880421713
10996.803620449333
10990.598061084413
10982.107765112021
10969.237793553817
10953.708941857556
10935.181490188908
10912.090458354578
10886.759082465025
10858.20262671353
10826.0895228792
10791.234646851597
10755.059390989649
10717.711418934428
10677.779307182944
10637.695455983703
10595.126660370268
10553.607372149374
10516.049223431452
10485.98259021651
10462.554097112028
10446.635239979922
10439.059015179177
10441.25904248887
10453.488073881388
10474.142629660499
10497.708817550054
10519.584557881397
10536.44375826796
10546.82652684782
10551.966275593353
10549.691507841868
10539.302404891132
10517.98063686351
10486.176904973967
10455.804975620966
10436.26288157767
10433.204027147782
10451.911748911203
10486.550555226859
10521.975706785059
10547.624606232806
10562.82188970819
10570.238664769364
10566.196891775333
10552.93691478129
10529.011069345448
10488.626439136482
10436.079807684953
10389.089202497627
10367.840357669265
10370.851185061794
10389.635464509549
10423.980760785671
10470.263836978964
10527.734588785672
10597.806256951342
10677.828112951349
10768.052908758058
10870.886772537167
10986.966568647615
11114.57557744837
11249.987290939425
11389.13955709317
11527.092834970805
11662.862388765592
11792.363870173824
11916.466516493252
12029.57354339253
9932.688523341618
10041.166987259574
10149.917321692774
10258.428795301552
10354.45384029203
10425.1856944752
10568.596886192856
10603.015207179451
10682.056358975271
10754.631021614587
10804.590307511542
10850.821159263432
10900.02892685122
10944.566432624117
10986.185248954273
11021.685140954287
11056.384963181386
11085.870782563063
11109.00853592375
11128.017798150846
11142.308247099325
11151.291486769172
11157.359933490545
11156.678331057323
11153.256703263432
11152.00806924243
11149.271940376006
11133.950353818756
11115.133327097385
11102.29543715845
11085.501897528666
11084.579463921815
11097.776563965745
11080.485908624127
11087.426178731046
11063.500133488611
11045.358974969473
11061.18730796381
11054.631464664177
11057.367593530602
11061.835900706188
11063.742846603127
11064.680777778696
11063.461256954266
11059.402681696643
11055.361574356953
11045.424861738647
11032.377224171854
11016.218661656581
10995.49468903827
10972.417132419949
10946.566540750107
10916.82049613179
10883.09161477111
10847.875238565
10810.582971513475
10772.343054152785
10734.239072049735
10694.15240553447
10653.869607019202
10613.825669328362
10577.550968461946
10546.113548213834
10522.29808891422
10507.84259151153
10503.55877105733
10510.994319139383
10527.648071221447
10549.467274685187
10571.00878499433
10589.843279633656
10603.949241860755
10611.462454603126
10612.062495881757
10605.852291263436
10588.697526975273
10558.978669408483
10522.960297284437
10490.105298066854
10468.71723513744
10466.11318923856
10485.47203084542
10514.75396944274
10537.91890985494
10550.857799215635
10553.139541194636
10541.99110074043
10518.921337110645
10482.590335996123
10429.059915623977
10355.413356900674
10297.371900528517
10271.383447455999
10268.418176898733
10281.170653393005
10312.02747062964
10357.862161887264
10416.62602337201
10488.220026011324
10570.607111289944
10662.631851620106
10764.505920774689
10880.136416980793
11009.556349929255
11151.066551001793
11301.730862837678
11456.712004818619
11608.49483805718
11753.216919295752
11887.143991749967
12015.319142967528
9956.478437005222
10075.88079744055
10191.30372277827
10298.777243770346
10396.193888506466
10509.717966432632
10615.480443680644
10659.161846292664
10745.415623693792
10809.626514490614
10871.682604129128
10917.248838234671
10971.102596429919
11015.340584941805
11054.838843738638
11091.300464039428
11124.415723648948
11152.535675604093
11174.119661453704
11194.62832880726
11207.946373108061
11216.64925706321
11217.52579271757
11213.423301575102
11205.9203054854
11202.030227200463
11192.069522765123
11170.305685773048
11149.319561773045
11131.067169081769
11108.590366720273
11114.608361939296
11070.63769225053
11164.115406034412
11170.82592159907
11079.655975891743
11081.483260672714
11087.303610567178
11102.236902598881
11101.947249619945
11110.978787469547
11117.434862612026
11121.433229408845
11123.283610055281
11124.406257799346
11124.27638674657
11119.29054494181
11110.271123783481
11098.66412322675
11083.377943918029
11063.068059406134
11039.676857991872
11011.474364231974
10981.579758427215
10947.819307720085
10913.217533915333
10876.148585915325
10837.725645614533
10798.312579464138
10757.172188712153
10717.936322862544
10679.06432346414
10643.368299464135
10614.730376622458
10594.27320268315
10582.996369345456
10583.095192007735
10594.297811873177
10612.301441633092
10631.38985573865
10648.798274490626
10663.20791814498
10673.536653197749
10675.405965543388
10671.372386189825
10656.542080986648
10630.81357642993
10594.810481076354
10556.068352730712
10523.637660941808
10502.617837709651
10501.243776192532
10517.932790374638
10536.720948134549
10547.394617939295
10548.227988511891
10534.728579744056
10504.464805804753
10463.37704598414
10404.787722240078
10337.964642854815
10269.599767501255
10221.208170240097
10204.17876127972
10211.411411897148
10235.055540409048
10274.045294168951
10332.3601082745
10404.302688876087
10489.079042124104
10584.278788920928
10687.874348319354
10802.15304337212
10930.392322981643
11072.753106591146
11227.678454891946
11391.489189132022
11558.282417612216
11723.81631228765
11873.671763654362
12005.695483878597
9982.337132150264
10109.502844896386
10230.49824470986
10342.668881549238
10448.492883181367
10550.553699927485
10667.369332740986
10752.704796927515
10809.68486840419
10875.924528870506
10944.197097569988
10985.650772264285
11040.887819518168
11078.990383051845
11119.178810352365
11154.945834072569
11183.581106072561
11208.953133792776
11230.134801279819
11247.999680440436
11260.623128160645
11266.256823601056
11264.919399461163
11255.503297922289
11241.808380756498
11229.11157926426
11209.834745165812
11183.159616139892
11162.708932606212
11141.956206005183
11120.876918507762
11120.612140839381
11137.195105160681
11128.585495683954
11129.567332709856
11113.41409750261
11122.327315870483
11129.475934751303
11135.579956067384
11149.452372533699
11158.831208673604
11169.208749000027
11175.18234141972
11179.569422165841
11184.081046678803
11185.579102958589
11183.582871611434
11179.661408637345
11172.83405403632
11163.582115715079
11150.317904974152
11135.03883018659
11112.895135399027
11085.829507911978
11056.285752658092
11024.245236937895
10987.551097264317
10949.929841637371
10911.345970196962
10871.138910196969
10831.823466290232
10792.686698709913
10756.93713066329
10724.05795438349
10697.329281310951
10678.766564005244
10670.990518186583
10672.985572507823
10684.394962829065
10699.906257989685
10715.47109719694
10727.131340590713
10736.314044730607
10740.183140683977
10737.776012637347
10724.867389010396
10703.061825663259
10669.11353398968
10628.585798222848
10591.24971850263
10560.4377732902
10539.87588207257
10532.128273958551
10553.424680207281
10556.718127730579
10548.839113409347
10548.719277746139
10511.380843974111
10470.683059860101
10417.700159181368
10366.79429457515
10297.5393003368
10234.174151227999
10194.997764196902
10190.322564979266
10207.563548279788
10241.083487580305
10295.607006554397
10366.374570181339
10451.174005388588
10547.117464735733
10651.138424455952
10763.842736222781
10886.745323476673
11023.662326637277
11177.304093844541
11345.727937797907
11523.62142733678
11704.10189827461
11873.706653818655
12021.718845176183
10003.55320093313
10132.474040628615
10251.636015897784
10367.846820750412
10484.134715917367
10588.16117173466
10718.032127695486
10811.937404324097
10872.76946255577
10940.645514677577
11014.951376930985
11045.781457094105
11092.526989500839
11130.045721988055
11163.990343612852
11199.428119917371
11228.484416160973
11254.790269196317
11274.192957074512
11288.754460648197
11298.312003369247
11301.49785094292
11297.732797785771
11281.716684689512
11262.66771565417
11240.987345096248
11212.452139451867
11182.113795147365
11161.089125990206
11145.456086477432
11124.839844933129
11137.07252403917
11168.30049163672
11145.533771288756
11147.231653887982
11145.606860891807
11148.792708465488
11155.676898292579
11178.772738718893
11191.860657439938
11203.9828907798
11215.674314962504
11224.720551997852
11231.59955211966
11238.205924424175
11241.612069033203
11243.717190251271
11245.458807712923
11245.01421293099
11240.474416687372
11232.638921600912
11222.856486636272
11206.840968037031
11183.448929255086
11159.449519143076
11130.89593266564
11098.357590492727
11063.876903649878
11028.688184624327
10990.58624584238
10952.39802632961
10915.807623060435
10879.810210999538
10844.601922146889
10812.699117050637
10787.407279467174
10770.28108527467
10763.353755082171
10765.63024876787
10775.943559245294
10787.610818392655
10796.154345661816
10803.659692443769
10806.649408017445
10804.731228382858
10794.01586899189
10773.99602487008
10743.571994331753
10708.072696828756
10682.012494858143
10622.231808241464
10584.252911856463
10559.16818018056
10574.520429685697
10586.650230718908
10577.273250882019
10584.625011532364
10555.235755267022
10507.410685498697
10475.340508646055
10401.319276343696
10335.85092249488
10277.85277648508
10229.829196728693
10211.315698414379
10222.839156343689
10252.115155125626
10301.922898212091
10368.497332445899
10449.714955775977
10541.136038314304
10641.038532426319
10751.661575634578
10872.598523817287
11006.001639269169
11155.009033990202
11322.448241502978
11507.994303208267
11702.29959400979
11888.951141603051
12055.755406536191
10021.62702177561
10152.400869111887
10274.263040878643
10394.54793635843
10518.857647981691
10637.11505352406
10740.486807981695
10858.604061003825
10929.264435425444
11002.431454241509
11055.872159210507
11094.326939084734
11136.040417847056
11169.506569793324
11199.247776268661
11231.514037883077
11259.450517452598
11286.477194546802
11305.533317165624
11317.316115210502
11324.1411963047
11325.04277849305
11315.430747963968
11297.449241201655
11270.26284595512
11238.832404233239
11205.206534134632
11176.22675732743
11150.343991085327
11133.13057174904
11128.574901614404
11138.684904986716
11146.721221757893
11151.759579049307
11159.77279748863
11166.29135015235
11184.003897219358
11196.745819461466
11215.03894988307
11229.349928125179
11246.1084462238
11260.874325703568
11272.783960752873
11282.316913470328
11290.696172519623
11299.131411048707
11306.020691909653
11308.624824860337
11308.349615048712
11308.061089721275
11307.192388680829
11302.580739066412
11292.281261452008
11277.793716842032
11258.259594653668
11237.58156161321
11212.38427228578
11181.113548716254
11149.686232052532
11117.02770643813
11082.533135299076
11048.022123586052
11011.604208823723
10974.629216680238
10938.783257343945
10907.50275095836
10881.501367998811
10864.050715227626
10858.259148555044
10861.191345738996
10867.960447353405
10874.424583066415
10876.651330061984
10876.36789996337
10872.852402008255
10862.716175245936
10846.305287012692
10810.151236716847
10782.498187245925
10751.260752465889
10678.734576429873
10659.75868651017
10650.8501359988
10628.422200644818
10625.223829219358
10626.438189954519
10625.165879568929
10611.603015479173
10583.495064770577
10548.504490958956
10455.302252053138
10396.375353954521
10343.618971012693
10295.794081631531
10276.629125111293
10275.998065147316
10296.039942994968
10338.386451891929
10397.875522600523
10472.325042259807
10559.422528304684
10657.826375354001
10766.608777829344
10889.301674259812
11020.733212591673
11164.865571730727
11330.918518206083
11522.635000591676
11728.207559981689
11929.615150707992
12109.548835048707
10036.867938456577
10166.699697463366
10296.429577973548
10431.048726349385
10562.405618175042
10686.599270578015
10800.138041450475
10895.70587362483
10972.168071504064
11040.713001933509
11088.867220430118
11124.288108913162
11155.734809221838
11195.506899892804
11225.086533704889
11254.804344201482
11282.698402456568
11308.217219584127
11327.655944711674
11338.55209927544
11342.075459208274
11337.96431220149
11323.35689962416
11300.271278939625
11265.759063006779
11233.005627932835
11201.980473744916
11172.697023651293
11157.664411396872
11130.766872054272
11151.76305675169
11160.793971597013
11153.562716161461
11169.856922147897
11175.784196402987
11190.297355476927
11208.137742483712
11228.331713490501
11249.121096564457
11270.034015262558
11289.218044148569
11308.177267839885
11322.777664350062
11337.10231641723
11349.465648484402
11359.351860927403
11367.49454249796
11373.770157571911
11381.368366323608
11388.552653947765
11390.86993975984
11388.290941639083
11381.81096064586
11372.352701464726
11358.717714968116
11341.581025666215
11322.584894860927
11299.585902686573
11273.354545008813
11247.014292767286
11218.378411841244
11185.653041035963
11152.28833498236
11115.793141921982
11078.404526297832
11042.650546982353
11009.236119532565
10982.112557143148
10964.396314686572
10956.029436847355
10954.933475142469
10956.720929196068
10958.2320298806
10953.154255008136
10945.964169168925
10932.954485786293
10922.862080645857
10871.393130618046
10863.207134792407
10794.272693947758
10782.77990946472
10756.949049706243
10716.285972175705
10688.607876270013
10688.419978189275
10696.025811934196
10694.1441043772
10684.410100753048
10662.211495491174
10613.830036095656
10559.942848565806
10493.295484605827
10432.2334612232
10388.12602727679
10366.769905330395
10352.808844068524
10365.804495316821
10399.101794283582
10454.2225112768
10522.06252614926
10607.767020860243
10709.24687730326
10819.276320377197
10939.687336242867
11073.769027867027
11216.53665602849
11385.35536878019
11582.483278766616
11795.582682485074
12004.935747854142
12191.86479384057
10047.762764229985
10181.722538751783
10317.756633571771
10454.490506168127
10594.728932472644
10728.237515062654
10841.490429286285
10933.11313262173
11008.144510615391
11068.49181090088
11118.733090019035
11140.131635484533
11172.383652229968
11202.668684149088
11232.53724829817
11261.537343484531
11291.798171633629
11320.519812379069
11341.927259714517
11353.639488826331
11354.843721639976
11345.931412894533
11326.96391830453
11300.733874888188
11264.838481844548
11230.34992770182
11195.79920858366
11180.026326142739
11173.315830632819
11155.2644773418
11155.88031415543
11158.659267795403
11172.69359378906
11185.555983348138
11198.22547795083
11218.624824472645
11242.612665665343
11266.822461149895
11292.937076485337
11320.426234342594
11345.112234789864
11366.968446274397
11388.434012280748
11406.985039100728
11423.91131903253
11438.343573852522
11451.654727560686
11463.479956970681
11472.615029268847
11480.040604455207
11484.554068237936
11483.68559927521
11481.445824834285
11473.82411764792
11462.926285132453
11450.795160467911
11436.086878989721
11420.174364697887
11400.08738751788
11379.97296952422
11357.223276046025
11329.683282866012
11299.787277903284
11266.447265685987
11231.622138431441
11194.076176207804
11155.129039909632
11119.541969903286
11089.023654039687
11064.641121064255
11050.709274977016
11042.520947777972
11038.986525473447
11037.560338367977
11017.271564361632
11007.330997337056
10982.108171416337
10959.870364437797
10931.583730406062
10896.867557145153
10884.139134610647
10850.848339194308
10801.257621051569
10779.95750918796
10779.740410461563
10779.706495560691
10782.370830380663
10771.27362882159
10744.263103709782
10718.212271871547
10672.817792604299
10597.923618678855
10541.05262202699
10486.52064267885
10455.413121554338
10433.050027249818
10447.762355032537
10491.302849771622
10551.04645215704
10629.595332033336
10700.93168914516
10799.889552617002
10910.868777498836
11026.753730163386
11154.233056076147
11312.204875560688
11491.535734840625
11697.12407835055
11919.198765456022
12120.368032480605
12298.704474325168
10056.434636031401
10195.679426015697
10329.83460701727
10470.270477026694
10619.32677851963
10752.5102295369
10871.171875540043
10959.45047507379
11019.656748062807
11074.977134582441
11119.105048579302
11151.848376560454
11178.877979496072
11204.176328491354
11228.491784982725
11257.33211899842
11294.022198021987
11328.742920031407
11352.086646538468
11363.263045032974
11362.667505020421
11352.268044012555
11331.871655514915
11303.241295023552
11266.769226538469
11239.308514034536
11207.928733536894
11188.111811023555
11168.524508069095
11168.12242105182
11173.225425058095
11181.859251565162
11194.22181857616
11211.678013076933
11233.447325574583
11257.367839061233
11283.243868037687
11306.779708037677
11332.47032103296
11360.909014532197
11389.748455546316
11417.800243054953
11447.03552007537
11473.530753605985
11497.862284125615
11519.45019914917
11540.056561171157
11557.133440194702
11572.0546532214
11585.013653246526
11594.053585277936
11598.973405806988
11599.185165334457
11595.669970361145
11588.82053138785
11579.025986909051
11567.460003419255
11555.113063935736
11539.624440445936
11524.133137951445
11504.524402959294
11482.364612464786
11456.477867469497
11426.273539469497
11393.325595973423
11356.84906248049
11317.430102486767
11277.807419979705
11237.199612464792
11198.545980937306
11166.550567891769
11139.660391356447
11122.74303126851
11110.570345246524
11101.12698669549
11095.387364604423
11068.2036007426
11044.919258839953
11038.773084723754
11012.885446726897
10973.452198708052
10934.242765737894
10905.055264301482
10887.205912799138
10877.794702304622
10886.81409529991
10885.841472314052
10875.048854304623
10850.529228799132
10822.821036704918
10769.702752263795
10704.59630478028
10650.839616251236
10587.118148288915
10546.8936747583
10527.694170795992
10540.270283337602
10585.568738323476
10639.693133309323
10714.403797781859
10812.848666758291
10920.554157309329
11028.466495879205
11146.946297907467
11282.085264414542
11438.62762296557
11620.082764023675
11839.718902467932
12066.995258896473
12256.861304414539
12412.988180924753
10064.823348548358
10201.183464887035
10338.53647962887
10479.075405435411
10623.657623451625
10761.05260669357
10879.748604629072
10987.667531596417
11020.62443298439
11098.330574741827
11139.617674064488
11167.009708758065
11176.309223112949
11198.749581467862
11224.093155241942
11260.682698322446
11304.553024935303
11340.967131628873
11364.66879625796
11374.007652467648
11370.18759570959
11357.457084677342
11332.970314774284
11312.198969016019
11280.473961354692
11246.421895871019
11219.93241474183
11198.846911419176
11189.299684806327
11186.36994320948
11192.383589903067
11202.497939628876
11216.290421016012
11232.351972128978
11250.727765387142
11269.918394016218
11287.959334096944
11310.279040242145
11332.550370048673
11360.793378048671
11390.255146548785
11422.798193500312
11461.892280161417
11497.51602829041
11528.891317725822
11562.430466999795
11591.22893698357
11617.26348999959
11642.673509080094
11665.542846644486
11686.24569772499
11703.457514660295
11715.008607047232
11723.10480322448
11727.118365337228
11726.349279659684
11720.601414191835
11715.076784175602
11705.499827465806
11693.155749868965
11676.907101239893
11656.865499304382
11632.527062336623
11602.603380610795
11570.820962126927
11536.38624440111
11498.532768401106
11457.616660191416
11412.448889368861
11364.420448901212
11318.175265401318
11277.240510949887
11229.519242934075
11203.541523466622
11174.268901853975
11149.010419628059
11160.19635146662
11150.138258015402
11120.643555499082
11091.796709176626
11054.12187348285
11033.106596659884
11017.617999224487
11000.771920111525
10993.572446934078
11001.137080659886
10998.541614966518
10982.220113192438
10953.898421482852
10904.01765209571
10871.375803095507
10803.45614299897
10735.630031660497
10683.265991579785
10646.7291833052
10637.577424611627
10658.092600902026
10697.810644224694
10749.348187805299
10821.138907643879
10921.01001477264
11039.189892579176
11167.885995869387
11297.433072466018
11437.981610030401
11612.014512691523
11816.089122642843
12024.544504626625
12225.31344612693
12412.383454998147
12573.392961949685
10073.262333530765
10208.990581286344
10349.812267562877
10486.324498456728
10623.628885414808
10765.028615318457
10883.686295871536
10996.091726340768
11036.986328952677
11126.638812836718
11135.157487266726
11164.960833479025
11174.565307999997
11184.98863680999
11223.599397723461
11265.37278941481
11311.266042829615
11345.397369723461
11369.320569967887
11374.039180064232
11369.725365787686
11358.149218893843
11341.246450881335
11302.479877735968
11271.492111459425
11244.193802585185
11222.031976308652
11203.59447858519
11196.522829350572
11194.173059382687
11193.405422096352
11197.53999508654
11203.050761247112
11210.522847407701
11222.300574918845
11228.217226622699
11251.145055600398
11286.604627832312
11281.769980410398
11297.10423728462
11331.20941081539
11387.636036886739
11397.92970682789
11460.034353388073
11526.040935202502
11550.209849864426
11594.500810713653
11636.438187562875
11671.530559434425
11705.05060613557
11738.565204219412
11768.748827473639
11796.372382354995
11819.880434406718
11840.0498835646
11854.923768722481
11864.50154501864
11870.362075964207
11871.323665803633
11868.360981057856
11859.714282344205
11845.578611939207
11825.562250704585
11798.488951502084
11767.498460916897
11732.197970087283
11694.34449408728
11654.528063502083
11608.828217778631
11556.856506949007
11502.73715163055
11443.931333057866
11378.836758665355
11353.31290044055
11327.588006460166
11280.977787899981
11239.751945801916
11233.040413725168
11205.788962959792
11174.01230978941
11156.324468915176
11156.690034690357
11135.321454201512
11127.260427179208
11122.940074561906
11120.222014510167
11110.41977340402
11091.001615680558
11052.776035564595
11016.066659860757
10964.55423102402
10894.519850895565
10833.09184971267
10784.642341957107
10767.950417211323
10765.579942497672
10776.97357893479
10804.655434021326
10851.546783011523
10934.68713598921
11052.33909290268
11180.18337547536
11320.591548144403
11470.196675205945
11625.698838949007
11820.414870872271
12039.673011296894
12244.648931734002
12431.574714692091
12600.472699502083
12762.873264672467
10075.833844
10218.407112211244
10351.389337249282
10485.744486287338
10629.126945038042
10763.633630035212
10877.79242078591
10978.36725243384
11055.272455959122
11108.247012111293
11150.556452645083
11164.43199089155
11176.41124735491
11195.341112885872
11223.070729853498
11271.696261390112
11319.909595425335
11347.413180140837
11363.319805642255
11364.205018498586
11360.551480767703
11333.46634861554
11309.472697724006
11280.600918046548
11251.181118046545
11223.924007759211
11201.98763268596
11185.738576938078
11170.288744978963
11156.926089090251
11144.00080191705
11131.236508779053
11122.88256678472
11117.008064860805
11112.722552438303
11108.165903048182
11110.503265235551
11111.36701856659
11146.960680719967
11202.973021724
11236.655348597342
11274.99872140593
11341.739030580335
11404.61934556497
11449.778013294643
11489.718005724004
11531.729612052208
11598.02695709026
11662.33460790004
11711.926612322546
11757.570805530951
11797.446419384454
11834.22902595345
11868.054448059076
11900.341223091455
11931.390896944955
11959.870921297035
11984.614470898407
12003.625087784283
12018.039188277195
12025.548293092652
12025.52886826585
12017.528340617944
12001.888631720729
11979.147795146062
11948.239690500974
11910.436556929155
11868.233038964361
11823.218126108019
11770.850882108018
11717.739485785474
11659.961297140399
11601.705872776976
11539.67578365031
11482.353879872906
11403.277037233478
11350.083872206778
11332.577273103983
11320.417089103998
11301.4216766815
11278.810407866025
11257.63389825332
11249.683204358946
11241.27942861108
11230.95470854066
11218.47777418291
11210.386019754733
11189.651099220951
11158.391106253323
11116.504847320903
11067.270986282863
11012.449982101141
10954.384943350444
10917.688834523651
10907.01222613069
10898.296429063113
10899.568159532158
10935.631784992693
11002.634941374316
11100.641649544697
11211.706415661654
11357.67372837715
11511.256577151733
11679.79529167986
11866.916203779809
12074.163198237518
12275.720838671346
12467.230642389688
12638.684639679857
12809.943013644646
12971.415229785474
10070.23065355984
10224.640251320467
10356.688662144777
10478.366900389956
10613.483336301178
10758.984389961406
10879.112084295368
10964.080575805012
11047.081646936305
11110.76056040157
11150.05929172784
11183.16825911968
11195.52660857913
11222.83229208878
11252.799186038596
11290.617565843604
11332.034480579132
11357.620450534741
11357.777419420861
11336.558033766429
11326.161004306974
11302.967886942119
11274.865263722037
11245.305078942118
11217.410999432475
11189.8101011931
11163.049478173802
11135.481642669969
11104.166648141021
11072.2281614171
11041.712140058044
11014.144304554204
10989.995350610203
10969.05266759672
10947.368792092871
10934.021437841897
10939.513133841887
10951.25205802526
10993.893167189344
11043.355560843767
11116.355722480796
11172.78406327813
11230.403746722208
11274.681965339922
11259.461573660235
11385.679843722035
11460.14601718729
11558.472346675771
11619.341320129417
11684.225810457574
11749.366352401565
11808.371055125484
11864.483319214276
11907.37213520267
11952.498973831993
11990.292530216138
12026.011238700703
12062.82210162541
12097.44041635513
12129.804229814581
12158.912230978662
12178.403558287515
12191.500961301004
12193.579876119518
12183.58945035308
12162.789080102091
12132.489736291274
12095.206038725628
12050.496182040297
12000.973868770016
11946.405837260376
11886.769403026803
11822.058149260367
11757.318110631037
11680.099883310577
11602.317977934094
11557.077611405162
11510.73064526618
11476.289950447666
11420.74960372955
11383.94087974116
11366.972411551986
11349.659187268226
11337.278153324223
11324.104246588693
11312.396246204531
11299.428849719989
11283.488443959366
11260.074371173643
11228.786128048145
11188.133090287512
11142.964844131122
11103.620743835752
11073.280203451599
11049.073468828065
11031.074693797163
11039.11386138398
11087.481961661942
11174.863956787434
11308.103710258489
11438.448780681232
11564.429405739109
11725.125500273862
11922.304180268053
12128.104428947583
12336.93760651903
12523.667682229468
12698.949876090497
12865.992492492063
13017.129693851115
13168.095692107905
10083.914517302459
10216.312984171105
10353.171276350942
10476.375130903536
10597.37548780271
10739.621916890457
10870.763624350948
10964.911186184196
11038.275540368399
11091.101447074645
11130.345136008713
11171.365962329131
11208.892609833245
11244.716266210366
11279.433731126992
11312.628667298093
11345.400481833247
11361.531934004357
11370.855316412017
11323.48022508774
11293.534225960742
11264.420901403799
11233.98748285119
11202.295685574907
11166.21418192584
11128.997730096962
11086.358081890954
11039.207397684957
10994.238238763966
10946.335985110542
10892.719729255485
10845.23849632142
10794.035438821666
10748.132147155178
10723.062310624387
10708.676656602569
10714.829450058707
10763.73385447944
10810.307610470722
10886.75208161516
10960.92600028652
10995.050867369893
11070.905979312192
11164.440108658273
11250.091797618516
11345.463160307321
11415.522027210864
11487.163037215236
11563.110065952016
11639.991709035385
11716.48528995202
11792.775954517696
11869.119449087739
11942.89755803925
12008.870129894312
12060.860297911764
12101.274476095954
12143.14526592048
12182.66247174501
12223.006049389704
12261.170202665999
12295.125111951013
12329.051264516696
12353.4506367227
12368.603048209363
12369.737514788125
12357.109782814303
12331.585967011582
12292.588657564178
12249.12215593693
12190.994382480792
12134.47702724376
12057.391330094964
11986.184427910746
11919.6073088361
11860.348789033385
11803.437550480798
11749.377819936926
11687.327888081869
11614.344811713476
11564.496426077501
11528.53415113908
11475.458144713972
11442.138158683447
11424.056854297596
11405.09376556953
11390.571112301957
11373.66870083275
11353.403288644186
11329.611702288887
11300.888059214223
11270.128293766822
11235.331343043123
11195.91769631068
11170.871933064918
11172.841656731427
11221.843317494386
11316.708527020302
11432.458402370758
11540.144237239387
11671.985165744009
11819.654791208857
11991.864989958733
12206.71952034894
12416.38462834894
12597.765366129846
12776.324971936927
12939.92781665628
13093.591745564168
13239.567265169608
13368.111110060054
10116.272154794598
10238.818453424035
10353.047784026741
10470.347148008921
10590.956982602693
10720.4100474956
10853.827354272376
10957.045195366096
11044.561669249975
11098.098139584748
11152.570964687395
11207.69810544188
11223.285468026741
11269.303547089257
11309.624611714251
11335.335194013373
11353.328549691963
11386.081511116012
11313.55427918311
11282.36118732152
11246.972058401872
11208.223291321527
11171.105175772427
11132.356408692074
11087.283870834952
11036.699105134066
10981.055971120695
10921.40482818769
10857.79916800469
10780.44373597794
10703.899846884226
10635.206100107454
10562.646446544997
10491.815241415607
10436.100787237061
10423.305198656664
10469.006113625335
10540.786101504753
10615.784707986859
10698.266586946622
10778.893584866164
10878.158529482222
10981.79673208492
11081.333991183114
11181.095479790267
11269.400805794729
11351.453681187566
11431.257252571493
11508.821244580417
11589.583323348263
11668.467830263464
11756.219340866162
11844.898019799177
11951.485223687501
12036.57031031695
12126.351757736535
12198.767688392727
12261.312181973015
12305.106889383685
12343.891857834598
12380.715506285509
12420.881502598
12457.493349522105
12491.795917678348
12519.627750606916
12541.820923084568
12554.92880725865
12552.303446972903
12535.844566696062
12496.222661151434
12451.251699937122
12385.046073629092
12318.61135549513
12240.563785673665
12174.984377508503
12118.849561820985
12056.996661655838
11997.185588093365
11937.375052727271
11886.581727044213
11825.143243495128
11762.788937021927
11701.037613499582
11639.012354722807
11596.155622852311
11554.739893602331
11524.589057272024
11502.568243405978
11474.559189548854
11446.064398910486
11415.489959526567
11387.38310876763
11361.052791414892
11353.01191761125
11376.402952129029
11428.294722178056
11501.569204347674
11611.868329285157
11742.390664642335
11857.290518620051
11979.591517700399
12136.726747722692
12310.337065744978
12503.254233066502
12685.919044718357
12854.14140853536
13014.074357455014
13163.109283294296
13308.32909066933
13440.800318044334
13569.00905051308
10137.027462293408
10270.411402337253
10392.8540562192
10507.500300241118
10608.472938704872
10727.188650293414
10844.538419330507
10936.264493706585
11061.824532389539
11141.7069765649
11192.427934337247
11205.863736350708
11248.458419006733
11280.616216971343
11315.857795374359
11320.500393163602
11328.471556384524
11309.578531320483
11252.028946524493
11219.00197459024
11179.859351973057
11137.908048318764
11095.052880598698
11046.370038760586
10998.01641073868
10940.815898371053
10878.403816532948
10802.850673548128
10716.433257482364
10623.116314173778
10545.294016011874
10464.823610129934
10358.162275079354
10247.109240094549
10191.820960440236
10205.410354322194
10275.647640401417
10380.242933723486
10499.701936060737
10627.650683133237
10740.623366573353
10849.799510381097
10966.365402858311
11081.018845475504
11187.448489843118
11285.038231313614
11373.213636784094
11456.14954698983
11539.890712394554
11614.59627719556
11694.316845173635
11761.036632416479
11841.961918188827
11934.878747462033
12040.52429812307
12162.027746403008
12269.830966210742
12363.477774775645
12443.647109782389
12503.363082347278
12542.246739927381
12574.076192662615
12608.62335045688
12642.519062067346
12673.724994413045
12708.195356273078
12731.374273809328
12746.25871002351
12753.495301117917
12724.67872860188
12691.792471372508
12651.542871240992
12589.235728278094
12514.320937166776
12450.164611674372
12392.789128799159
12329.123241880101
12255.349684085835
12208.43203024772
12155.084126247726
12089.765405945865
12026.106717622075
11975.71497366592
11926.436971525945
11878.917175937415
11834.024109429818
11797.095224694582
11762.358916348872
11724.302544047016
11693.047958708048
11670.822426817642
11655.727678559619
11663.923551014916
11680.973289264497
11738.88873229314
11831.06357369788
11874.260615251027
11966.490656804177
12067.525911158322
12160.450373320215
12287.803742944154
12459.84597989358
12636.224065188697
12795.903221836263
12942.588796343858
13079.558746829527
13217.57917180087
13364.985789831248
13506.43186907407
13640.796469117922
13763.946203625514
10160.859267056272
10297.580188399283
10419.814555011675
10538.654611970967
10630.449044782996
10734.12687208919
10858.04282228883
10940.820822215202
11058.09673468602
11165.893333992222
11212.603637771324
11230.333483069735
11235.344653844957
11270.068603866202
11294.936184160717
11261.407908087087
11317.874823935621
11234.304182891341
11187.07951920142
11151.304802300197
11095.570461916475
11046.465135732404
11002.052024809927
10954.631229120008
10903.211792736292
10845.543345621954
10781.130409813813
10701.925934197541
10608.839234891326
10512.71199843398
10441.134114360364
10372.905427025136
10275.166713860512
10167.538778585462
10116.584659988643
10151.982320327763
10242.540150186185
10353.66731898264
10484.705069137686
10624.268431027245
10766.897578732729
10912.00608085873
11057.333271442098
11190.690770911118
11301.438663841378
11400.734900077834
11490.41601150226
11572.829943000324
11647.545939073942
11721.238126837481
11790.39206533166
11856.554254099086
11934.594198246341
12021.436543633958
12125.700802335552
12238.782669715372
12358.68502648281
12477.727836858729
12582.37308133165
12668.330376963502
12728.993266011988
12771.133450440298
12806.289865864725
12837.360361672872
12862.220338248451
12892.033384550756
12915.32626973094
12938.590704639952
12950.346618808464
12945.027516048802
12929.690728550755
12892.675224787214
12840.954477835701
12786.359420256238
12719.59191814578
12657.500696256233
12597.942273023662
12534.10645498686
12469.470173909329
12411.813005023672
12359.974091370575
12305.960808374468
12260.604546647744
12218.058855386145
12178.015075002426
12142.809872153572
12109.292874308609
12077.430246781529
12053.77893228738
12038.258273320294
12035.951512140105
12046.063097217637
12052.012761985061
12070.617106413381
12137.325525173044
12203.065544463665
12229.184935149686
12281.497752610921
12360.408521378347
12457.028288891983
12602.53665873692
12760.251307798892
12899.021810366685
13031.826713126335
13166.086179694117
13294.634279502257
13426.064293657313
13565.302078616602
13700.475518114654
13832.217138763866
13947.04727680068
10219.165324684545
10344.92356672202
10465.152482722027
10568.688062169109
10664.552377063286
10771.318989930121
10889.766899631395
10976.055764401019
11045.688153539239
11122.22094966886
11186.795222936707
11211.570518503293
11217.504240747337
11207.355138991385
11201.926875673926
11200.837475955457
11178.874378047592
11147.001469559502
11100.061414946846
11035.156467315443
10993.0525939281
10953.829880020246
10909.346619987853
10865.816374264301
10822.091839586836
10772.6536742643
10712.881333462276
10637.666169950382
10545.98329062279
10458.354676682531
10386.557463359997
10338.679138807085
10297.700452129618
10260.069984704809
10246.51214798988
10263.930265952396
10324.064612901253
10423.932661822779
10561.606267546318
10716.008227698228
10882.581430126578
11049.831494766579
11211.56590380759
11361.91728466429
11492.25398629062
11604.713187179746
11702.653090930631
11784.686029174678
11852.148064990368
11913.300701976703
11970.632066497208
12033.760767852138
12104.95852689822
12189.071509207082
12301.315073705307
12418.44642471899
12539.901894963019
12639.938430193404
12745.392939580743
12857.673365000497
12958.790084718974
13023.96780316961
13061.084670367585
13085.730952708858
13106.480397695173
13123.044721022772
13154.208361585821
13154.480058474917
13157.816145521
13165.132776111393
13148.531591862273
13127.536252631886
13090.611062225813
13041.440907700235
12977.846220502273
12900.183477640494
12831.900052903293
12771.245502659229
12708.886584935688
12652.994494073922
12603.530526106311
12555.848333553404
12515.415652816191
12480.8724612172
12443.990429986836
12406.610312014163
12382.687737152395
12360.025660480002
12333.284589705312
12329.870325608099
12349.519312599485
12352.696128567084
12360.609601271892
12390.146282290625
12425.900209834923
12452.133978636957
12480.226930788856
12534.862209553408
12626.606983331636
12751.115785456197
12880.085861336709
13002.17288675646
13120.568422051634
13238.962114300753
13357.819949346827
13485.29837716253
13620.642358485064
13753.819672577207
13883.244676024296
14008.092293812646
14108.071694614679
10348.897477264996
10439.252492692402
10557.0987920704
10656.65340025517
10739.057426573956
10813.001622992895
10897.37649808461
10968.21494015093
11034.94791031877
11083.247351208789
11125.852760351263
11145.137519039577
11154.484261022655
11165.89272097325
11142.076976132645
11112.113098971895
11075.509766433148
11036.077705660216
10970.97428915531
10921.369518282212
10886.615592887283
10844.665727458523
10805.72876107206
10765.563587492368
10727.597752332978
10682.114632182056
10633.991819442956
10580.99806435126
10509.381298032473
10443.266202789848
10375.42403463892
10328.879806672754
10304.473233413199
10295.48351906058
10313.190585582415
10352.815899633177
10423.368679414569
10529.871680439937
10668.762169061942
10834.985924726243
11025.726626693766
11225.553669652807
11417.522578813565
11593.482461738771
11746.623438647082
11867.231764848759
11976.036934680924
12064.598622092766
12137.698239151992
12197.142413975678
12258.319419151987
12325.142812211212
12394.518799992598
12472.968274967221
12562.38163809276
12684.520458899533
12806.089941252154
12911.313319891073
13016.015896546909
13109.71845607584
13211.301531974314
13323.840306160462
13381.77061150597
13392.091363438289
13404.351052799371
13405.064661757067
13412.569092950296
13393.498184898177
13396.295448091398
13390.151087099868
13374.701424242325
13350.901858225414
13325.648920393258
13287.82780204065
13228.895346730314
13157.680373184478
13080.606700932018
13008.108333671102
12943.616142040635
12880.059398964499
12821.200295115428
12770.453522308657
12725.079436291737
12686.177706274815
12649.24062128328
12619.492826274807
12597.25278748497
12570.103244947568
12556.962400947566
12560.656551300199
12563.585677501884
12568.093388476504
12587.594229317117
12597.596515013902
12608.69846992084
12630.980395130988
12671.811533803746
12757.714917384794
12871.622844242323
12983.092967956036
13089.746443232507
13199.487061618973
13306.111950576676
13415.656436963138
13537.824290391894
13667.091457215596
13799.396784374985
13927.46433032422
14047.776572861614
14161.64881704637
14253.460975617607
10557.125944270141
10623.63063376255
10699.89514432945
10790.970348538242
10865.780022777042
10912.416645224635
10946.2285412243
10975.016416716535
11011.153264149143
11046.840582447592
11066.653164865347
11082.31834271604
11089.758667641385
11096.852037581564
11077.172866745874
11047.920566178793
11004.120409760864
10944.395488118978
10881.36170462639
10829.516150835356
10784.60989358156
10741.489486148632
10708.293148805351
10681.974857492081
10658.439752447419
10634.228883790864
10605.653081791032
10570.061836806024
10533.59072546292
10491.189610149646
10460.51907656774
10433.825197702223
10415.464201194802
10398.733511194638
10410.225902328944
10442.654388119983
10519.688955105157
10636.87656737394
10802.731032747382
11016.742617135824
11265.152713016847
11511.838944539588
11733.581589256144
11922.197852838217
12083.601797763564
12213.332417375459
12313.125532151484
12406.726540121672
12477.413456987357
12540.475873047013
12605.241491644076
12673.624853853042
12741.17764409184
12812.732471196316
12874.834154121498
12990.592622807882
13181.50342474872
13283.710328480272
13368.730087883036
13450.58310271873
13533.901129494763
13632.804937255802
13712.793440360285
13727.298502658748
13719.106267673567
13711.31500238995
13700.351537255468
13690.988700509428
13673.61958516598
13659.284537762876
13631.304367553916
13601.141363195653
13560.90021534478
13520.367597135824
13475.4120454941
13417.624531613583
13341.896917792714
13253.586753494092
13166.411322598404
13082.449415195311
13019.670498747553
12962.411910866867
12915.503009971355
12878.492797016166
12835.810697553417
12811.774564120657
12791.530909523586
12760.725494448932
12749.275161911697
12753.627404180319
12742.956144359283
12744.049554120487
12746.861372956177
12744.173525045662
12747.081417194808
12779.15644716515
12860.828225941514
12963.856260986351
13065.744107344457
13164.489856329448
13260.748609732378
13367.745328747384
13478.363776747392
13598.417957523583
13719.147166956347
13836.462735523426
13961.991200896533
14077.983874806872
14189.440865523247
14289.43881800084
14370.803495523083
10833.135985435205
10876.002268282995
10931.211592989494
10975.828044619855
11024.046478185017
11054.441350087181
11060.274487902367
11052.285996032762
11034.74938741311
11024.190572228239
11016.86033721731
11016.57373704337
11007.197125521641
10993.05309269551
10979.33520532593
10959.495658456384
10923.637383912923
10874.246001369473
10815.283796815122
10756.717699282504
10701.691408869447
10648.039963967225
10608.966383391133
10581.117560901985
10560.412448978059
10571.96519830422
10575.106976891213
10576.059167097788
10577.088727771741
10560.215611239182
10552.822848543561
10528.613732467486
10509.370091206634
10513.38302294584
10554.951477880706
10636.236574598195
10767.591918033082
10969.656425837595
11214.215736239872
11484.321460185565
11744.733934000746
11982.37815508766
12193.906605305012
12374.889285707206
12516.191127294136
12625.676272304969
12710.988104207121
12779.949374174466
12839.586776315737
12903.060016870091
12961.471549902686
13033.28223375052
13125.799774598403
13197.978095674553
13230.253250522328
13323.006922228778
13581.369176511442
13758.881381348554
13827.388036065953
13869.596238489787
13926.099371652781
13973.661646304856
14035.013414261317
14045.176475293934
14020.175321609131
13996.88661222867
13986.633083022141
13980.019260228677
13962.712488630845
13930.064108456929
13900.719757413433
13868.442857489521
13822.998741717754
13774.367436837325
13722.55278586992
13669.979978750358
13598.288056435144
13506.82452659819
13400.243813543835
13293.459458880752
13206.020566282867
13147.965494282878
13101.810377956783
13057.103634587205
13016.632503239394
13003.770749804622
12980.140598608974
12955.009330761131
12929.459427065463
12916.780707924125
12894.51597111977
12881.96928765234
12859.810214674064
12850.695752989275
12871.404531500186
12944.142955217627
13037.286792978499
13131.077534967619
13224.027162239348
13318.198815598029
13416.907876804558
13529.187770489349
13649.46192057633
13761.568387521955
13872.039780630636
13982.213220934951
14095.288995250172
14203.468979174097
14304.788186119717
14396.29136194579
14476.407529141448
11160.070300313353
11185.003914039582
11201.7275325167
11214.115758271546
11229.144376923396
11238.959040782553
11226.58694274602
11201.702024641716
11158.133517572605
11100.967424845068
11057.807309494267
11017.835005595938
10969.935812490308
10918.804473314267
10870.177511689704
10830.599825134246
10794.371160784773
10748.28820464394
10689.728699194107
10619.386495538296
10550.770855780822
10492.884712711719
10444.33230026585
10421.844955097702
10422.323189308969
10452.799547999995
10485.34603896743
10520.874137867075
10564.891668417251
10585.661171694985
10616.949261455098
10641.06979459989
10670.502677611774
10746.72278506952
10871.36700780499
11061.230501982362
11288.891058360452
11513.636837807622
11744.589656910626
11975.382614772425
12204.111150874087
12422.124968493372
12622.933576250849
12802.614334146536
12950.277884250849
13057.221877046184
13135.187029463435
13198.13162708799
13256.275022642134
13323.19330923148
13415.946613682616
13518.098472097234
13645.180587064664
13763.983176757007
13826.854229033408
13879.405180170295
14033.267393604277
14210.430690936606
14281.180594947153
14299.543457599
14320.7112810748
14337.803317656231
14363.653113724009
14369.283178412385
14347.995467309396
14316.463553757894
14284.499748274182
14264.240388962564
14244.09890961706
14211.95811134328
14176.087447896105
14151.00404444892
14113.608659619698
14065.206036894779
14003.028835721365
13933.787525374544
13858.985334683515
13772.96499589082
13662.938301064241
13542.289917995142
13430.346237786514
13360.024522852967
13300.050112128061
13251.716673747345
13214.239679710801
13184.86421432878
13151.089882396554
13116.540090154042
13081.645725702896
13045.924851976662
13008.266504146115
12968.372452281685
12937.323479627194
12945.761516631152
13000.425585150078
13085.317827564693
13174.056811288283
13263.87284242516
13351.99958425307
13448.541866701577
13555.28872366636
13668.734628873674
13780.795185217867
13878.779576010558
13980.828332665049
14090.29383456074
14193.655398560739
14294.512585009245
14396.89919952552
14481.839133731504
14556.155026352113
11479.258380133368
11518.555856080893
11521.014901368952
11514.81666911568
11499.852240133368
11479.199983151077
11443.833215635961
11408.347155234384
11367.201889007338
11297.485510928607
11210.521043181885
11132.015609365597
11054.532136689042
10980.336996339953
10909.465726292037
10846.161001964603
10783.07757391213
10724.818301479718
10664.863764361624
10597.686728584078
10537.502826758631
10491.133072479111
10465.795353872149
10461.646807064404
10477.542720130004
10503.440212562411
10537.297667348495
10579.350212361613
10624.376817448901
10670.885265723846
10725.279142505358
10804.645943435171
10915.237880871551
11084.263322709514
11286.86306817671
11501.070139617666
11722.108598351268
11951.137946879498
12184.961676220053
12413.969318372932
12634.574211966763
12843.259812599965
13032.178535006133
13203.443072145892
13359.67997913278
13493.517689613094
13600.324722067162
13690.726589835554
13776.594368939928
13877.47037708824
13996.130237088226
14099.011171642713
14234.996154079694
14359.400127451052
14421.56129248585
14457.25385858625
14531.350647101957
14585.76661756976
14712.462320059225
14711.426527321048
14682.749954181294
14671.771172714092
14677.040419805948
14669.910897124828
14644.254295731793
14616.795815731792
14581.762721578896
14558.027291679296
14538.75813874034
14523.572219827613
14499.694638032983
14468.990279478501
14419.374646644515
14365.096604849874
14294.139274622845
14208.350446242926
14117.978353282284
14029.61349199422
13929.81438406837
13817.492602950275
13693.807844797397
13600.974401282292
13530.53669637414
13467.12190022583
13408.214682177917
13353.581066990242
13307.701163221856
13253.543566946908
13194.98846439243
13135.929873383888
13073.024328855667
13013.875067135188
12997.856403283491
13034.526171484285
13105.436437405551
13194.519361278923
13279.055711178517
13362.806380444927
13451.57848996461
13547.527186471161
13656.799027379318
13772.994078925243
13879.653196318286
13970.980785003958
14062.999925711323
14165.699712497408
14267.426907715897
14368.308679030219
14460.145519335987
14547.115750248704
14618.227911335976
11791.578659916428
11844.245220434808
11866.176909034002
11860.121675398033
11833.243365584145
11792.951674377611
11744.096253065763
11683.388190086189
11622.789526216016
11560.599140127051
11483.017601017644
11389.439970798849
11283.250029276387
11175.668519980885
11080.276075495181
10996.736182216016
10932.768178945022
10882.490207366282
10840.371363172002
10801.54344176301
10763.933622345845
10729.234800434817
10700.613968839716
10683.31304284789
10680.635283965457
10693.94539037854
10725.305855382612
10768.209227576896
10821.88953227322
10883.561713163828
10962.972506945029
11070.880202345848
11230.870356094354
11446.217167964533
11658.659106458406
11874.25560858006
12111.573317357179
12363.861034344925
12599.440334247789
12836.186189113876
13076.094923882803
13281.550414085257
13461.694548789754
13624.89282441754
13771.566476239605
13905.245970717144
14042.20203803623
14189.482820092511
14323.736179703948
14431.728506311309
14537.375474732544
14658.985540546448
14734.599545064833
14841.21273308117
14925.850911283625
14944.008476838797
14970.151794458412
14985.532710442058
15056.511748984965
15037.164781325417
15019.203257309076
14998.378169908261
14982.790794426648
14964.942782426631
14938.469075333589
14908.78706543889
14885.62082322011
14878.62825079885
14870.50010590825
14842.740117244619
14795.901675868328
14742.103655787527
14681.796173083028
14613.567004985889
14534.645535593241
14450.484252597329
14363.67829489692
14264.794773180169
14169.470508273225
14071.755462281391
13961.6304515769
13849.085778977722
13753.12970639488
13668.594712710808
13589.076531043087
13511.193483270057
13437.544821197436
13359.587469715821
13275.750271141158
13190.872549262815
13098.097909894692
13040.784044679982
13048.953499562413
13103.178879044011
13186.380157035841
13270.997680242392
13350.491003546056
13434.350868339527
13522.641250833396
13620.255123529721
13734.205713845658
13849.124625440752
13951.032747141158
14039.159991351786
14123.907568663628
14220.061784469348
14307.200142866088
14401.023440890596
14493.987907206538
14580.137379789368
14653.602248582836
12045.775419265665
12096.404769090972
12128.139367913733
12150.588054425112
12147.885302723807
12138.689317326309
12115.008198660456
12064.43880011105
11982.578972576892
11897.069154893368
11816.161352627569
11731.386838918712
11643.618439371872
11557.741258103502
11472.274536718687
11389.991417042715
11312.173843657896
11237.108534402192
11177.233686751577
11130.98934264778
11099.483533275634
11062.331362893368
11015.611532407318
10978.547659630123
10954.723367306098
10955.26627359724
10982.429885144084
11032.338392561789
11092.84578501495
11157.29133153901
11232.986503784596
11349.509789480777
11561.719538257974
11823.233884381974
12026.82933923007
12235.845047450312
12486.164067100945
12746.12726470601
13018.206785911032
13295.201098467973
13546.617710455299
13743.234006376857
13909.937108435086
14069.77051527051
14227.53744952364
14391.198494222393
14551.069345328739
14696.722637794563
14817.965923749005
14918.42965655154
15006.07470763255
15101.533722169283
15183.386845171844
15246.486761521213
15297.842028976942
15305.121131579443
15328.34524814906
15380.152730880698
15365.174967850377
15356.885518012386
15335.808414594678
15312.769991176967
15276.92064307318
15250.324549830155
15217.864033376994
15194.05420262002
15195.473957235197
15186.082892341547
15143.898709868168
15081.141545090977
15015.855542009973
14955.643018009963
14891.76498978972
14819.337694139096
14738.976820883407
14653.57110327833
14567.273023278329
14481.351693207427
14392.584437777055
14296.730477427678
14190.588014566922
14075.297449427671
13961.805782242882
13852.582188442917
13744.404281141658
13645.123756468245
13544.744298551821
13436.387114227786
13330.9901057873
13215.633173243026
13103.746953825306
13061.6254044405
13090.40624350882
13160.828070356925
13246.394869101227
13329.136620182231
13414.446283146783
13504.426722344244
13605.642614098659
13702.264247470812
13805.410142680943
13910.570604635388
14007.440275845525
14082.948414032886
14160.358209346807
14231.942366627838
14316.05435989621
14393.116040012668
14478.40616618735
14568.982758420265
14643.737685151907
12200.40461598547
12264.96345413429
12320.536230030237
12373.34068462754
12409.274978062502
12436.252319594263
12439.61516458074
12429.23472375558
12383.892731371627
12301.868436663011
12199.678555701532
12100.449809513193
12011.971804214532
11934.981312045951
11854.205319468412
11780.92448032584
11719.044579644258
11667.094882105244
11616.935655027199
11566.83822952045
11514.190578650516
11450.34373964426
11377.909230072975
11317.926548020943
11286.581947131257
11290.807467299834
11318.257519812847
11363.233040020947
11410.940362417401
11454.557004437163
11511.86968587213
11638.388871683783
11866.137451956427
12190.307128846129
12467.437045247803
12701.869687421626
12909.894229290549
13216.859964063697
13511.949240232272
13814.858513939878
14054.280012056428
14247.84212255694
14406.535383855597
14578.789335414367
14726.363346194768
14866.771384896128
15015.893506467415
15149.613393032436
15264.042114539196
15354.688299123998
15426.184286130236
15524.765134546455
15584.546575637003
15629.626034851368
15660.471623572477
15676.31336897517
15685.728214338349
15713.493664742062
15704.118657014711
15680.946989391385
15656.69353192416
15613.914282625512
15572.432109943911
15532.41505425609
15499.056268645283
15500.373009398645
15478.817134808618
15421.268483737833
15345.752045413174
15273.188823737837
15208.120755497468
15142.239558270616
15063.31302856301
14973.473335913688
14889.750254374667
14807.419760971963
14731.096321348647
14659.723937484967
14580.635495088514
14491.684269445446
14389.4770241468
14270.760980900166
14142.04782397821
14010.832706815883
13889.13816445895
13766.20221936841
13638.528205492228
13505.544581804388
13377.313072713849
13231.497103519258
13111.660451519252
13088.242596337157
13131.43096460979
13210.278837772123
13298.02568915506
13390.524655135298
13491.63938330389
13589.00793933616
13694.865845251858
13797.207420979219
13883.180147511986
13971.12543069409
14048.019901980231
14098.98281183141
14152.711233818918
14198.670223189358
14256.940581962488
14328.416395469249
14402.441924976003
14479.171674410973
14568.078462819918
12306.390515219762
12382.227057108874
12439.798812739253
12507.195239065084
12583.38376026837
12642.77321874888
12678.386926210907
12699.479277975472
12706.714547017247
12684.611733564852
12635.122822754493
12568.444931419806
12484.087155493733
12379.004182512217
12273.942225456776
12178.820551655248
12095.18485498309
12036.43690638485
11991.89217929246
11946.083102163087
11881.104455749672
11804.793932354725
11735.248789860554
11687.910342384865
11665.886351137779
11675.304780502578
11694.356440959797
11718.275210095999
11747.34652511448
11787.063829181563
11860.538600341068
12006.105883796263
12256.564101597789
12594.716086491717
12926.68289975528
13236.369487224132
13530.417480441101
13795.199174773748
14094.306914337038
14364.283236334246
14562.49855852587
14730.76169390032
14917.146647345893
15075.646412636765
15203.15961819602
15345.639607265133
15476.422311809933
15588.737658532715
15690.604296341065
15778.414225093984
15855.760868569669
15924.108203137774
15984.09249718157
16025.64797092283
16049.555058996746
16064.112606015231
16064.668904059035
16049.174476059037
16035.200083541553
16002.828968677757
15956.852363171929
15900.857850271175
15836.290736617506
15790.791606950166
15778.319129289644
15743.507471421035
15658.27646132381
15576.98032139091
15504.584850298495
15443.234071817998
15350.876915744062
15268.908915139007
15180.566050466849
15096.430663965839
15023.688455058247
14947.916708113691
14880.92537498432
14808.679910674953
14737.425040261536
14660.809810903556
14565.927449088369
14442.227111501794
14307.977677767354
14170.270250674963
14029.77144939774
13883.461070762547
13726.384448053424
13565.902945868613
13413.940930554425
13248.083894030133
13132.228836443544
13126.135316214939
13174.95116828887
13253.520129949371
13357.951659152655
13472.096389787861
13591.397759670137
13700.578488725587
13795.411230991158
13879.03993899798
13939.487132517475
14010.083570487332
14053.57001343873
14069.009580390113
14086.176396854164
14100.679082824034
14138.59969996706
14186.265616498204
14264.146943059473
14360.538807429104
14465.307140551631
12443.34670595688
12532.66591674825
12632.745499408076
12711.340655144966
12798.323625697907
12860.182727198415
12913.508515251873
12950.305439042204
12980.7596753053
13009.13875325393
13017.063184045313
12996.426721443058
12951.732486368048
12879.666721475973
12788.375248398901
12681.799680189244
12574.145328135797
12478.902581948736
12407.765098709257
12340.627776970301
12269.69282720668
12200.551582865475
12142.259289866503
12106.560122972362
12090.885393130637
12085.431643235454
12091.42629865581
12116.293973656837
12172.2565435808
12263.96740016459
12413.723900065954
12658.645508966278
12969.896050680582
13309.414627860424
13616.354690696993
13877.534421878896
14135.311931930271
14406.53874269285
14674.844175798717
14909.620465586995
15099.610566557181
15261.887622766822
15427.437231634256
15546.977998499598
15650.828205364953
15781.58504441943
15901.228707313574
16008.081071917884
16106.389065101852
16189.095077759608
16255.982375547886
16307.721648152197
16341.5053562303
16366.055030150128
16386.117413307373
16397.692344201518
16393.931032990826
16373.394092148068
16319.736102145995
16286.290881804794
16219.700867066866
16133.193967802727
16069.905023144973
16031.4963250648
15986.544035272396
15895.889846585851
15780.402901796537
15700.545517479979
15611.318029056536
15509.735853923965
15425.69649266189
15344.369689792402
15271.929004661892
15205.101768924986
15140.980921479975
15080.042417928089
15012.204491165496
14931.790371165502
14863.865378532399
14793.281603769814
14708.152400690677
14592.159353586874
14460.028076929128
14313.754693928087
14160.937834902397
13989.243184111016
13805.465870820168
13633.458106820166
13467.07962237206
13298.967610240514
13187.93792518809
13178.738694240506
13227.9978572662
13306.593013003097
13428.6156344255
13565.125135716371
13703.526350585846
13809.7982342693
13896.18803663722
13951.383306635165
13981.98618442344
14019.92975350051
14041.123067473789
14030.345236156209
13999.022548916728
13979.43775065156
13975.205024649506
14017.814672727603
14106.181625253812
14234.724093151053
14377.041662232245
12590.996986963888
12700.562859429083
12803.963116232102
12909.178193980631
13004.821496532168
13096.047693004926
13170.859374565669
13242.273302850626
13296.333953417285
13342.214965087012
13368.131873544662
13374.733916081103
13368.424469349324
13353.054257814532
13327.7005265798
13281.45179917993
13208.565010496743
13113.678349183218
13016.374728695358
12914.26173812872
12827.485736365088
12757.72625364086
12711.823093483283
12682.825844027277
12675.872630075872
12700.656909407779
12759.559750480665
12857.172376986906
12996.417690727874
13176.337046089997
13399.488565332278
13636.744910157948
13882.131260935028
14126.91240319406
14364.599704822744
14578.905803562076
14830.927151404489
15081.003857663512
15293.257642669421
15483.580534392007
15641.035971690428
15776.019084666128
15897.615588696332
16005.460570137242
16112.178526625095
16220.92678245996
16325.238719915964
16416.089330805327
16495.67756201741
16562.721617387077
16615.950774993107
16654.367830520365
16672.425850850632
16684.30984925969
16688.73255951117
16676.555831196005
16656.959309612612
16609.575553305003
16555.5370512262
16511.3577182807
16424.17290820191
16337.347273492785
16261.792290618527
16200.950009830602
16116.57202314413
15976.909628930407
15859.589604300061
15746.523776480302
15626.132085313526
15517.317249913656
15431.701629936302
15355.337168487844
15288.088843062047
15241.666266251472
15208.179995181868
15159.188490071232
15097.658145087982
15037.90406234865
14976.967717538086
14899.827000247213
14818.026214018384
14712.775245553188
14573.17062234111
14415.33973356073
14270.293449598488
14086.133773756075
13893.702928877545
13715.062701695657
13556.187509538082
13395.70176649114
13289.168867759356
13263.547491294157
13291.812647782004
13388.303987609332
13540.140442153323
13689.424512712401
13819.355158648723
13921.272017215371
13993.45966745929
14031.78279306533
14038.210986191072
14037.733198528891
14046.167008630342
14047.059208780367
14003.915504750163
13943.879766348655
13925.435220292515
13957.357771331917
14042.36578300919
14171.94005566217
14326.936904795475
12674.342172368408
12788.562104046105
12908.690219280674
13035.33835613251
13160.09549916564
13284.602593554177
13399.304650935577
13500.109466411843
13590.646654699674
13666.4895710278
13722.506745819199
13763.429570630746
13790.929465220732
13802.715357750283
13806.568453065418
13799.461598440968
13779.29360301081
13745.201798573478
13703.853891632585
13660.082074510392
13617.25106579106
13579.125662078899
13558.957666648726
13560.811934855985
13587.353830009968
13653.097901607107
13747.273299184104
13861.279907828677
13993.03997873512
14150.40738741999
14332.40850640701
14511.292610965189
14719.036250562334
14922.389189503228
15104.592691517551
15305.549069819695
15528.713685249859
15725.148087546193
15869.583286285662
15999.396102239538
16116.79712255601
16208.466562268171
16308.99554255019
16413.456539845167
16511.496753295483
16606.45511587964
16693.79558654436
16769.344695148655
16832.32572771266
16885.280586216242
16927.840448719813
16952.363981243536
16959.53412952555
16957.79160208955
16947.741204472288
16922.870729076574
16889.606429278
16828.930533600294
16763.60998208372
16699.395114889463
16605.62760935275
16514.66221294988
16424.346161715323
16325.076801669216
16183.553888897943
16020.439265093555
15874.916353617271
15733.058219476268
15583.615793041616
15452.533197398363
15366.589874290497
15358.356238716668
15277.835847476279
15244.328531556843
15221.349049979857
15194.089046469111
15163.391653703678
15109.698369824539
15058.375079482103
14990.671250877815
14903.470651079231
14790.31030109938
14656.415438756943
14489.260964650399
14331.934189059095
14149.46266587064
13979.193521824527
13825.569812172791
13664.968178756943
13535.148330279342
13439.73519153404
13407.656279252034
13443.74613024488
13565.553479257862
13708.04533052689
13835.497529957043
13936.471909387205
14028.056957870649
14098.774655649075
14133.168081830358
14135.396641508065
14119.61153176993
14102.155002273517
14094.668385703677
14096.17727403179
14083.024709473604
14065.96356996287
14075.05440515132
14138.300332903775
14249.56109354835
14374.086941018817
12712.702787976792
12830.124322420306
12986.848050661101
13155.83927224297
13330.59957344261
13479.251871670713
13617.011713778418
13747.35674462955
13863.43748630643
13973.757950785854
14077.044952367716
14168.182685590567
14243.396137759555
14297.8975049465
14342.592272133443
14369.18893280506
14375.575810745955
14379.649422650946
14376.734731753379
14369.381454053291
14365.529150030088
14366.996354509509
14375.983566365896
14398.431437024832
14450.141180427185
14523.282658655284
14617.786151421926
14731.690954416663
14863.97212938602
15005.654611493723
15167.50110054759
15333.510906006879
15481.210715178946
15628.16965891495
15784.690565956109
15968.143090553756
16121.788393282317
16242.849110598
16347.902797710958
16426.08367191368
16511.425652105885
16601.99770245221
16686.806746690832
16767.164175265265
16844.33771605511
16916.44395607832
16981.416994904073
17036.588891550316
17084.11982692728
17124.281111142693
17155.818045178596
17175.197524124735
17180.689220124746
17172.71752841196
17153.644219717127
17119.63547669918
17070.87378680688
17012.423721896645
16944.838817824842
16872.414876219766
16777.925028004356
16677.67155799165
16569.428525273608
16446.45649018386
16277.210947645333
16050.364396815217
15825.0860201436
15669.41144081088
15457.05233410553
15315.97673467997
15239.419760834091
15204.69075228287
15211.198584116042
15219.46949072856
15221.8803818437
15212.127744359022
15195.776954851128
15157.10620392819
15118.444871115134
15051.64722395358
14972.888253702258
14857.041233079239
14718.716323784589
14604.057626492111
14406.666701032816
14227.27625700961
14069.41394151224
13930.643421391833
13788.974583835356
13671.89469547633
13614.955497609422
13623.688388509145
13706.096575432086
13803.006383334905
13897.73752364533
13979.480905081415
14064.824998494289
14144.360310014868
14203.887428625196
14242.770069320031
14254.554362781491
14251.507802350687
14246.752745345417
14245.119426878686
14252.258701586208
14260.340431550314
14266.54147744261
14296.122549298998
14341.59304206563
14411.060743429916
14491.667650830088
12694.850100631804
12884.895693283186
13093.638120203083
13301.771913907483
13497.205283754796
13684.741118369311
13846.818901051527
14001.553901886422
14152.297611129005
14277.823457492297
14412.198213797674
14557.236590551336
14686.056464717563
14791.21549296879
14873.881160995865
14935.625257525397
14986.896400153448
15014.856011942844
15042.65313434675
15063.494273450175
15082.49363301543
15104.722467881169
15140.54349779617
15187.425877612644
15257.956806074471
15343.650351948869
15439.163903222267
15539.38598885898
15655.070226244461
15774.912085463715
15889.592692907107
15999.344555915763
16104.389250924418
16228.149909287706
16356.88473550207
16462.288051896205
16551.792637254606
16633.962380711542
16706.4869054246
16782.082256908623
16846.469907231294
16911.1893681414
16970.02350268823
17024.42592549981
17076.474764311402
17126.26001606018
17176.287081459188
17223.282169921025
17264.633745669795
17300.614532243708
17331.194986118084
17349.900018566375
17355.710119754796
17353.52449059346
17331.31452657991
17302.91039555773
17251.413577405037
17191.18901436931
17117.24451764272
17038.77694588041
16942.59704070553
16830.123407768326
16716.929799333586
16601.42393122526
16377.747295144036
16141.929087681092
15846.561977393001
15552.287902322678
15366.470465928542
15215.969678465583
15088.445028631817
15069.893179259867
15085.518078628054
15153.007723843548
15227.595604529517
15260.117399422335
15240.328304637835
15213.326382906343
15188.186477928539
15103.530204610746
15019.703882709291
14928.611370498686
14790.120316685963
14637.500335395256
14456.63298878073
14292.336192556599
14141.103648794284
13997.033893004882
13879.079494974052
13811.289207292968
13821.32174105152
13883.267176800298
13936.06416827078
13998.403234382844
14062.245437629186
14127.386706063931
14196.7878905393
14255.49044558857
14306.843386974047
14344.061418960511
14373.72849806393
14400.058600440774
14393.424863184657
14420.739724651372
14438.10957480406
14454.496032230163
14482.457010382852
14519.801414647613
14562.210241934561
14609.942810382847
14659.875779754795
12587.168400376002
12847.452156913088
13175.914046199287
13530.593996856493
13716.351627844451
13993.567345747018
14208.574288910306
14395.051457068505
14626.607927281912
14773.286657051496
14897.136745712989
15061.685023937738
15184.492425096738
15280.672072149733
15379.116560401344
15463.15223452713
15524.552890951156
15576.702921229597
15629.5673831038
15676.089559024636
15727.681180124273
15783.482751349715
15844.511007833113
15906.802363793533
15980.925266382932
16057.465379601315
16138.106836084706
16227.174281130654
16306.237776514405
16382.145731163168
16452.371946122897
16526.97342018933
16614.08198055964
16688.70575400984
16768.722357896768
16825.952792313736
16882.636157975932
16944.82986603529
16995.950221631058
17044.50221482965
17092.93060775686
17147.545264220447
17202.768180743435
17249.133952783013
17289.267263392205
17329.776626928593
17369.84874623319
17407.929558716583
17440.442490484776
17463.82839637877
17479.944860186537
17488.577103510936
17495.855069232486
17491.215562312347
17482.46580702754
17449.120931703153
17397.23591216676
17342.242767451557
17269.31408559715
17191.68188872932
17089.372298795744
16987.582607584416
16875.58636493566
16689.84410882258
16533.454373093962
16235.791222849439
15850.016171386531
15506.255149902441
15323.079657060065
15227.149191140605
15139.614345498194
15149.758487968866
15205.666230730698
15296.329065611266
15356.34667527346
15379.121504319395
15366.31782132577
15306.801082524355
15251.786474623303
15180.035802431077
15078.917997908116
14992.673803239559
14854.164120192218
14674.76369529892
14498.058504596454
14323.963385000687
14178.45939337102
14045.540653351236
13972.218871298915
13984.89773635898
14022.784852166762
14067.17309313354
14108.422004438136
14153.428628226131
14201.523513133543
14254.591412980903
14307.00241955051
14358.363887378073
14400.969511609874
14434.655582391497
14460.500026159702
14480.92652331871
14513.535503861473
14558.822967999993
14558.248729212704
14583.305373458628
14620.334974804187
14665.792691841685
14727.047067146268
14763.80518797454
14801.114030544137
12566.89480245392
12857.377327743096
13349.629097188954
13931.371639193567
14467.016710511576
14724.627496995468
14398.794455291514
14809.578377715465
15113.749759250037
15281.350401851407
15433.19116683297
15545.803741756943
15638.66031543896
15749.75620826384
15861.32513259795
15953.705511255786
16032.364643344488
16102.288803031137
16171.551792639431
16237.739244237353
16305.200658806483
16375.27436336525
16446.385515140595
16515.235840571455
16578.59447000234
16639.70867655072
16692.85603523506
16740.960749135964
16790.772073762702
16835.756869183206
16880.984383731586
16932.235203063377
16984.007847690104
17027.097893815684
17061.13968099079
17102.27681714748
17139.442519518445
17167.062534536875
17202.707974693563
17251.409494625586
17295.755310202767
17331.718033623278
17367.367470495396
17401.429657847933
17438.193312730422
17476.61699121083
17514.470467210827
17550.736693691244
17581.903488171658
17602.62470280876
17606.729278004612
17599.512777759213
17597.712992777655
17596.91647463134
17581.169127414752
17557.414965179727
17534.627682740786
17463.66607583756
17389.09952879839
17310.22648779032
17237.732628526508
17132.914333158988
17015.257739994246
16864.857302918208
16691.563585800694
16480.708322197017
16216.693709762687
15928.969315563401
15642.07657674887
15543.873022023072
15470.254328059928
15490.152004399795
15519.569181141727
15549.127909324896
15559.348963559918
15559.580649398631
15542.402217508068
15464.612377644022
15368.796587299548
15266.512437670506
15174.748848620977
15054.35177762904
14915.636286385947
14717.427601895164
14547.50230915899
14351.33171546198
14159.54038981221
14081.336928913588
14080.96327503342
14106.395654385953
14129.75534596313
14159.593596913597
14197.394699012671
14240.861022276506
14298.845526856
14341.270406187781
14382.286391080648
14430.581450208527
14469.775459884797
14513.75561501267
14548.157692464287
14572.200744354835
14597.33803067857
14619.499156620965
14663.966956662443
14688.329498474668
14748.907682923971
14821.790349729257
14842.922314829499
14881.719647190097
14926.480333602543
12902.029473079048
13386.396409792615
13893.639693206685
14366.038324739682
14761.076090683106
15015.376188403192
15170.360395327058
15307.114083547516
15516.803857058745
15738.360168449602
15854.744046613501
15996.785543034093
16121.446892121836
16234.108765653371
16336.212933244387
16426.62753356056
16507.473093923138
16588.161948835397
16666.61599977086
16737.65445975926
16804.1032808354
16864.001643373464
16923.11322622771
16973.006855269035
17013.4469719478
17045.21860463814
17074.79360896592
17106.4873893053
17138.144244965923
17165.009325224077
17187.68078337636
17211.174444768665
17227.37279635969
17245.611321050033
17258.474427892674
17268.788819483678
17282.753618033355
17310.918773682373
17343.435257635967
17367.046948490206
17387.051161554744
17413.60733427992
17447.77372882959
17488.72689102828
17531.406064864386
17568.98530632632
17604.916138314722
17638.022769577947
17664.264780841193
17682.347600829584
17689.957572467
17688.78278196373
17668.11031905149
17654.14502012763
17637.629004455404
17629.19382733285
17605.661239765046
17566.04382670051
17506.028185261777
17431.854615518496
17355.2441053082
17260.434997331402
17156.798198044962
17040.14208683974
16902.775086920963
16742.57992339957
16573.989759866578
16410.53820469616
16257.32769213344
16167.739047863673
16032.402213560556
15966.345906671508
15915.464362204497
15870.503952603343
15829.468434686009
15774.705177891228
15734.220130546775
15638.032594453958
15520.196689003627
15389.219689366204
15263.339619857863
15155.274890851346
14990.121739367649
14794.777769986948
14605.666344875986
14387.330751390858
14173.89370435098
14133.8111786773
14123.057340736763
14130.03999019869
14129.958885415515
14144.66453223495
14195.975265380715
14252.22747414068
14315.656713052937
14352.530779988389
14411.448232339368
14443.926540678738
14509.236244994929
14537.561108339381
14565.963073473518
14587.539094596083
14624.255455332852
14662.222707614215
14691.169639205218
14730.437217064544
14759.072489064536
14862.1683248876
14886.523115695425
14957.761710677303
15023.74041540247
13557.947892307726
14054.118881366958
14549.672580828497
14953.540429963767
15250.885164404084
15461.862241671108
15669.880534143704
15840.907638143697
15984.69310538729
16138.096484073401
16286.951310721495
16419.359942967298
16545.379433643247
16655.197727846607
16753.776722314782
16832.854255355014
16912.78390502875
16986.206040660043
17052.563517842187
17114.425584820965
17166.749857880204
17213.105777511504
17247.09366179532
17270.34234246685
17287.366761975252
17306.83188636296
17327.758234627778
17341.888730523875
17342.899093663575
17345.32535174404
17345.834439763035
17348.12434157869
17351.127276311665
17346.348613229005
17342.866293616702
17353.224952576486
17363.04054447259
17378.619365900522
17388.994829654723
17403.90086165473
17422.845178675947
17449.282755186556
17487.02839906366
17536.838114165337
17585.338587451362
17624.088330023435
17655.6097127374
17682.1758326145
17701.288936491597
17714.41806114412
17721.92303998099
17721.82692720557
17719.856615309465
17716.08205092176
17699.414737370906
17684.636069739616
17654.435648188766
17631.4557735977
17571.53667337091
17534.218451536253
17463.807063536246
17386.702569843503
17292.84246272281
17192.081398561895
17082.9229954412
16967.20784289258
16852.47335034395
16735.120374164027
16628.267498655623
16523.292728717082
16424.513695799746
16334.861839553938
16249.657337123797
16161.983605672423
16092.98811261318
16000.025081606545
15903.747708301511
15801.761426297082
15678.794475195406
15540.42920886915
15406.59959623564
15273.294697417768
15099.53191631168
14935.847638193198
14690.758409180824
14459.809477502662
14189.780303527412
14103.219681891678
14076.440625220152
14039.050538847026
14066.138645088402
14094.644564179922
14145.689298563215
14228.803937626864
14292.203809012375
14336.703882770991
14436.52917578206
14480.508072718381
14513.802086874886
14554.098995205568
14575.394168775412
14592.764344349685
14601.748530855875
14608.727247423514
14648.892884936336
14700.508400983192
14764.697516359847
14811.567169370916
14891.250272661367
14978.321970855875
15063.396750921747
14533.802603307427
14923.513498970045
15286.992529622825
15562.232217641358
15760.982119828579
15982.787354462824
16140.334745885339
16274.968075646379
16398.588660254754
16546.247343950577
16664.80100967225
16781.533116105755
16890.775892616854
16996.557120163663
17084.240579911195
17156.32341738041
17219.123024623033
17275.282856169833
17324.623036577475
17365.664447567637
17396.686870001147
17418.903409800412
17435.7669609913
17446.620300538103
17456.79910717235
17463.006504136647
17457.663223786905
17435.697493107116
17417.71942865393
17406.14764065393
17397.873782731513
17389.477473974126
17378.432856556647
17373.607038530783
17364.087561572655
17363.960256608363
17371.082234025867
17385.27256506157
17401.187969365747
17418.778623948267
17445.415208705657
17474.214099592355
17501.346395139168
17536.311514938425
17581.099491294335
17624.17485012932
17662.150776964292
17686.548626938427
17702.66396405173
17715.29389402586
17725.496558834973
17732.25878536576
17734.751076757377
17732.969632200737
17726.378626174876
17703.94695033005
17705.928327695816
17674.965024039368
17629.909341158847
17579.098697411304
17525.59097533371
17465.65586611697
17398.47527532754
17315.04929497162
17235.421397140315
17138.88328508859
17003.167955178527
16933.469108182187
16834.87973840879
16746.909155619367
16641.599780687116
16553.916320939577
16466.306542357066
16379.799874609525
16289.093152078742
16199.652105949412
16093.549548078743
15972.42990980042
15843.391310357074
15702.1887261046
15569.713489192043
15435.011973243767
15285.942998305341
15090.004382816434
14862.220396331199
14579.067013748689
14231.926241967958
14029.057339403975
13947.009137177374
13955.690462336235
13971.221845107117
13996.69661272419
14069.54053249026
14124.615844775908
14261.86730510094
14366.785881825119
14450.096372115804
14503.706075190887
14541.488617514762
14555.186397721685
14553.47694016136
14555.919408562826
14538.710668873187
14544.276046038212
14583.126438594874
14703.229331327537
14755.135896763568
14840.81686845937
14983.996616796743
15119.180746938422
15143.506609916229
15525.930926689267
15756.95464102146
15984.464767116973
16168.276850876646
16304.255332537192
16404.786443071265
16531.18803225841
16655.83423944375
16780.36010805294
16898.394505643795
17000.047560049316
17087.699449030995
17168.576971944763
17247.66038584202
17319.744380654898
17380.603142687927
17430.734814009033
17470.53165861823
17502.16675265127
17523.195094548537
17535.882341632947
17543.25607332654
17549.47212803847
17549.392843732065
17537.847649493546
17511.664857796335
17478.972146711923
17446.01964345688
17418.438497625706
17400.168136981665
17379.23985501471
17362.688973590855
17341.01954514868
17334.115034506445
17342.987846913777
17345.323479522973
17350.05956853948
17366.13025928627
17383.50905023489
17403.287133963342
17428.210358471595
17453.995068031232
17484.731113625705
17518.827996981665
17553.119848710114
17590.27788701471
17628.237241082592
17656.35991050645
17683.02056562571
17709.8628922367
17734.441888779817
17753.95153796696
17766.294557086214
17768.815352069694
17762.223821121064
17742.218357121063
17725.395550273373
17701.710450680694
17669.21270796877
17618.230521221987
17577.12092190088
17525.37448579994
17466.0222832238
17394.162177799946
17324.82403098709
17245.410849632943
17160.202798583385
17096.754429908113
16979.31241617786
16890.2649972953
16796.499440787047
16710.716290618235
16625.05231539804
16538.572563906302
16447.82361719438
16351.809191126493
16252.083881194376
16136.487503398042
16014.388684957667
15888.957949772332
15760.840372247556
15633.747999875071
15489.515186451223
15326.571215370437
15163.184120021702
14888.076414469317
14585.446568746287
14179.263342190527
13913.453282579772
13868.01714298348
13898.327349051375
13962.412816410942
14060.762875088025
14190.76431858338
14305.2995884458
14426.822144139383
14509.239802036653
14532.121258610998
14547.526596306394
14546.831158611
14542.256462440368
14499.933004710118
14446.865668504644
14480.591730133972
14518.582332473408
14594.178751895459
14761.178998433126
14892.09345389725
15035.082324267933
15161.803377935728
15302.777243805373
16252.099529786254
16394.48083033564
16529.62440786678
16660.098036646843
16747.226493426897
16842.073822336773
16931.316391275635
17021.36876978851
17107.05568115333
17184.515883478452
17251.39940441731
17317.782311753144
17379.26914239586
17440.944881731695
17494.026929601874
17537.10263381862
17569.158829501037
17590.83447579717
17601.740920360484
17607.889633775718
17610.104872230666
17603.391941674883
17586.629327624454
17561.672509415235
17523.731251018253
17484.010358007523
17435.852177343368
17392.7392538777
17363.92590814487
17330.29955374788
17296.705704231805
17260.094029993605
17244.417916607337
17231.08344954619
17210.459593604144
17208.501885257574
17215.17759656444
17221.896647712514
17235.30334784233
17280.982639350892
17331.091305054746
17375.08627116312
17416.284826123425
17449.772834975352
17492.97715249144
17537.4304950762
17577.80479384873
17611.121952274683
17645.016671740348
17686.72416632512
17724.127591870172
17752.338094989274
17773.2736558412
17788.07856154506
17795.01290567487
17780.93474151609
17782.63602246886
17751.228518180244
17724.71096999247
17692.814789775723
17652.764133587953
17604.43981686585
17548.142709558975
17492.543450569705
17424.176450598687
17356.18837072851
17284.731312966695
17206.80189920489
17128.399662352953
17047.119049038563
16968.19452866303
16877.304853572896
16796.277055998864
16710.160661385133
16621.458434237058
16523.21797215766
16418.116501731703
16305.94344434543
16193.295054930197
16079.876584128688
15967.602400446274
15854.136978150127
15723.255536041761
15576.690757240256
15421.559773976289
15222.963331434425
14988.722530755207
14729.55601052341
14439.165876818413
14229.763316804507
14162.819004776662
14169.098041225196
14224.418403695207
14309.643326930192
14418.92025309652
14519.734610035375
14565.511416186644
14617.665876143743
14597.36927443988
14575.473620793971
14554.454991913073
14513.64870095277
14480.734641487106
14481.906719119099
14515.898953227472
14586.377556418433
14709.50762151608
14877.9889246792
15070.229079826146
15182.211933619197
15462.860062252112
16784.742240018488
16862.22347115211
16963.120645288145
17024.92949868898
17092.301064898093
17154.128548984372
17216.642270861557
17279.349964059875
17335.569279669828
17394.552625546996
17444.999683857364
17492.963273200097
17539.65655010962
17580.00519530794
17612.091183784287
17636.929379394234
17652.754594137798
17662.24426830376
17663.231858758518
17655.23851152366
17636.35745340083
17610.91744929958
17574.26371734273
17531.999656230677
17478.1365337178
17416.259272605763
17359.960297472142
17313.59348594849
17257.91278931278
17194.546580142633
17123.497019116876
17062.459281224736
17000.634854653734
16952.135703852065
16940.84015579395
16942.61227424872
16945.086203664527
16979.349538668706
17034.075136444633
17088.494611780756
17143.910768705253
17201.7168741642
17265.172282409854
17328.185201211534
17388.283413414043
17454.468648071314
17511.887259306175
17556.641719840627
17597.660581241464
17646.44722379749
17694.00684890953
17737.55292268544
17752.27362607968
17781.33626277173
17780.79071334272
17786.836601487114
17779.15541031037
17764.600507999996
17748.54711807968
17730.236273689625
17700.23932950209
17665.934411769304
17625.745534036527
17577.583652014975
17523.052025560195
17461.99781766146
17398.026742484704
17333.458180174333
17264.62493930795
17190.25886813119
17116.67516427559
17041.13230109884
16961.904064232447
16872.03231324323
16783.16156520009
16687.008820434952
16586.41821715695
16483.909588868148
16380.2856458358
16274.351413792654
16180.49986690469
16078.454519424173
15948.714689475673
15828.143734919664
15701.95552075369
15564.395971945414
15399.2614706608
15222.165078055034
15046.115592481627
14886.721753738078
14748.685960048439
14667.560489535557
14652.189912884882
14639.514510372006
14662.672844117995
14675.494601605118
14699.954394124594
14732.590253387636
14709.483041922074
14681.379010023338
14651.703761445751
14604.823443669826
14561.56486164825
14558.417658514642
14597.470878557782
14693.956122327101
14901.607972622507
15197.694563553596
15375.774959268332
15513.274824493063
15682.131431007714
17149.349973490564
17189.51946572613
17238.67924661473
17286.86956320625
17326.372642020593
17374.438707116613
17419.532812627505
17468.625771797793
17516.977907649256
17559.203717426455
17596.978450373943
17627.579375528854
17652.704859172896
17671.697154194662
17685.47696142384
17695.30414906788
17699.300473334195
17698.69582284509
17690.162816148535
17671.347869244557
17640.10039268116
17596.26362598462
17550.209448117785
17491.035013894987
17417.64913691674
17345.954763672176
17283.296187523636
17211.749182811713
17121.031809328982
17008.66370218683
16886.23976642239
16774.57058167972
16657.483385203377
16574.17532303946
16522.883010949823
16538.731057054843
16586.2412351291
16648.969162389047
16717.57418710096
16811.307224850018
16910.340885385267
17002.23505086801
17093.10918482449
17188.0652486478
17280.674591019153
17364.74153475283
17444.237483316225
17509.87741099101
17559.06283830983
17611.861717836087
17663.428179346964
17691.094712681166
17711.045628796346
17728.922542250948
17750.762545362348
17756.118068532633
17760.702788798946
17757.640890458366
17744.287659969246
17725.11982059152
17704.459138873222
17675.06245591036
17640.363346399463
17600.322438814328
17559.642567999996
17513.916361807947
17463.656002578762
17408.249977275307
17349.42663176443
17285.467012120396
17223.565513779802
17156.693893720912
17084.762213188274
17008.024033959096
16925.914077070498
16839.95083129329
16748.666375085864
16655.792275234402
16561.395353457207
16470.014095946324
16377.825193398312
16286.589500658243
16194.712315295903
16092.9916878004
15983.628774852907
15868.554916868285
15747.274185995062
15617.660913580206
15473.038670945163
15359.024941644318
15249.37776170321
15132.045669759485
15061.111629347251
14987.397780694213
14893.455963979679
14845.750006404698
14899.889300952702
14893.839914169119
14870.913057813166
14862.638671680012
14835.724882998831
14800.679743562221
14771.421762822152
14776.4413736391
14832.137802852907
14943.758224128214
15164.386862115454
15430.565436307501
15657.612960540457
15843.344180123007
15952.939714704371
17372.222376489983
17405.279875637352
17438.264571812797
17462.619878057238
17498.76078245842
17531.674766006967
17570.026574947326
17605.204915574228
17639.65218074031
17662.5272398374
17681.978828012834
17697.31206225729
17710.933561040925
17719.99098935438
17725.321909667822
17725.963340137998
17722.076056451457
17712.89320876491
17695.954308
17667.693203774266
17627.71763208772
17580.360175097077
17524.444458871345
17449.592747498253
17366.824625429254
17289.209387899427
17214.214997065515
17119.41085616259
16989.97974204331
16827.775651560296
16651.841484939265
16445.450479296036
16274.225152951018
16133.73993420483
16095.652879546375
16100.341533251638
16159.876434329999
16269.035657891385
16392.675383484326
16515.223363308884
16670.00979410536
16815.13314050065
16927.464996237482
17089.514582069
17187.556632877226
17282.646132701775
17372.654714821067
17455.992300526334
17521.073604350888
17568.016938494773
17605.126677705273
17650.735788714628
17670.918034281887
17690.745044438605
17701.44265944798
17708.931449830423
17704.9898774667
17703.670824074885
17688.087169153237
17669.22272277079
17646.50718515325
17619.90436384915
17592.713146545066
17559.299993918146
17525.138087673702
17489.923136526333
17451.339003134526
17409.813307811717
17365.684862018716
17317.13418907836
17265.516952902923
17214.07775250174
17161.48069246429
17104.621344828032
17042.305657505225
16979.314019536774
16904.51743297888
16820.590615135603
16738.769887098162
16658.355767098168
16565.12110026426
16484.77978323617
16403.492326383537
16325.895603148441
16243.486061042
16156.546550571817
16053.757376691115
15959.153130409228
15867.345676252495
15760.115760929693
15651.711562020886
15562.118356955369
15491.690545005651
15355.907895500422
15289.245292416177
15221.651002370701
15175.54302109337
15138.783918534376
15128.373752791675
15100.393826797554
15118.567152791678
15108.029895399864
15104.217923099248
15125.06220377644
15209.832018986934
15389.35085028514
15623.82922432846
15838.412384002171
16007.370008716796
16100.473821280582
16234.03804100457
17538.263885755514
17559.144782883253
17568.29692756207
17588.85775790149
17611.91875975002
17639.42473827739
17665.702334350382
17687.2067031022
17702.123112041976
17705.812498454383
17713.426570830292
17720.505883624086
17728.993196041978
17735.17237702373
17734.924654569353
17727.438608908757
17718.3504775876
17707.742834757308
17694.337753472624
17668.136593660587
17626.391461357656
17567.82852154562
17497.74333822444
17422.03638622444
17337.356906715322
17254.83283324269
17172.62049558211
17071.498957733565
16930.760801848533
16735.056141472625
16485.520555091236
16210.10796761312
15989.58135643792
15859.88651398354
15816.382331571127
15802.450821680613
15852.974542578391
15953.501546536427
16126.9297330638
16316.834906432428
16495.996226401425
16694.587037273697
16868.300067843047
17004.87399916422
17117.831562297426
17220.88139048539
17318.563457461663
17405.509707770063
17483.613650370426
17535.115838182464
17574.259664031
17601.94730569159
17617.163027540126
17637.624768897796
17642.47647844341
17641.37612270435
17628.922763686096
17623.773787195227
17607.847927644114
17573.411269795586
17557.683588207983
17531.513412093016
17497.537123529146
17468.79867062039
17432.060019226235
17404.116324135
17376.27391111126
17353.012538213472
17321.9967904434
17298.40307497626
17273.353861357653
17245.11903721169
17214.235408083958
17175.62005680477
17136.10661967704
17091.817909264646
17039.45271122815
16979.70055651282
16910.306950100414
16834.440987688016
16756.34946799094
16680.80766429386
16606.81840176649
16539.07233357853
16469.66016637234
16401.472289693498
16331.496425171623
16267.247703323075
16182.985186498277
16111.124438237333
16033.107161715452
15972.075034091366
15909.948541496487
15816.217905131547
15771.045871981878
15664.454996609675
15624.89420807681
15618.884414447239
15556.802933049526
15551.757284589636
15571.11048635422
15596.768702730136
15651.384156735614
15716.260295013017
15860.3804876699
15997.163121016594
16131.697397235548
16254.399740096858
16343.390178801208
16411.524419062138
16509.07641335958
17638.215413174177
17641.736023595164
17655.079509981173
17670.853487612658
17693.71751398118
17712.292677893754
17721.36683298184
17717.792101666448
17716.31622887693
17724.478903437797
17740.22358433222
17760.152141086757
17777.91348026228
17786.94206264829
17786.716633911237
17782.491657928724
17766.707914718238
17745.635117893748
17717.15162257835
17680.32763447344
17632.657792894417
17574.3968233154
17504.184822508418
17424.046996946876
17338.536700139877
17252.4510281049
17170.175281701413
17076.202012157366
16955.811553893756
16785.36837331407
16555.563121014144
16276.477050593174
16014.547647382678
15848.026286383334
15773.109552349699
15760.175823315403
15779.792278508416
15853.09478080699
16013.39851128043
16248.31907457835
16471.458697104244
16685.14288350774
16872.192180227306
17006.182888157367
17114.840016157366
17205.810674420987
17289.61966970141
17372.211990246127
17434.234057561524
17497.20870552655
17540.104237439133
17562.95849822864
17575.73311977269
17582.803637351702
17580.177014106237
17570.57956687826
17555.889198036297
17539.835670773355
17506.70238354538
17469.090612247455
17428.65283051107
17388.272424862116
17346.047886161366
17310.51422484463
17291.307527003322
17273.93927224746
17261.442162528554
17264.292997124387
17263.198405369185
17258.757766228635
17256.38994406994
17254.11652250841
17246.51824020982
17237.07135227976
17222.82736833222
17199.471384367193
17167.41072296303
17123.650500611984
17071.201876786843
17008.79283847077
16939.4259969442
16867.924489768688
16796.442513751208
16725.787383242794
16662.68374494421
16608.17085232956
16560.07293962747
16515.797973328896
16466.742186977855
16420.100615907242
16357.209385573675
16325.801006642963
16282.11565373106
16227.297169940874
16189.464045518558
16139.215588169522
16108.83955535986
16079.145498727725
16125.007411345046
16120.794238747869
16155.829855534714
16190.483370867609
16221.661848481592
16270.01123146477
16350.496145291261
16415.175349975856
16501.748903994667
16586.243951065277
16635.08407425828
16684.036911819807
16741.06167550508
17703.309249640894
17714.365619823344
17728.590890460175
17741.67814345844
17747.395621457283
17750.068491274833
17746.23821663799
17745.12527845786
17758.040340459018
17773.750287639727
17788.603867093538
17798.84264391051
17805.438153728064
17813.830778455544
17817.289314728638
17816.83433536432
17805.686738274257
17784.24677336547
17750.656887274832
17707.910374092964
17658.701767729217
17603.702705184194
17536.316538184772
17462.46827800348
17385.67803782218
17305.82266382334
17221.517830733283
17133.60964346076
17037.991869735015
16919.67751346656
16765.62949729222
16565.498447024926
16338.005835942975
16127.069293668705
15985.598838389233
15937.378877932533
15942.911625205052
16032.570167119047
16209.746925934858
16411.44589374661
16605.672458377645
16787.296399373598
16943.744743098177
17057.95286709586
17151.186268367215
17218.033076546184
17292.335177636254
17362.757966909936
17420.646556908774
17477.750618907616
17515.418225725734
17536.383824089477
17544.909865452646
17542.66917245207
17530.79748581523
17518.792382542713
17494.191503086586
17470.46979390471
17432.739471722263
17376.43818644859
17314.19022581059
17250.145150262673
17175.838495350406
17122.757424621777
17110.578991896597
17128.417879534012
17154.4384265404
17184.117073904723
17198.17015354445
17212.198153725745
17243.61006218013
17262.69758154446
17276.9661803649
17283.93456700173
17286.373668913402
17283.909470825078
17271.21334337128
17242.806130281206
17207.936824009274
17166.50279637418
17120.765266012742
17063.18683746887
16999.66173356068
16945.325183653644
16884.7192571981
16824.144119196935
16776.25484583145
16724.601428560105
16704.540079929066
16686.126474476412
16661.594002662336
16655.56522475298
16627.879824298594
16610.219958391557
16581.678190210267
16558.361284757615
16518.106342751824
16525.814774031292
16535.06148957459
16570.112094488002
16615.538308220697
16582.766048931953
16625.29590447757
16664.719574933115
16705.557220661176
16747.67885711093
16797.451901753564
16852.798761659433
16877.72008210687
16930.36669910745
16962.470770198677
17755.005365176752
17763.998534896797
17770.70802365125
17770.522511497038
17767.306833874252
17763.12877868565
17765.462601622778
17774.58347893713
17778.890720348747
17777.62722150889
17775.568574823235
17781.000987634623
17789.817786417538
17797.967144948983
17802.114819228926
17801.85026282323
17797.436553508887
17789.34499953736
17770.268574937123
17738.826693119816
17694.94945105102
17642.148942296568
17583.39752776514
17521.929167513656
17451.811238199298
17379.800413290643
17305.28853572481
17229.718432536203
17148.79200353028
17064.56937402139
16971.431140415225
16866.79868443186
16751.236205122274
16635.105090875564
16537.855747857786
16483.28561521724
16469.6625736751
16498.302281561206
16574.059106087872
16680.430805048716
16804.962257129344
16939.64243123847
17052.62037775328
17131.115657136434
17199.158135959675
17247.894720016615
17297.668020559904
17369.81569427996
17440.581302782906
17481.373801525508
17507.43193387425
17521.446969971534
17527.723193971528
17528.89998597152
17516.160547188614
17499.293195188613
17472.669385160138
17435.846711131664
17387.088887383135
17326.082694166063
17239.589960794765
17151.928098011842
17072.54477998338
16997.522072040316
16969.60290363463
16989.304289103187
17046.69783536651
17113.350855829158
17170.721953217086
17209.356999959666
17262.84175277107
17303.409217233704
17333.210661387915
17353.21464675921
17368.268147416384
17378.83803572481
17378.572000690416
17368.123905461485
17347.127161615696
17318.487184284728
17275.148196244394
17237.44218890158
17199.791028861255
17155.405913672643
17102.416935506575
17055.263253997684
17015.866667020236
16984.369937900417
16955.926092569454
16927.448909072416
16904.413279603847
16888.98727600953
16879.062109632316
16864.551568334588
16857.551578151906
16852.409666768748
16843.29322534051
16855.417113917036
16851.401583117506
16858.13083293481
16862.454878151904
16897.620310711805
16905.070369454406
16935.77490798584
16964.797738654866
17005.46696568926
17031.525098038008
17069.04559322662
17101.973050906352
17141.710281283566
17170.445837226624
17773.428468752805
17773.242440516842
17771.48028364605
17768.141998140447
17761.87486752808
17757.7601370337
17751.126001831435
17743.302950112316
17734.098891381982
17729.384650747146
17729.767821359514
17729.971025994346
17733.899728252756
17738.416826511195
17746.05890187635
17752.908366230302
17755.245784207837
17751.904467573004
17742.686263573014
17726.788457432558
17701.65527089325
17665.740886612366
17624.33278557867
17575.666790168558
17522.282512618018
17462.459221488803
17399.665659820275
17338.430040011306
17273.509337634903
17209.156823730424
17145.961904674252
17090.5890269608
17030.928525410258
16980.85424282601
16935.7408516968
16910.968607488954
16902.90193607886
16905.472869983336
16918.268937674336
16961.661597365324
17023.704983831587
17101.24683980347
17157.615533162978
17206.49584734835
17254.175120500033
17295.37597539329
17337.944702404522
17395.82182917979
17462.74325623596
17500.97181983709
17513.147159483153
17518.843070494382
17521.209789387634
17519.05031663482
17511.803536398867
17493.94036875281
17461.788866022456
17423.524939247196
17378.023325623602
17311.5335672472
17228.355412471916
17147.331678567425
17084.337943393293
17035.870100735992
17021.51508080904
17026.6266373259
17083.641437118058
17152.160210713526
17219.598297045006
17269.07104873599
17323.21257412363
17367.13704873599
17399.10252323038
17431.26109859554
17452.21994243263
17471.81495565737
17481.06043982027
17486.32165102254
17455.610767511265
17450.157584792236
17410.59247074165
17384.088380955145
17355.248893943914
17320.15238008435
17287.77140293268
17258.720628275383
17222.813316629326
17195.29017253947
17173.094924494537
17152.908484140593
17136.835763904637
17120.56590129227
17111.342645410252
17091.796130252922
17082.33733769114
17087.22245091587
17078.401562797888
17094.89180644395
17089.577045292273
17084.720222606855
17093.30456366868
17113.371541651715
17216.357364607014
17158.030144421486
17194.587485028198
17221.970186797887
17244.55365733721
17277.881952067546
17310.299302769774
17331.503787050657
17339.1852670956
17745.77418552165
17743.306756320388
17742.24380952165
17735.47386472924
17723.94719830143
17708.370483502695
17695.16652269764
17681.165645483743
17664.00748627616
17652.11333266605
17645.660146659735
17648.121969036976
17652.46843143952
17660.89532585469
17673.71941106858
17686.2526890749
17698.323804691325
17708.69963069765
17713.545420716597
17710.31824033303
17698.347406748187
17677.543851578514
17648.319008817685
17610.122822453064
17564.44884327076
17515.93434088087
17468.495173698568
17423.978816522576
17380.189477365537
17337.55776021482
17294.19341822114
17251.384739064102
17214.48036466157
17182.744145888115
17158.543229913383
17142.087311907067
17129.09187151085
17124.232518322227
17133.842986322226
17156.47484629695
17199.327472265366
17232.70382018954
17255.664827359215
17285.01590373015
17320.161871717515
17357.249989711192
17389.5869928935
17423.335260063184
17474.96309763538
17517.637586836645
17535.148495296038
17528.766382440437
17517.70865998736
17511.97010359115
17503.555597584826
17485.397608383566
17459.08436198104
17427.77196561011
17388.873538044223
17338.99732530234
17282.503352956686
17228.604218183224
17178.254629403447
17148.76936307673
17157.428379957608
17188.76555314623
17228.569135498212
17269.94738067421
17319.15734268052
17375.608542975642
17424.22332739712
17460.919181390804
17492.33864137817
17520.5129257491
17539.569288151622
17550.079304113722
17555.609340101095
17553.36960130235
17543.1583488935
17525.385842107396
17504.956555704885
17484.19134052257
17468.80958296301
17454.630568981964
17436.09270418955
17413.762865070414
17393.743837900744
17375.566678705793
17353.498437913382
17335.909674718423
17322.996521120964
17307.38264109569
17293.013101938654
17291.692081095687
17282.25974986284
17264.924628648936
17246.173811384484
17262.184387472946
17253.38765635382
17279.984928379083
17306.053663907056
17321.64954869949
17340.080349875476
17378.001374743704
17328.47257140976
17391.01833465525
17410.99902183756
17424.05875379964
17434.587939755424
17438.97274214532
17439.149704151627
17695.007487418443
17690.639579356488
17680.48715862704
17670.976137959544
17662.599264147895
17650.82478335649
17635.29375327305
17621.654119418446
17610.1386158761
17600.424902417195
17594.903165125157
17594.62070737547
17597.0043326675
17601.193028438676
17605.454928376726
17612.652247523365
17626.09246898228
17643.667864419695
17657.566475523367
17663.819219022735
17662.57250325157
17652.57305164727
17635.2402314804
17611.634467709227
17580.34951464601
17545.7303175828
17510.991473082184
17478.642814664985
17447.002199685223
17415.245217663738
17384.738231809126
17357.485724996222
17334.036210745922
17315.686128495603
17301.727434807864
17291.681539933023
17284.63062912014
17283.44071553732
17287.080897787637
17295.388365558807
17308.86846949686
17324.00395518459
17338.720415976008
17361.39852380912
17392.76324183061
17426.64763456006
17457.83590295577
17478.12762283186
17510.094376166875
17549.131722688988
17555.65328462453
17552.604778769906
17539.982406998737
17526.868323895083
17508.741134541087
17486.667824686476
17466.200172915305
17449.81141066499
17427.89763072694
17402.254062393185
17371.72031564224
17345.00268303669
17332.396713244038
17334.68365386856
17346.730751222545
17368.81062186857
17403.546185973493
17437.06179520357
17465.18515576615
17495.5260509128
17527.47916493428
17555.516199747166
17578.793062498124
17588.865718269284
17592.971368686478
17592.033871561318
17593.0877357282
17591.17613939444
17588.081190269288
17584.08534610241
17578.76630160179
17572.88890239319
17566.140649434907
17558.32541072694
17550.42384626929
17537.641944581555
17520.39873056006
17506.682612142875
17491.424198622022
17475.225007580295
17457.007694350206
17439.68851349686
17426.129162331235
17403.686551246545
17398.566401410906
17408.22987347286
17417.760576514578
17433.834077058178
17425.37035976615
17421.760218807874
17437.108756204827
17445.824889954507
17468.091051413423
17489.772097268033
17500.17037366373
17484.845316767394
17499.013781768655
17501.43072874842
17499.795029372966
17493.32647149937
17492.4654589368
17613.489015918036
17626.636681664117
17612.48175577997
17611.8762450977
17605.631707386754
17599.728897109402
17597.75300550262
17596.584770843765
17595.72229865886
17597.245096763014
17598.84583905207
17602.129546485667
17603.702881156234
17602.61259068227
17599.027399445302
17594.17891468227
17591.8210520117
17593.09463847396
17599.26724626564
17606.251789675815
17611.70752071619
17612.665051768272
17608.645617306014
17598.97431980339
17583.246059248682
17562.637627641896
17542.134547838512
17522.4708112721
17503.450285942672
17485.077250520786
17467.743969006457
17450.40640882156
17433.511649203065
17417.53845567703
17402.436291677026
17392.210020058526
17384.49749948042
17375.78546862495
17376.013286914014
17381.03477472911
17392.277671307223
17408.470125781183
17429.88020007024
17456.69546883327
17481.125467307218
17514.204124058546
17508.852937341137
17509.87892712232
17520.118155386757
17543.74986173435
17563.94717906379
17572.600116011694
17571.4635676419
17559.033586127574
17542.676685942664
17528.614275850225
17518.282652428337
17503.663532624945
17493.131498532493
17485.531151503834
17482.77928923819
17483.65887610537
17492.47880183973
17505.077507735565
17514.346248301983
17519.21531893743
17534.275503712146
17553.757679885355
17568.7605063476
17586.408107677024
17599.64574613927
17609.65877107549
17614.800182300765
17617.126358682275
17617.153766300762
17616.93022668227
17617.68306839322
17617.737883630187
17617.938294300766
17617.4363998268
17613.505202485663
17602.810458277352
17592.05488456641
17587.219235815086
17583.729103445294
17579.574366485664
17568.89673695963
17557.41572915623
17544.57891203512
17533.34029412757
17520.372453179654
17514.777948451752
17516.52856484497
17525.55063684497
17528.863487492134
17531.440611110615
17530.126781018167
17542.987534567626
17536.496328290268
17519.008894001214
17530.255261769475
17532.058150324177
17541.951251850223
17542.832574312466
17533.846467272102
17524.66168515623
17520.009332393216
17527.13345697133
17514.32323998829
17510.64553295963
17505.602651791676
17571.255650585896
17569.667860999667
17565.076921930493
17562.886971482294
17562.961905827215
17565.287960103284
17568.25861113803
17575.431764655405
17583.529377414096
17591.127293379657
17596.88011827605
17601.904615931147
17607.21891351737
17610.660590310494
17612.54697596556
17612.332110379342
17610.795552827527
17609.11906403443
17605.44378806885
17603.305069655078
17594.960092861962
17582.907341655067
17573.41807131016
17565.01689375836
17555.812454620325
17544.399331447865
17533.7944385859
17522.96091527574
17510.14733837934
17498.09955589672
17489.63338144852
17482.451431793437
17475.43311569016
17468.307366793764
17461.630082656055
17456.769218552785
17452.795346518345
17451.9408528977
17457.42758017344
17465.50149062163
17480.370055449173
17490.722615552455
17505.10524844884
17522.308663690164
17533.32952286261
17547.379919931147
17564.799342069506
17570.207307586883
17566.714398759337
17569.089402448197
17581.31075593114
17586.615116068853
17591.131120793114
17601.130025379665
17602.293052517707
17594.246671793437
17585.89786758688
17578.847053035402
17573.107993000973
17575.72767462163
17582.017663483603
17589.666811483607
17591.244663621306
17588.176517241955
17588.415085138688
17593.831846793764
17602.19555717311
17609.08273817278
17617.6888438623
17623.59153744852
17624.142466276055
17627.294343138034
17627.125740861964
17625.766581723932
17626.71971199999
17629.77409351738
17623.571662551476
17611.635140275415
17606.284516827538
17601.115119206886
17597.566009620656
17590.78015137901
17586.94735189672
17588.57374996622
17580.914664517702
17582.337679241304
17578.541205620655
17572.39611672426
17569.618911586884
17570.43593803508
17575.134309897374
17580.223804448848
17583.926610138355
17581.446859759017
17582.19392058655
17588.812317862947
17599.454677897374
17608.10818820785
17582.96085631114
17577.26154607081
17569.27176958623
17570.019971724585
17570.504762344914
17555.187732758677
17542.662814482625
17530.829897586227
17525.21203520688
17514.97953144787
17501.712521068526
17495.030268206552
17489.837168275415
17561.889891278413
17563.291642298478
17567.349370040123
17574.995127821894
17578.04336854347
17583.43558425836
17587.78892428511
17596.479776543463
17601.68207904682
17602.73678253009
17606.91038000001
17611.337763510026
17614.475875510034
17615.51757976839
17619.771439510034
17614.44365827173
17607.476167768393
17600.788461755015
17593.882015510026
17592.190870993305
17587.339006244976
17577.55162425836
17569.571256516712
17562.725854530094
17558.140775046813
17554.34022356353
17552.30486008025
17548.186088080256
17543.199135590286
17535.33124735867
17526.318784365358
17517.4640173453
17511.46757783526
17506.831063100304
17501.78928514044
17501.747458895457
17503.904910895457
17502.74111812038
17498.863694583597
17507.544937835264
17520.97517533192
17530.659686815205
17530.26120402674
17532.86574549666
17541.756119973244
17553.08994972826
17570.198088543468
17592.526042601203
17590.193943536775
17592.180700338613
17600.04236978176
17598.360834271727
17600.31593548329
17607.85543254346
17613.546650761695
17619.691177238295
17621.73275951002
17624.019080463215
17615.601232258356
17611.41180699331
17604.862017291787
17607.038687305176
17610.096537033445
17617.208724285098
17622.690811278422
17625.147265781758
17623.456121265037
17627.68737277508
17630.362567510034
17633.5198975234
17630.169825728262
17615.916624204852
17616.591501265037
17617.279377550156
17616.71019956353
17617.57894170151
17612.177116979932
17608.115999020054
17606.00037326505
17605.59850025837
17605.187018244993
17603.949181986623
17601.717686503347
17597.93974325167
17598.968448285115
17601.444120801825
17599.534236053507
17596.955693033437
17594.750196
17592.489873496663
17592.583134993307
17592.637960463217
17595.839945291787
17604.93606077507
17615.346884570215
17626.97405968813
17621.849190886307
17622.644471519183
17612.197458289338
17603.768877781768
17596.271206966558
17595.705419198166
17578.90194002675
17566.86101597324
17554.85513772827
17534.84684515804
17512.059925701506
17490.35031795987
17482.682513594504
17474.894887634626
17466.039558966564
