111 72
9302.093103999992
9333.670355999995
9356.813932000005
9372.308360000003
9395.8442
9423.891075999993
9446.642388
9470.766624000004
9494.302464
9519.799624
9543.531596
9571.186208
9596.879499999995
9617.865623999998
9638.067219999997
9660.426267999996
9680.431732000005
9700.437195999999
9728.876336000001
9749.666328
9767.318207999997
9793.403763999995
9808.309796000001
9817.920264
9837.533464
9859.304116
9875.779203999991
9889.312311999995
9903.041552000002
9918.928244000002
9934.030407999999
9947.563516000002
9959.919832
9978.748503999996
9988.358972000002
10002.676608000002
10013.856132
10040.922347999993
10055.239983999993
10053.867060000004
10071.126675999993
10094.270252000002
10093.093460000004
10104.469116
10123.886183999995
10128.201088000002
10139.772875999995
10152.129191999993
10163.308716
10173.115316000003
10182.137388000003
10190.963327999998
10201.162191999996
10209.595867999997
10219.206335999996
10228.03227599999
10236.662083999996
10247.057079999999
10257.059811999992
10270.004524000004
10283.341499999995
10300.601115999998
10315.114883999995
10332.766764
10343.357892
10355.125811999998
10364.147883999998
10374.54288
10388.272119999994
10405.139471999995
10426.125595999998
10448.876907999998
10472.805011999997
10499.282832000004
10524.191596000004
10552.434603999995
10581.266007999999
10615.785239999997
10651.481263999995
10692.472851999999
10731.503119999994
10768.768199999999
10809.367524000001
10847.417132000002
10884.486080000002
10922.339555999999
10960.585296000005
10996.869716000001
11036.292247999998
11072.576667999994
11108.861087999998
11145.733903999993
11181.822192
11217.518215999997
11253.802636
11287.929603999997
11319.702987999997
11353.437692
11383.445888000002
11414.238611999994
11442.873883999993
11473.666608
11503.478671999997
11530.741019999994
11557.414971999999
11584.677319999995
11612.135799999996
11634.69098
11657.638424000004
11680.782
11705.298499999997
9343.873025736117
9376.121988255374
9402.726142499341
9416.681114581737
9440.97843252118
9470.941432521697
9497.573235205089
9522.70185224407
9548.929468149106
9572.922371660912
9596.351770508372
9620.918486124556
9644.56630566582
9670.097342146977
9694.917231056057
9717.615839944936
9742.516379519744
9763.865249983348
9787.044108616403
9808.670986323883
9824.952206368598
9844.120050037618
9859.477651410418
9874.901475192888
9890.856840756525
9909.53164120478
9923.970752928242
9934.44391819584
9951.207819316009
9964.753745110784
9977.379443043148
9990.703065225702
10004.618978374521
10017.038406448308
10029.021623206947
10041.925596200363
10059.564069201824
10072.725417437712
10079.28882662995
10093.231195475228
10106.99329926291
10126.05667438062
10133.548302982563
10136.694406684514
10145.927162388816
10155.568931402398
10166.953214881541
10178.67864285027
10188.306069032733
10198.258863590725
10206.154911944659
10214.155468278614
10222.73466609498
10231.398030886887
10241.368908468748
10248.700887416733
10257.366877641021
10265.65200404565
10278.553214291795
10290.123911696268
10302.03098762289
10319.234688402641
10334.923341091058
10350.171049628734
10362.860201351044
10374.085397387578
10383.23659187376
10391.048280355302
10405.056400777183
10421.574106047037
10445.81977046676
10468.692108036399
10490.065357588282
10512.604662354393
10532.34620981813
10559.48277437015
10591.6999297079
10627.572467542715
10669.913992844728
10711.684359959996
10751.788003208123
10791.12323653939
10828.918041719615
10862.02071146758
10901.448174972495
10943.015988820032
10981.630463167665
11017.136139517597
11050.896806093568
11087.109768208553
11123.885677218546
11165.516482201834
11204.870340529484
11243.693520197801
11280.576287979733
11314.452323487712
11346.128894195845
11379.914053077668
11411.713643942352
11443.497117021872
11475.056724145536
11506.799106275677
11536.119014390977
11564.249051130073
11589.08433626903
11618.90617586425
11647.047933012167
11666.92390037846
11687.96347028358
11708.133374217441
11743.409363453342
9379.518144345282
9420.794439635583
9451.023607731348
9464.711176530267
9487.951804603024
9515.763943233038
9550.520726530434
9577.982865095732
9605.638348323333
9621.645100659684
9638.188955572712
9657.383314091516
9680.961740701445
9719.668287689685
9756.26842278898
9784.966489406943
9818.683009030268
9844.179121509926
9864.138761343622
9879.265426333362
9892.908833157422
9903.189645681714
9921.333969021023
9938.650678370208
9952.913922668791
9965.292921828484
9977.975627056348
9983.110557099331
10000.47647924309
10010.559471006813
10022.558128802142
10039.244685725016
10052.887922882175
10061.638154322218
10072.074325475944
10082.581009833752
10104.66548935803
10112.596053678142
10106.305898801143
10117.495104956397
10149.11100754773
10155.958521212588
10163.04116566465
10169.640770341603
10171.953563842344
10183.164731412011
10195.26934558454
10206.548205801222
10215.425631323375
10224.534844421156
10229.650529702609
10238.954845480994
10243.013279142033
10252.069189765432
10263.117779427519
10268.895440886947
10275.239218806248
10283.920097167258
10299.290954134103
10308.635647468145
10317.921779307804
10332.280432446103
10352.811240155042
10371.155289880877
10391.056581942215
10402.59182614012
10408.819639033607
10410.74833614125
10421.619141057896
10435.122756290064
10461.834612829018
10483.574093054624
10497.714739093564
10511.443444866876
10528.61511617112
10558.015455910903
10598.123004935669
10641.716024609206
10690.117101050886
10725.65381231206
10764.592225717006
10801.966477310174
10841.1032453781
10877.280188943001
10916.744465056536
10957.590208614089
10995.151354059433
11022.821653586341
11047.951580215675
11086.586944151388
11130.137922638063
11184.627963109217
11234.161630900628
11276.243204974076
11309.877518719552
11338.613285175286
11370.522539510537
11405.891600625262
11440.41410471899
11474.408838407066
11504.163906426835
11533.387942979964
11558.236340424603
11586.210239555152
11608.22262074619
11639.517573842117
11670.418072969678
11691.555509448839
11718.461074171675
11742.976528930012
11777.444687466006
9402.76604512363
9457.615042297133
9478.033725772222
9511.532396098446
9544.827412516013
9583.221387086025
9625.063019798463
9665.99823472427
9699.300537186456
9723.048676345734
9741.326559738694
9759.280233987995
9773.488429320703
9796.781193448825
9821.464127907017
9847.173660311932
9879.214902161684
9911.128386092343
9936.04773590416
9949.940478788161
9963.903687757751
9977.550562654375
9993.794422365952
10009.598479639515
10022.699649142609
10036.14380647902
10046.903067137351
10054.406991747679
10062.713417880863
10069.432639175311
10080.319986824697
10095.919831532055
10105.946687747
10115.500501642653
10121.418417302186
10127.896510400748
10139.171919516855
10144.316852301687
10142.681027259558
10148.940355673394
10166.541905165177
10180.125998685571
10183.288252203427
10193.199853583877
10199.71470290879
10211.28846064198
10223.285567289837
10232.676958634976
10240.25125404383
10249.390709083353
10253.765738483868
10261.660583984793
10266.811191884331
10273.494251266262
10282.504844932722
10289.005245322347
10294.892363348052
10303.887716544301
10317.115013046072
10327.97156084452
10343.007702850375
10356.46963969521
10378.270687217026
10399.009615177738
10418.63754480941
10428.345129369636
10432.64205778764
10436.774828812368
10441.618221804172
10448.318777306491
10461.897663865244
10469.239542348707
10473.815196954845
10490.36872719728
10517.233592000735
10559.75651538422
10614.056913790759
10661.336733944028
10701.291230151382
10724.832858619568
10752.79506968069
10788.57280002488
10832.031296246842
10877.00990472587
10916.155463061266
10951.715240511363
10978.496943001395
11000.29250442423
11033.245529652595
11078.749007704184
11131.481514662117
11190.794622639562
11241.713745415975
11282.069301373336
11316.295272983649
11346.698071157618
11384.213631780782
11418.860967247865
11455.817436288815
11486.243696201309
11513.242999179642
11537.632818973994
11561.523351239639
11588.155211735242
11615.236713739232
11648.523532961983
11685.125789648584
11716.472104728398
11748.963103077524
11777.380183944972
11802.966839407447
9444.04826336942
9478.452834749229
9507.678452652348
9569.029675008753
9617.22595215822
9653.47630685124
9689.743103873496
9724.33230625469
9756.377662621866
9784.487386665436
9813.287335635789
9841.028766413401
9862.25070357076
9881.674330361653
9900.057840707084
9919.664699341623
9943.240907239402
9969.999786447257
9996.296092290722
10017.614636309865
10037.346063159177
10056.551378427228
10074.395611573378
10088.720393110705
10099.07539384846
10110.832102683551
10121.307019723661
10128.222287582888
10132.239793207646
10135.340161154863
10142.658090586157
10153.11903295183
10164.102820011818
10170.896871706409
10174.161681990197
10174.808003975902
10176.302935354151
10177.837575623016
10181.439370075455
10188.299022424222
10196.87639455417
10206.623794528932
10212.980110443379
10221.687769851284
10229.78527367834
10239.024874620964
10248.545739512814
10259.578524158318
10269.326024172306
10277.616552998908
10279.912970823383
10281.927392663629
10288.860363369295
10298.475896091772
10307.67489991498
10313.557422096492
10319.520896349302
10326.163021091803
10334.967830473432
10345.111933373917
10358.38051761822
10373.420523736897
10392.943184922588
10410.743286764491
10422.833903675764
10425.120891767117
10424.869319985251
10425.992134422537
10427.33929674719
10433.143295566435
10443.012600038972
10447.156245450584
10452.55319906538
10481.41543853262
10519.517787952633
10561.344287817705
10608.824552326389
10649.885985751578
10687.745435593075
10718.979330302354
10750.0606356446
10783.454293189143
10822.290663551179
10865.606729505776
10902.744346081323
10938.90410270587
10970.39656839538
10999.906874791786
11036.884988283211
11083.934920033882
11132.643399393204
11179.581014007705
11221.796982629596
11261.989969772087
11301.78798287427
11339.016362402717
11378.263410213423
11413.565923186432
11447.970474270805
11479.271844517249
11510.556390916747
11542.146978940784
11574.019567747679
11605.98066903807
11638.01310536926
11671.239343366367
11706.2725638787
11739.411827284088
11776.500186486486
11804.496516073123
11825.335154093627
9484.028670083731
9513.128460608583
9573.54280889476
9615.466535763375
9633.363456487361
9652.48371528142
9681.410177122254
9712.131126555982
9746.22776894694
9781.427452326174
9816.639489783154
9853.89271730447
9889.24470478572
9921.557409617437
9954.963197253257
9985.393154581396
10012.47280179487
10038.94538575218
10066.90415828649
10091.62094917056
10114.849316653193
10135.862930584126
10156.829466709863
10171.13234292655
10178.125856173405
10183.956537072814
10187.277612678514
10188.736045345851
10189.288130163322
10190.060345216882
10193.634344811078
10200.922039909316
10212.34717696048
10222.609167419907
10227.136326686372
10226.375442437666
10223.542385400753
10219.27481783888
10222.973975652567
10228.42735546958
10235.93769224787
10241.145275424959
10246.947401178333
10253.852268983974
10259.078003483637
10265.6129865771
10278.609110095815
10291.08762074998
10301.026438972169
10305.952004887251
10302.206280619366
10301.832317342789
10314.569775725347
10330.165988573266
10335.943963183541
10330.826172218678
10326.350498596177
10327.387823192084
10336.46918637442
10352.143242460219
10373.893619090428
10392.664987308039
10410.819480847782
10419.138761714114
10416.846054096262
10408.356384115843
10414.02958496879
10420.585359240155
10417.977553305138
10421.353699744686
10429.626138018873
10442.944130134763
10463.45730147218
10491.054653727391
10526.986419709649
10559.989014009763
10591.02608172595
10625.23439382516
10657.503734159654
10696.305613865978
10734.32718831988
10770.503509178829
10813.728071643052
10862.486894342648
10904.506203881616
10940.90537198879
10974.841328409379
11010.220018104477
11050.081091019318
11092.493248548304
11137.051303716898
11178.031576711513
11215.38282533692
11255.300236946057
11299.778885899277
11342.694169441029
11385.843254133086
11422.117795182767
11455.067607820518
11487.98226704303
11521.908886602721
11560.58636373733
11598.463673901442
11632.702202607285
11664.084850794095
11692.864488306916
11722.103418349374
11756.442109779593
11794.625366212702
11825.314899609486
11847.804180875799
9510.499866071557
9551.443081945057
9619.343887722986
9628.57775478543
9636.974032951404
9669.000159642026
9706.435649067786
9744.714431176422
9787.79626475982
9830.492251606533
9867.691282217398
9902.681772774264
9936.215827043838
9966.572208287405
10002.387708319597
10032.734151669769
10058.405884585773
10080.43269175713
10106.425444645314
10132.470685236005
10162.148376075345
10192.804455667483
10220.886504788812
10241.919222725805
10252.545577086787
10258.699105922433
10256.85617183896
10251.48248611671
10245.366955157624
10242.836078137421
10238.64074399036
10239.758302001943
10248.884098883293
10261.333763896315
10268.125169409772
10270.537659073341
10268.56659747211
10265.167933874234
10266.224821690243
10272.722654853913
10277.205825121013
10280.650407669169
10283.98513878011
10288.996844195379
10291.747461472954
10295.499102445372
10311.32987548228
10327.96529589884
10338.230495478607
10340.169808322818
10332.6278306293
10330.394933054826
10342.196630341992
10355.477303776535
10349.471507956223
10332.358573732816
10322.240462041873
10328.806540615187
10349.422392293272
10376.617073333255
10404.897433315651
10421.838516760998
10431.801144649211
10428.475711146824
10411.31458018132
10396.52312506039
10407.468919175717
10413.30825799091
10404.637643142309
10405.96011071192
10411.324940534396
10427.93085645303
10456.670312052025
10495.558768112296
10532.088051054508
10557.376060359746
10583.401599740831
10609.474856141316
10644.908636398979
10675.854165075927
10709.262688922385
10737.881431574815
10782.821712741723
10841.069164122466
10895.472570078718
10948.457711343486
10987.97271612883
11018.571237697583
11064.827509265591
11102.39101029803
11145.576048425706
11184.909104953345
11221.107518062514
11258.259444694675
11301.164269261993
11348.387060929894
11395.921500425948
11435.067663376773
11466.79741288591
11495.560296419233
11527.516400830378
11567.70707395807
11609.463525689225
11646.55407861204
11680.044043747674
11707.802288844989
11738.07534712603
11773.316630594476
11814.498073524082
11848.22073203315
11871.767579348983
9546.105706795039
9586.152721464827
9593.419057102303
9606.743946755703
9654.038697318898
9711.408205311216
9763.363085396106
9813.539670775974
9863.181319618616
9911.751011892658
9954.813163632196
9987.793599448445
10020.406336358408
10050.256778878214
10088.547750052603
10115.801075945037
10135.025552567131
10150.230217655973
10167.326050937303
10183.517424406828
10207.320074144998
10237.193794218727
10266.864592549227
10288.122318030095
10300.936506043243
10316.154735281607
10318.23403417985
10312.634624030921
10309.876473802298
10300.196562047226
10287.813083825542
10281.58325439251
10290.856502535358
10298.220239296646
10304.154808354506
10304.535447407026
10307.77024674764
10308.77424200775
10314.240608813794
10319.731829809412
10317.157732583246
10319.63790357375
10321.162632328584
10327.349409173183
10324.392607007825
10329.049005971392
10347.60746557165
10363.860547717297
10373.719784338864
10378.821256422421
10368.284938902096
10361.146295325556
10370.188826915197
10371.278603754234
10352.862226550502
10322.380101900118
10315.156687648694
10334.7352802218
10373.808505166713
10411.443136621723
10438.128233577676
10443.471189863812
10432.887118161228
10417.994905658443
10403.109033212088
10373.603061771239
10379.608050041776
10396.58591830293
10378.53637815015
10373.434755713231
10381.503890950109
10400.16553501376
10435.580970773928
10483.970935832662
10521.266928946188
10549.683299450346
10594.071791812452
10620.02566359024
10662.945310762545
10679.417697850336
10684.074014144657
10705.160071019607
10740.533217918031
10800.392950062915
10866.653705940353
10933.752943414289
10986.911711311024
11026.77351465675
11074.04953878279
11108.763065390947
11146.415373664944
11183.26980450397
11215.062111594189
11244.68619504154
11282.95872431995
11332.247622714864
11390.298553650337
11436.315635089268
11470.477402352419
11493.492515308055
11522.463143293662
11560.670115614317
11606.88424366554
11647.936078515948
11686.810367642027
11718.262366299841
11751.928458324433
11790.897759935167
11834.003833071833
11870.532314789705
11897.047291509596
9586.313986985937
9624.09380433889
9646.415460161203
9685.628002351474
9734.90417625406
9790.017906981906
9838.429813691111
9885.931890299933
9930.101045428719
9984.307558785156
10032.712295833797
10064.078541422552
10095.949505001881
10120.468318601488
10153.392209932912
10181.711115319791
10207.74204827906
10223.555588841044
10231.193987366614
10242.775648439796
10269.191894023867
10300.235101930331
10322.623840545419
10332.569785166721
10340.511290358409
10361.793478964442
10368.932971986062
10365.486623759441
10364.720371004723
10360.708591914597
10340.985202759497
10335.010600985608
10344.181949412996
10344.298243634903
10345.469754166214
10336.853715517824
10346.069132530294
10356.254309118336
10360.126467982951
10368.758455045843
10357.282181029886
10362.697093281993
10364.28114665618
10369.58459511898
10362.704870820016
10365.297540489668
10380.307421473184
10399.356642498962
10407.814974637377
10413.545409772652
10410.785251060079
10403.437088175668
10400.044335445069
10388.693122201601
10350.594599430533
10311.329802765515
10312.544846942783
10357.163044990339
10412.270244272673
10433.615734567806
10428.016806591311
10428.253033218052
10426.437888317994
10400.45587064201
10370.57063164471
10368.955157847893
10360.362551843407
10367.86513041792
10373.928473126442
10354.632758121597
10352.987214169896
10376.0090185001
10400.207690925601
10442.425124497424
10482.11897192386
10531.17830615144
10586.488819923892
10635.508320633047
10673.385776566083
10682.679307746344
10677.976029803473
10674.883717065033
10694.873619868755
10733.128109463305
10830.222184672592
10910.509078624962
10972.09056740432
11027.435052497072
11070.4920712196
11100.465865633354
11143.393422216528
11171.18386292926
11184.194188296085
11202.269569239663
11236.746871576985
11296.642658331499
11362.35510737063
11418.67891524338
11461.711618122343
11483.362432354355
11510.874044007833
11550.104998297662
11600.801043359315
11650.054524086867
11694.45890034201
11728.623903264406
11763.92222854502
11809.82918431207
11860.284881603591
11896.198765865593
11922.712342801438
9629.970663082
9666.96883215814
9712.454574878735
9766.190721042576
9821.378737267254
9883.278278847793
9930.417636932296
9964.470236038109
9989.667213896544
10029.291340845053
10078.859635655504
10127.364103630245
10159.466967158518
10188.589747417387
10224.17129128172
10262.341585214434
10300.957637510899
10323.27438451721
10322.945240431782
10326.549584632532
10344.206695913805
10363.873548053596
10378.401708219217
10374.379877880972
10373.226650506425
10395.04901155268
10408.501183833043
10405.217560660465
10415.268434459871
10413.842129418383
10401.948939192369
10398.868033967023
10394.688529393614
10399.257762240757
10392.157980453487
10379.695738669148
10390.912065183351
10400.408997498216
10412.650441389
10408.811624817998
10409.019293306517
10403.152971398367
10414.485515081244
10416.340609223946
10406.759055552275
10404.957805817035
10415.622378632632
10437.51900076011
10444.96897143501
10447.708627713982
10445.150470507757
10438.244055243134
10427.381800800325
10403.358920166012
10357.452307699614
10314.935496848835
10326.070164719713
10370.415422342903
10421.2241291202
10429.67351593653
10406.941803359274
10383.338611602943
10384.561784816937
10384.540105844084
10355.584241599583
10334.723031337577
10343.92626689006
10342.324644448445
10339.12894951626
10339.780689021562
10323.41310475609
10332.251524803976
10354.759176128215
10394.793119907137
10467.854850222664
10523.404860074377
10567.226910008407
10600.299018711372
10641.262613464472
10664.620640237119
10665.890657870343
10657.30810137486
10669.175424251227
10717.803431726259
10786.862464264454
10856.356870467282
10949.633885033545
11019.048190748472
11056.554088959967
11085.65738758383
11114.617289220583
11135.297299193307
11135.458425403562
11146.84240262578
11190.2109483315
11255.615642213354
11330.035862653596
11388.0650988723
11435.103057942411
11466.73033013135
11500.399650255276
11546.377198357468
11609.363622900784
11663.032744435297
11704.123133026103
11733.79014318678
11768.163400863948
11819.824309084495
11881.024627809595
11919.795773469841
11947.66953081279
9674.968095860197
9720.189727847377
9771.671686234851
9814.091802894236
9856.789707080123
9922.932656624322
9986.558654371946
10041.855340832495
10072.308082136631
10098.382631192688
10128.411724960322
10172.099230606342
10200.478191166148
10236.9802223179
10264.565632976197
10291.623463250688
10309.3116781781
10327.07685292191
10346.551414358775
10375.563019385609
10404.789535196142
10431.325556806272
10443.15986115638
10424.922833649138
10423.148265462674
10446.57606612522
10457.779712351
10439.462135422884
10456.645621618132
10466.7933517288
10451.333654327509
10441.112673136302
10436.43266768721
10445.723010622425
10441.014620336251
10438.008214333511
10443.658212531303
10452.542452990074
10463.965633649183
10458.541938352922
10465.239034156146
10441.275138412619
10459.433147112217
10460.523780097144
10451.195915546548
10443.211254481239
10449.00602043314
10468.62282901552
10481.124977819374
10477.318684315684
10473.054813295203
10470.059502927948
10454.777646348675
10429.19376167589
10382.249986327615
10341.47784035813
10337.540521153605
10360.47000154083
10393.916412491137
10399.162164726495
10386.895994722674
10389.245373684415
10384.878188285504
10375.7199114064
10352.029538869574
10325.077826996392
10308.612415634201
10318.95477082198
10335.653598175017
10317.173650534216
10296.979584695915
10269.21014509511
10277.761779194609
10335.617429131149
10429.697589341822
10485.74715367163
10466.36059788753
10487.121559289828
10555.001809399544
10626.268488449332
10633.971115301538
10645.655891025775
10675.436735152178
10712.592217592255
10762.65982650422
10835.647142915774
10922.679937849596
10994.623706559873
11041.055052219328
11066.717572378422
11087.827953032327
11085.612714203013
11090.057186671089
11108.860894706364
11156.348680648081
11223.433993007075
11297.223479320575
11355.554955674388
11407.096261785957
11447.075786272317
11492.208782487845
11551.494179013689
11623.176618008863
11674.289729474709
11709.215800613898
11733.606891326539
11767.115885031402
11822.497603789836
11892.4433373595
11938.777261617655
11970.061965758061
9711.996457588772
9762.345669415656
9806.423867269665
9843.494103846748
9872.24670493114
9919.093955483613
9979.913922551914
10050.199262484733
10106.502801708937
10156.232042459602
10193.586701316597
10229.403772405594
10259.64710354626
10284.947894116573
10307.961019009204
10320.396233479625
10332.043925421214
10340.578646713006
10363.157922280057
10397.014657346412
10432.804839111137
10472.493916430456
10491.871771350228
10481.945733490142
10481.821267300615
10510.722570742577
10514.609241815491
10486.906009999771
10497.272015590052
10513.955712085506
10486.563495937482
10478.035389375857
10475.667940922332
10479.279022350405
10491.351528199391
10496.654607202816
10496.835942041038
10507.567010709148
10499.737955655697
10514.811654479567
10502.230683279433
10491.31201718793
10507.41724307817
10500.765059654515
10490.13591912578
10476.142672084035
10489.628710293697
10498.401437938213
10491.095701558792
10492.944035924642
10495.961120943171
10481.052555815359
10466.914712640142
10455.668750576646
10415.545279360334
10362.352457321846
10339.165758346737
10363.810454033126
10386.374914429296
10390.93066150958
10382.546808831075
10393.48057897308
10393.829524028233
10377.235648211356
10335.418222830913
10322.49239125309
10301.760356216193
10288.56128561345
10299.45588540465
10305.998876362422
10282.483697433961
10250.642620029752
10243.643727095057
10303.723781994195
10383.38195827786
10401.115100647454
10398.001214338368
10420.077361786358
10494.61339793287
10550.805186705094
10576.203866516937
10617.316832003193
10669.026084418532
10744.567228273701
10783.690966196622
10818.310968985421
10871.847682075117
10954.266154949984
11005.555727530187
11025.588129474165
11031.099246440317
11034.149485888345
11047.852862022346
11081.213383454526
11135.154534862813
11193.444437614035
11252.47955744726
11306.740320652041
11364.042670397634
11423.555287196503
11490.938218865169
11567.94530201257
11630.3455374779
11671.8327387083
11696.92497079667
11722.215213268797
11767.156691815198
11826.53309358392
11896.238740405748
11951.649192506
11987.265408154075
9740.543395547087
9792.52704905918
9834.01910382943
9871.996899560596
9921.669272422636
9975.07654904563
10027.830130531414
10085.957850412555
10140.026505964328
10192.85979816795
10232.734889044352
10273.651768558599
10305.496842721976
10337.939700862817
10370.185855984357
10399.815695340878
10425.48441737088
10445.62782298571
10458.315710413239
10472.935684912261
10494.309896386561
10523.800990183729
10553.594804858489
10551.388100433182
10546.345661428979
10570.506778205567
10582.295371717177
10538.47629906851
10545.20505629214
10576.07029409519
10544.347603577404
10533.887608022444
10521.525248654945
10520.09710430486
10532.122915574499
10549.471735978617
10537.057527323339
10552.66772957964
10539.66725959493
10567.48692590211
10545.229491569227
10541.290354076702
10555.66982289888
10537.686373044677
10515.370101910778
10519.179009230096
10532.278993214159
10521.83264960361
10512.545045416984
10522.188123003407
10510.109396465465
10482.714621789415
10475.097990992417
10481.284563060579
10455.430735645066
10399.295108371241
10354.55654438102
10357.782719206492
10382.225052874557
10392.642225252957
10374.587007698385
10360.06214940609
10369.544933154686
10393.216621368703
10394.09836285738
10364.857066490453
10320.13894070659
10293.675504748262
10279.522442480253
10281.627144117865
10274.315193889748
10245.199598944162
10244.235421220821
10258.003907273493
10299.948317164182
10324.583302967658
10373.632535796802
10449.372871514106
10468.859761666266
10454.485430296714
10478.885558556743
10534.788135721486
10666.293829178669
10761.385891880676
10782.392834115575
10793.84182134684
10842.409159405595
10908.553798905203
10951.698379482616
10967.51642764936
10978.751435231356
10997.474796353374
11025.025293756476
11057.721698186813
11096.157842079894
11147.75384311026
11192.489201983242
11255.343654199613
11331.59309748788
11420.92424765832
11497.720628956142
11565.925538523883
11608.43099056404
11639.826114555284
11675.727786684469
11722.135955395324
11775.6670928273
11834.831595684025
11903.637654385548
11960.685008442171
12002.082198330922
9769.290988267792
9826.994194579827
9872.215823860208
9912.773593068738
9979.244388436346
10045.677041575727
10096.564727233239
10147.848972467524
10193.598271599787
10244.978064665458
10290.714044470154
10330.845419963547
10380.769459068893
10431.09878399073
10475.284960473533
10509.626610665096
10546.925654817624
10578.671602403254
10596.255037688083
10598.566294440143
10597.162418625878
10599.044479220394
10614.582741263024
10637.014370869083
10629.771719013264
10627.385591838172
10646.25611629419
10626.302431525466
10605.836178365329
10631.907859020206
10615.726115727337
10610.568286215632
10599.999641247594
10575.647363743072
10593.66910848244
10585.781079513483
10590.13037793467
10586.72303848052
10590.558640119507
10611.263701903401
10587.81262226956
10598.588438621573
10603.243769307384
10576.344100313063
10556.005106623361
10579.949201367646
10585.173115736869
10548.833394740968
10535.833832403567
10541.65741831616
10527.611483097338
10499.185063273026
10491.670772164332
10492.342124528674
10474.463716152857
10423.780614532827
10370.311960074658
10350.291158311114
10379.005824919663
10400.250632239258
10388.963927358205
10375.455416563214
10376.224483880835
10376.063280475295
10367.237239036838
10353.458736946814
10317.978720335068
10277.246712507786
10256.270076957253
10255.945998287678
10245.574089145626
10238.66520871736
10233.94072487435
10220.72316436403
10224.616725620808
10269.77739034777
10359.989314561362
10426.76709594898
10425.724128958891
10418.77137112298
10435.328308074615
10530.822458737775
10632.733991118736
10727.379078574388
10778.39302344925
10794.472531375513
10817.759095376132
10856.454363904308
10889.601403663744
10905.576901864248
10941.69992577613
10975.659276031647
10995.44282085554
11011.776308218934
11037.437901680842
11079.67914237482
11139.823746513674
11221.051015514046
11316.916766271423
11397.569216371312
11458.348698461386
11505.305308119268
11555.263291450203
11611.328424690602
11672.758132696828
11731.39833518609
11790.272626119751
11852.403152968873
11914.63935456483
11969.699372058489
12015.332065829061
9796.712207326309
9862.685888063974
9927.681271729158
9966.49463515727
10026.960941128295
10088.730544532433
10139.740061864826
10198.40653321359
10242.475397014348
10297.260470770636
10349.264045391692
10399.821846281206
10446.57208763191
10495.421573190715
10543.753853762246
10581.307952357269
10603.160094873365
10629.357351670864
10652.201318508043
10679.584231474766
10676.761268369823
10658.538193216833
10671.328639807805
10715.97665443226
10715.55222253321
10682.862255288937
10683.308739149521
10695.680633432457
10685.034106333556
10685.399574241517
10678.009572425291
10672.879310975739
10666.470805566441
10639.154313707879
10652.311102377338
10635.62694541362
10644.653262514428
10631.296109414796
10643.849928538082
10644.022491835136
10631.35876541724
10643.969203877325
10631.690057031517
10621.165583589982
10617.202427419461
10620.338670900888
10604.485814215483
10577.433912031238
10563.279204988246
10561.916073070704
10550.003115287667
10529.020484243722
10507.673261820044
10489.665998186614
10479.483272368356
10450.421877337167
10401.611756845077
10350.01373669592
10340.342726401053
10368.114274085501
10397.746535615395
10394.508815596238
10389.938955386266
10385.845042587798
10382.35636439576
10367.269390840947
10333.611946258528
10311.909397627525
10285.853942604617
10260.808683600368
10242.273663978236
10235.602603036998
10249.933599302041
10247.425623737014
10259.267020622738
10284.45626545171
10305.760590473512
10305.001187098202
10317.199782084974
10392.3487479684
10479.828308953374
10558.31016294991
10621.187177780617
10687.417547216928
10719.99395978751
10739.98076912399
10776.484706446876
10814.499820208423
10838.132641100477
10846.306216786554
10878.004161055715
10925.759453377133
10959.006632312317
10976.644807242861
10992.894533535837
11029.293085799176
11093.851778406057
11177.049716722646
11256.474105419733
11320.644548122422
11382.532522217853
11443.499100996161
11510.400550538829
11581.83969634687
11649.898078225215
11715.97392103342
11788.47066806368
11861.204096072908
11926.31091197757
11979.167170145389
12028.532813586768
9817.273120640733
9890.990758990345
9958.698346566838
9999.031638039294
10040.442230811263
10107.784706815657
10180.79796399418
10248.714148009565
10299.139967054245
10343.584635794998
10382.759921437513
10439.524177813168
10476.705259972248
10513.044261643656
10548.249663447748
10580.266417661274
10610.269957428454
10647.273868539725
10673.76625614624
10702.78869916102
10723.397537128381
10729.785358695226
10745.834267224067
10768.4580817314
10773.578432293902
10754.350690835803
10755.91956293152
10757.143702863015
10736.292161199319
10728.497950463161
10741.30306761384
10729.33735746538
10717.23669250707
10706.382006224287
10702.503899478024
10700.469754159214
10697.09121820094
10685.19285160896
10683.137139894543
10681.308140816504
10677.349150729675
10695.408563834224
10667.550720628573
10676.538618583461
10669.582740931004
10642.880194583022
10635.899241207226
10632.113308745387
10612.115343261921
10585.68930992733
10574.99875803905
10562.63189178189
10544.803003688705
10505.066978546862
10476.11572175313
10454.417036722378
10440.250668039533
10400.120597065717
10362.227662620178
10339.031844309862
10339.789790661025
10352.539050783489
10368.610327197177
10392.01336315521
10421.639410057986
10426.561407744119
10386.779538501238
10334.428964162811
10338.263139866489
10335.128883079127
10301.256657738768
10272.189960718015
10253.751789422271
10244.55769282147
10244.944082314136
10244.106685943476
10265.147064959094
10287.05465854657
10339.231259310756
10414.847409261338
10466.581123635053
10519.453719118603
10577.28432055946
10638.255300914243
10668.523513509206
10698.729575389561
10749.280237648103
10789.434668941274
10804.973249988032
10803.452500975327
10822.199619994743
10856.536070667322
10885.586068281753
10902.401461643598
10913.47598764213
10937.403869104784
10997.872081509227
11083.374201924815
11175.786108384427
11245.797642729054
11310.330826054895
11381.45632061504
11457.782791088961
11534.031262473329
11607.447844107224
11679.840105456884
11755.822436099186
11842.701030206646
11933.355235730942
11988.77699723516
12039.699253894738
9833.579109697246
9910.909199314436
9981.583422142026
10022.519564328099
10053.278574506025
10115.921801504923
10202.332359477856
10280.57247147921
10360.452679381515
10415.622422084092
10448.627542314218
10493.332514051224
10531.225328039996
10571.267330350654
10586.026825083216
10609.859906088011
10661.180272686915
10727.8543982563
10753.854275631797
10763.085357031765
10779.618776151246
10813.799454719718
10820.471404308013
10805.205780766528
10809.334632162583
10834.612419889794
10845.968703721497
10829.489747364436
10808.831930075103
10799.135428371716
10810.93675023377
10792.405014116472
10783.523072270475
10761.132543711188
10757.806243937051
10748.774286663722
10752.205215403956
10743.077408699097
10741.236665155384
10724.094247959323
10732.019877044251
10737.00571748547
10734.000248910896
10728.258961561793
10695.8600107512
10677.745840473917
10674.489931087779
10670.369877133608
10652.80053203326
10618.823886304719
10602.127313642519
10584.903373230543
10563.374340728093
10533.137230030052
10495.950130365074
10466.228968443053
10445.833566525778
10428.252844392966
10413.575659971712
10394.303090122108
10361.898471735489
10334.661134741265
10318.364810996824
10302.143844239503
10322.028863162022
10369.132092119065
10428.328009985846
10428.759871392718
10399.631717036627
10387.255997713408
10386.611424365557
10361.996753927193
10313.97752947377
10279.403987102527
10248.427355212483
10257.619454892165
10275.674138622264
10316.936611991421
10354.88505551953
10396.627627634994
10441.994520336926
10480.411931873094
10535.75260536961
10584.528165604946
10621.57449911688
10665.488823633397
10717.623814408205
10746.496751227669
10752.171789182685
10752.915334673262
10763.357395424053
10778.870373670685
10778.410648739831
10770.148579788553
10771.91460507515
10801.300142057913
10879.749493455607
10976.04753182768
11061.33014006877
11135.506598083393
11207.786113008264
11293.876783860205
11381.469799495797
11460.813354089923
11544.242722139834
11621.050570268473
11702.368277157382
11796.891130290009
11904.37039306339
11984.432726302231
12045.040704223378
9850.98292437361
9933.271321613029
10012.67698647514
10064.007865254558
10096.470084535185
10145.750988174068
10215.633880098847
10282.690435255925
10359.297760564557
10424.136983807211
10472.93292584304
10508.205412277825
10546.306211800013
10589.595407196022
10627.941300145229
10660.773418236498
10714.348868839052
10774.540714000132
10805.405835927693
10829.385770915382
10872.995518887637
10926.232888345636
10922.412975599924
10890.547774004304
10906.155707775975
10927.06233109744
10913.42506733681
10903.678776672705
10906.695784179981
10885.566939956041
10891.41116473971
10866.52826999821
10859.631468725589
10830.818468899366
10828.396300450333
10797.888291640233
10806.75685197401
10800.823895847472
10780.26508558447
10769.167708860292
10778.653193573431
10786.730340542827
10784.712669355951
10754.859401611491
10746.371298216038
10722.318889919807
10720.598364658561
10725.51215847861
10707.663453943793
10681.010465502977
10655.079670828953
10628.592843533203
10597.907900037068
10574.638515017405
10548.767356966886
10516.978597233943
10482.767579887286
10447.082881945445
10423.737421726626
10405.642098240767
10387.146059367702
10378.213915286395
10369.637520789884
10345.80655116357
10310.502869310589
10292.942675378694
10316.730676980827
10366.139087139334
10401.168363510214
10413.662818235798
10420.24812475662
10427.755486720074
10420.6282308013
10371.367570677028
10329.71291364644
10300.528927100357
10310.171164209596
10322.938081646455
10344.197939675694
10367.938697505377
10403.772272846174
10476.705513596853
10536.110284824124
10561.715121346626
10587.296891972197
10632.629785618165
10673.169320264657
10677.31802116707
10672.96939831677
10659.938030014342
10667.607090102165
10691.003100529266
10679.754894682314
10649.675738887961
10626.009535765115
10663.005438764589
10755.234583572059
10841.56526150936
10916.375465516236
11004.98593114648
11104.509239569374
11204.770992096112
11292.373659592817
11386.592254699784
11481.461122687726
11570.084735945831
11657.704348394867
11756.179481649546
11868.302890024901
11966.616508809097
12044.67326627345
9869.94121847237
9955.422076968145
10041.066581524654
10114.167387660309
10179.326876318848
10237.824433412941
10288.401919444956
10326.976874343774
10380.106999905955
10430.276153665322
10479.440057689251
10538.107602815591
10599.294059380445
10625.533228707163
10681.793546336563
10742.48523277167
10815.412723551082
10868.63880892795
10886.330815496065
10902.742093816147
10944.649538071835
10983.002357019985
10971.317375230188
10973.251888362984
11005.253147516501
10996.453295020054
10987.277127677302
11016.172064173692
10980.42408801919
10941.408857732973
10951.448629111868
10937.408559690086
10932.283657509364
10899.81735615175
10905.762973324057
10861.925044339087
10877.644945544705
10848.045971589607
10830.2164895106
10839.545542108757
10827.828577665116
10809.211473149182
10811.15628819146
10838.520448575637
10821.635073565518
10785.401312733286
10787.29014435144
10789.032261583623
10769.5624143345
10744.969220819503
10720.786119179464
10693.27773930553
10661.354707484112
10632.018961180991
10605.77683289262
10581.007132761824
10552.3657962307
10515.292325356368
10476.164811830487
10442.431136449293
10422.05893731702
10410.946073385863
10409.242487639183
10407.027498685029
10388.891259229882
10368.34803807896
10356.325084009884
10371.46232607917
10393.407181946977
10413.5151936548
10436.179178438724
10454.378234765392
10484.932930743265
10465.229510018102
10418.968318737605
10361.18867156761
10331.424804004877
10319.76757308884
10331.449118290837
10348.619598175037
10388.495549331954
10463.888716255778
10543.713015055755
10566.241112166595
10573.305710765222
10598.919703220503
10619.5212785024
10618.27040149711
10604.708784842078
10564.801651889939
10558.2660651873
10577.297560586343
10578.87130470635
10545.814824923096
10503.615158218128
10506.872724603616
10586.48390766147
10687.30206316068
10790.05513255667
10900.462128882631
11008.409737308755
11115.569414088855
11212.588837101695
11320.517935705322
11415.486658096825
11505.918119846521
11601.178446353024
11710.24593166443
11839.350154845415
11951.02316688657
12040.385005432603
9893.478338917812
9984.033845954526
10072.202425266238
10138.815976129896
10212.25886105095
10299.969293655016
10384.951350325231
10453.897375024608
10520.179353681091
10585.847192052233
10649.182890532356
10715.067583261505
10774.595633178778
10786.962157188236
10819.03854641688
10885.207552318703
10947.295939964684
10993.798222076945
10992.353078785833
10991.315080926222
11025.622353109271
11066.125871138138
11055.476844375713
11059.878102768023
11086.159172158059
11076.885977966593
11070.904430225744
11085.940065255014
11059.532765053405
11014.840450702051
11024.494307220511
10982.06356038667
11010.061360334745
10974.627206524478
10974.280914775685
10949.342879878073
10946.558666161789
10958.388897309327
10918.358853525315
10877.267785201044
10890.007164556324
10863.67185589504
10882.584895156258
10906.820297705364
10888.16596128752
10871.587780121316
10872.142851377463
10855.565313416952
10831.900425477634
10816.456558131078
10797.89142490994
10774.289823058323
10741.838929226782
10698.277350322105
10659.34176348977
10632.689092008006
10601.928443468943
10568.713237290895
10533.260624921119
10496.081312096092
10463.408057237202
10438.204295271362
10435.645731126451
10439.08823304436
10438.858411585006
10429.653866243512
10423.697741392696
10432.509561418505
10450.609496971152
10458.244024221498
10473.33420879691
10490.632058597168
10520.758197202615
10533.805502661417
10510.103887066205
10457.193986688157
10403.068272398421
10368.608779356275
10353.495631581503
10353.958672280043
10386.744198839358
10461.836480701757
10552.230390219132
10563.850789332935
10555.869188596338
10572.174019344384
10580.934075485802
10577.15715776383
10549.186241494828
10485.94885771389
10447.71378789972
10450.362871871743
10468.728421610955
10446.188121650048
10409.674152305663
10394.059156042253
10441.05789244957
10527.095055677153
10633.696187073796
10757.490217791034
10883.673056237716
11001.179629526918
11106.538468574372
11215.687824808183
11316.958444174808
11422.551981948647
11534.10701791413
11665.079754408514
11811.383439690388
11931.853135401198
12034.618678471525
9915.5976344851
10017.63673336939
10117.764329400701
10189.55001894509
10270.542780494323
10348.64279950917
10412.144804209282
10500.667151650146
10557.942882440806
10655.183207021983
10729.289873952883
10791.53755965609
10875.725175011332
10918.420311042091
10943.870512487
10982.630961523892
11029.794659345931
11062.742630845032
11046.388820197857
11039.964220297315
11089.760663787865
11140.741439284577
11147.388931194715
11159.237838004212
11180.541829510461
11163.542294980605
11133.947446778
11134.835454354661
11152.080535052486
11091.36845249822
11097.932456927238
11053.790275806221
11056.377099306961
11020.648700445157
10997.842019552203
11009.853686518301
11022.967674698091
10996.05906263458
10956.461529507078
11003.220682553938
10980.462166370746
10932.756769857226
10949.580463734863
10964.565229362119
10962.23854546304
10951.02891146361
10925.583895507543
10913.548386228904
10895.566854694323
10875.772203294602
10850.944377633848
10827.533450197398
10794.512139968649
10761.669893433525
10725.514391550996
10693.254150720104
10657.737707077957
10618.182585280794
10591.924089098138
10563.260177560831
10525.700322976834
10490.349365744007
10464.433769723322
10449.577123740335
10447.711359842928
10446.909650194211
10451.368505698321
10457.883411873725
10472.27534093845
10488.603619794514
10495.09118336493
10515.288124425968
10546.182172373723
10587.284859903792
10589.863156830195
10552.435519239973
10501.54723865232
10451.068048513316
10419.89706318062
10406.65879620607
10416.936625346243
10461.742952542065
10519.75083131391
10530.792227374168
10516.153551137848
10536.146019506243
10541.107976778203
10522.159954148494
10477.808334952824
10402.96930729516
10346.823310350015
10336.862574698445
10346.00192667323
10339.338625750233
10307.056946679775
10295.784238413924
10346.774821528916
10395.569586051955
10486.05134718667
10634.739721265676
10784.152938631476
10892.33410676864
10989.687635971486
11104.91455091101
11223.798636828138
11345.5602847074
11472.547593401698
11614.774291147885
11777.915367647507
11913.682131889524
12029.57354339253
9932.688523341618
10040.941522262103
10151.19811461614
10259.745135698859
10360.657110946886
10432.28276815243
10501.835803019625
10588.563989160268
10648.682607607772
10755.37481497996
10814.658806260095
10881.361240207953
10941.7892365436
10983.378098234283
11006.882553509218
11036.774046991393
11120.284007726652
11170.783098481863
11139.244437666866
11126.311465201206
11170.674086954537
11197.913296469602
11199.501907948457
11214.874674479746
11225.659823298523
11196.023357122014
11174.606207676588
11173.055070128159
11187.677373064067
11131.835129527879
11107.241813164448
11100.870309053591
11052.140081803613
11029.474973086199
11057.043585340549
11074.436337201823
11065.935945344596
11027.568663548001
11034.882476752337
11066.059219010063
11028.354735427092
11028.28261301813
11031.711024129185
11024.401611548556
11019.485710993915
11010.809829148797
10987.997092080877
10977.517118638758
10957.18645920263
10940.838674718367
10919.280182658276
10893.98975224128
10863.878531797163
10838.52995406885
10811.312611439747
10780.702324620877
10742.439774124925
10710.295405173874
10672.646454333004
10639.566728047044
10611.325838843011
10575.261469888463
10548.02275985483
10521.86857192615
10510.8289058688
10496.391546565363
10491.305118239245
10494.467946588824
10507.639750164477
10526.971495176145
10529.126565273298
10529.896401480668
10552.058474754507
10598.219825742406
10639.479361039792
10656.351322414239
10627.085155311877
10561.860586858727
10505.624779532425
10466.9613035618
10445.234060813691
10457.194428430717
10479.78533563805
10486.828731997168
10478.686328034348
10491.32446145738
10501.174674011769
10456.685865471116
10402.672927211064
10337.293949903085
10277.959713942751
10264.654845451141
10276.627030954167
10269.60809733632
10232.82816277984
10250.72399898802
10266.403988434009
10290.66621551471
10393.77244717158
10546.712327475218
10674.286329978357
10771.552492520212
10875.187042025396
10999.715075734368
11140.382956758349
11277.94017259398
11426.341964042475
11583.87692708568
11728.802121278199
11881.130493526814
12015.319142967528
9956.478437005222
10074.125388588549
10187.070860764426
10285.7289633852
10384.547599789566
10486.759910398448
10579.976447457831
10689.935377094836
10770.449550615413
10873.730728314951
10942.62988556446
11014.909149919918
11061.475580759423
11096.440071919122
11148.638742605808
11181.826431475289
11246.269657018807
11273.929051529169
11219.717820884793
11206.431090853475
11249.394939516862
11249.742496746085
11245.039936028299
11268.329020780884
11261.3704661728
11246.533663106251
11225.370417328317
11207.764446109715
11172.741446667273
11155.610141720466
11131.856240306144
11105.026292810324
11076.052567301223
11092.922127959386
11137.240980801755
11123.949214803984
11076.553694100237
11103.33189741928
11115.232082738296
11088.334597147537
11099.440597844206
11083.598912307
11062.295360677135
11069.558575211844
11089.85980905691
11084.691929560711
11070.682548681269
11052.809762100891
11040.102120250876
11027.815188057943
11003.83230130673
10979.293140877986
10954.828229650268
10933.592245258118
10904.87621883797
10877.207905080397
10846.105839613427
10806.392978066619
10778.283090317997
10740.203321562218
10706.5646071354
10676.391363078637
10648.62062250678
10623.375306298656
10602.221944864361
10591.204056626684
10570.760591417871
10556.59303513853
10562.288238299276
10582.734582685966
10591.717691842505
10576.79971830326
10563.292678534346
10590.642519011359
10687.095499624831
10776.479543430898
10757.823442613138
10685.286500638893
10621.337086348978
10545.277636254848
10480.473581655453
10440.367129682143
10444.13260386706
10448.911486921465
10476.306728583373
10487.926855484817
10493.269692791511
10449.445560788135
10393.009438447792
10320.446857735518
10271.198934239019
10237.360857935633
10248.473602411366
10242.142069002253
10196.329707422003
10147.888966688317
10170.375964139821
10254.852021496938
10359.021966447748
10459.400812730351
10575.342324176354
10681.0147396488
10791.097265302618
10923.495674724612
11064.271685319507
11212.791474683303
11378.566675941229
11561.625163676266
11726.884287537763
11865.286453892488
12005.695483878597
9982.337132150264
10110.014442332187
10236.557735172895
10326.484396932123
10411.316471219281
10535.547448598465
10643.1360915433
10754.803279275673
10847.538033560766
10942.52962142975
11012.111479676814
11108.490782979732
11134.220601030598
11172.754941325304
11203.246187427358
11240.843193125382
11306.495482635319
11327.034675513347
11288.717791826331
11286.156100522136
11315.57452852278
11313.759130711234
11306.571816344253
11316.058885875496
11309.593269660514
11289.02831762121
11258.546008911686
11236.457573037846
11239.996578258246
11207.459118545405
11191.278598518773
11152.800430059475
11133.940643871627
11161.569195201519
11176.513469822876
11128.008978596912
11144.111802924215
11147.78236835391
11141.695530827985
11157.153041027062
11148.195163529088
11123.657734515595
11136.720016097126
11167.946120677669
11166.136173575705
11149.714183344064
11122.030789997916
11110.045764625202
11093.103205204703
11072.547083477006
11055.85560173164
11031.13855366917
11004.6779686893
10976.854070164338
10952.361158670914
10924.946486512214
10901.110249319441
10878.311024388307
10853.184220906656
10819.376180930532
10798.350231613442
10772.907860987112
10749.002952066086
10725.138356904741
10708.796024967105
10684.709835855745
10667.192065372958
10645.384354694508
10631.633334964232
10629.067955184122
10624.322903676644
10611.82019209836
10595.26460569078
10671.226495791623
10828.625382560082
10854.884339330654
10780.726112635282
10768.948834866189
10709.322635369961
10609.857799172825
10513.268679133567
10472.332859901375
10462.577819304037
10485.920554524655
10487.703553211666
10499.719230064673
10478.555366540728
10494.906344747638
10440.77383106481
10371.944132101415
10333.484255582422
10293.658259195436
10242.95543768482
10238.46161826921
10215.73247617
10117.686522608787
10086.630714427349
10186.2816094334
10317.825169706692
10439.949854351915
10550.749928261124
10650.849259011373
10773.540934259243
10892.910468248356
11013.64275798196
11152.11930015889
11335.463741425596
11528.689138199543
11716.068887718777
11872.428848361804
12021.718845176183
10003.55320093313
10135.718659047947
10262.334303143743
10363.082392894095
10475.41565251517
10607.23881323865
10699.987424879917
10818.913326340522
10914.515524089838
10995.079933544686
11088.00167650397
11123.71073405424
11173.0260459929
11241.85935619265
11235.666582437465
11249.517072921679
11314.585421125315
11355.655047594568
11357.153302802768
11353.367767693167
11353.118935046265
11352.385446679
11341.521401935519
11323.84229678392
11294.013159178749
11279.972459904386
11273.39416402783
11242.389285700861
11231.500415110742
11259.344296422809
11232.022616852244
11187.715765426447
11189.74328281798
11186.347431094257
11146.83622776877
11143.7621864735
11150.94042154879
11144.04324860271
11160.901659814293
11154.43727699206
11151.672432000516
11189.2795970849
11219.431283379448
11211.446159584133
11185.704720263206
11169.504653816044
11151.098995920494
11151.111685723004
11140.498740601264
11138.787539798472
11131.129026450119
11125.86162509494
11109.410766635065
11104.238533302181
11077.454269163398
11048.785338855065
11012.095974597061
10973.090590236252
10940.948401105217
10907.237833013445
10883.43761137234
10864.807928622131
10840.565709429622
10816.291665347406
10802.360189307365
10789.106099586366
10771.502963418132
10753.450402461209
10725.36873559051
10691.866730357764
10662.635723669977
10660.492628728573
10748.584688228337
10905.774357699036
10932.8279846194
10745.338795789592
10706.663541473148
10811.469963327014
10768.665674340416
10645.722926221591
10590.484056332221
10561.06563682423
10471.969144004128
10497.82796508543
10513.20394586145
10517.246112375093
10487.194011251284
10481.591634112923
10461.914141240986
10436.784237634383
10384.907099188526
10355.42316440273
10308.156498454966
10266.402616095818
10290.738809693543
10239.998923549378
10154.95332979236
10164.810214793079
10259.205761021078
10418.329428385985
10580.370935945626
10702.109291627485
10822.785744783678
10927.804212027226
11019.972808101395
11135.102726231698
11308.54507336422
11511.678758611331
11709.034491992801
11891.486710433652
12055.755406536191
10021.62702177561
10158.936065882957
10271.890204883377
10372.999555952525
10531.444849261314
10672.931504705453
10793.771517315217
10904.267538135013
11005.771346575742
11081.12338359952
11127.709177127705
11175.357200186301
11241.563331180048
11333.44519685821
11334.825599511201
11307.640209788535
11334.218314238518
11383.617942074456
11395.42281714477
11385.618635852466
11373.209791770065
11356.243158827927
11338.96889510513
11318.914331620923
11293.89508464726
11296.91335256878
11303.407286164196
11283.169377119406
11283.93853310962
11260.396801472725
11202.401178110222
11174.0197619722
11198.517285571701
11184.836091559173
11169.733764930974
11170.167947936794
11175.020924314424
11195.788669849522
11172.801135391228
11177.989015017058
11205.467301526925
11227.68404085737
11227.315525944
11232.024210070715
11234.413062489371
11229.3873414828
11228.190882870957
11231.76131981051
11228.15194452495
11241.575109419056
11251.387315791135
11247.455044935243
11229.084853270562
11208.293881094074
11183.03320305669
11154.824053031838
11123.986560310968
11095.166142007476
11060.204803703231
11029.966679528623
11000.48490653018
10980.157412744433
10963.35550029218
10934.568070703039
10912.053418380165
10898.460442410127
10872.117608151237
10841.879706289325
10798.429539485907
10763.702680346334
10771.846953575909
10853.800531778827
10981.538167719695
10991.528884770973
10789.50079473948
10607.386510807513
10749.918725725014
10857.685996138292
10787.332568745633
10781.270714203023
10742.414144949606
10639.001755062942
10582.07389444983
10529.383840805209
10474.613749442742
10484.097032193831
10522.492141960474
10534.530813082838
10533.206209448515
10526.644707945177
10478.28364869257
10423.351220275936
10341.990856963259
10245.545541252173
10293.443093406557
10392.642166374299
10297.139113698773
10193.94907700858
10258.20977756947
10432.330876377624
10596.43321682608
10722.73149846951
10845.856088028153
10957.245746465896
11063.604458217078
11186.226622799775
11333.678156020802
11528.118270734847
11726.901950376236
11928.860798686881
12109.548835048707
10036.867938456577
10173.510480981153
10288.140466845096
10399.843342832848
10595.432020140815
10767.240277289275
10885.537066304018
10992.891771165807
11081.036365321559
11137.085082471502
11151.40882502609
11201.689584784415
11277.218443226813
11371.724541110012
11390.283368197997
11352.651203579599
11349.235023460169
11394.666692357503
11438.113087286203
11435.68670827105
11387.424251295753
11352.990343196094
11336.230702024908
11326.11756367085
11325.25643619854
11309.028446708524
11279.738844617978
11250.056771776768
11259.446115597548
11239.51774395214
11221.12966998801
11214.894948719102
11182.914148823382
11214.55052863281
11221.276699616637
11223.44874401997
11206.81471505174
11209.35192874165
11212.14806621684
11222.968011735016
11250.227808551235
11278.823667490788
11295.332142292868
11299.371607877625
11297.370741771902
11294.837127807055
11307.466723704707
11325.334074051143
11337.954237185828
11356.108444633823
11378.228993122306
11391.205182548863
11407.723413459138
11419.111801750698
11407.186143788373
11366.686666888427
11324.022515965722
11284.106915403145
11243.496955748393
11198.504886600163
11150.176085600106
11116.818619866594
11086.665403522642
11055.41007095465
11026.90388496151
10999.324319749954
10971.6968698182
10929.240471967913
10885.50462431645
10890.280878502417
10962.255024246728
11042.106445659847
11022.390129301057
10854.199644906783
10681.645119107314
10714.460391511051
10893.420830254725
10958.149377268512
10898.565090807953
10963.332338585411
10930.016202245508
10764.666871779535
10666.355021307285
10534.837321800249
10595.64730963384
10651.564731143082
10554.383012975351
10603.8541343951
10700.447617254813
10675.443975399172
10554.213372247135
10503.651799838142
10434.640859888692
10292.571358796546
10299.839649690895
10395.141271937437
10380.214280344178
10314.94879414446
10345.905238020227
10492.74489829066
10651.784631220244
10765.4730542615
10874.586140990625
10988.576982285575
11106.217162287203
11251.4426643469
11406.792150561374
11586.777987834956
11787.219791331454
12001.976997128062
12191.86479384057
10047.762764229985
10188.140605345272
10304.6942815719
10412.265981562668
10633.182361495308
10849.210378928905
10980.40312966265
11058.751121149826
11135.415538435722
11152.464119766664
11221.41442639552
11281.702007070317
11351.960590594254
11453.26621248152
11478.318601728115
11453.813319366254
11442.313108369755
11458.064428838985
11471.795430723292
11428.692246739416
11376.393989287893
11365.105181661607
11373.291933973742
11366.651774733316
11338.487000695195
11311.251720737946
11265.220961122664
11232.796480392482
11237.440715026314
11253.847963182567
11259.476219440587
11262.73746077879
11287.807118786137
11297.563733511473
11296.465407378359
11249.354269961319
11227.02448454503
11233.559021319283
11247.666854985971
11271.627911834861
11307.759151378199
11321.79195034102
11340.334449518281
11361.898282220318
11392.264785818208
11400.977438755146
11407.736565897709
11414.106036242107
11419.00126487285
11425.40333842923
11441.411551143396
11468.235065639363
11498.67463981029
11511.72413313068
11505.607716475715
11492.970349371664
11472.491028530054
11451.768330670706
11416.7467563197
11373.380710153904
11339.160849557047
11299.952165106082
11257.848393148488
11219.610659067761
11175.347138237583
11131.288383710362
11085.715779309327
11050.544206124812
11029.777867873654
11040.614354257852
11059.638874800263
11018.272537213512
10918.990957093585
10862.635518887751
10876.958711927822
10979.108321188496
11108.941568441778
11019.121597719184
10947.352509094644
11013.016898743981
10993.967816577511
10919.42923377639
10770.687960962794
10640.884601894066
10798.38210679567
10756.209116441361
10697.257236702815
10846.011791481285
10882.599929522763
10712.360774174405
10622.922291202058
10625.628554951976
10609.930053403827
10474.700734544014
10426.124271401257
10409.919381599926
10381.030772997005
10391.387609027128
10450.423838423363
10588.29357860908
10751.532257251241
10871.044845100929
10999.255169023898
11127.89864758058
11233.408019766883
11359.793762981499
11509.639401090006
11689.725383224304
11912.182637345495
12120.071498199224
12298.704474325168
10056.434636031401
10201.701977038552
10299.84266420034
10400.002821507207
10648.572603352746
10899.985698112518
11025.73656487294
11126.8438189802
11157.763153852733
11201.04584325181
11259.251420951514
11271.78311069127
11369.105809142868
11482.373798319091
11492.115618623953
11469.08655210701
11458.133996362174
11447.719481927697
11461.779867116124
11421.107372659711
11364.2591539743
11367.06355646559
11384.373539916756
11374.666252134666
11311.559865223515
11275.238855126072
11264.672602692062
11270.983730247744
11290.650059918276
11337.496113837495
11357.763170256007
11349.222608741617
11361.120854076227
11329.925962223684
11254.366263392702
11202.755039483634
11238.546649294665
11287.126069590195
11293.848290126938
11339.54752084766
11390.146257413431
11398.139580140287
11404.63550203533
11417.381829938944
11460.56631224239
11500.814292725418
11492.661582389102
11495.207267103398
11520.091984101566
11524.203378909893
11518.963602287793
11523.816570822628
11533.45943610025
11554.84123519958
11579.895678810755
11607.240562235738
11613.286327911183
11606.154398530223
11586.51217639807
11559.083025258586
11530.401108931399
11490.82483302384
11449.229108271751
11404.13572508323
11370.943720878897
11316.222711897275
11241.109777916512
11207.741897988506
11236.690965193564
11227.449250897023
11133.3323922833
10989.308622342098
10926.883349090787
10996.991745472855
11108.21625814642
11099.338894179293
11085.027571952312
11054.386147574207
11005.663486315956
11029.172355970471
11047.313251382933
11079.98027938797
10993.652549245879
10759.332919805567
10647.818730452816
10682.393397719212
10960.52808895472
10995.096889791166
10818.632993042545
10779.520060704037
10756.203729181716
10683.37646770713
10623.850181267258
10502.227126174785
10508.818866313322
10593.239074126566
10569.328823381913
10526.788943724398
10642.240839739225
10777.02798820639
10877.660593246299
10984.498639663962
11095.47581334223
11223.597671013616
11366.136570531778
11505.655509118827
11648.078528053933
11845.271274799941
12090.450952610818
12257.131570810932
12412.988180924753
10064.823348548358
10204.695266316765
10303.483617618705
10386.60043052189
10652.856998550174
10924.515449052973
11039.881074414927
11123.059070409017
11172.900143197254
11280.025613534064
11258.178753297185
11257.562919933658
11370.296124039882
11464.385715528182
11494.676673555761
11477.267563555499
11405.44208572657
11386.34028834772
11431.948092155651
11363.1642713455
11389.288358521628
11412.526533546243
11374.284175454262
11313.558683444711
11295.759880574917
11316.519073239328
11322.55510867866
11328.811396017605
11362.559006117444
11403.32618667563
11407.649908089183
11365.514220165978
11316.234247795894
11236.125827224858
11184.902929424416
11227.068517215768
11333.834721705334
11354.707112350286
11397.787786095754
11488.671581796203
11436.825623461007
11451.248754744418
11420.182614959102
11369.616839068762
11371.92847007713
11481.38056172888
11540.41261550637
11499.259034438342
11583.27451856511
11640.112561778522
11632.230598817558
11625.85742829763
11630.497361678137
11641.219841043227
11665.045648095485
11696.11659203462
11726.070845364313
11745.745873399954
11756.104761753713
11754.837308772747
11737.42516848092
11702.731320027642
11662.173423586364
11618.82020186129
11575.12101313793
11527.005460762522
11463.890065581154
11446.835767407785
11441.266099224695
11356.105453083292
11211.83624750536
11122.743934661923
11124.100978130049
11145.526185705146
11211.259395816685
11126.40465303478
11100.363741606774
11201.44247754803
11166.582903609768
11116.368065474018
11105.390959295388
11123.200348280945
11066.34540710633
10982.56891436027
10970.472086031854
11035.186367818967
11005.496935824414
10823.98125974046
10786.015721604936
10847.845153675542
10846.722580187114
10812.294807539492
10740.356453967537
10689.307668343758
10736.644969515319
10707.603859862698
10601.724357823201
10592.159684177721
10717.306649620732
10896.27814146917
11038.034198339832
11121.680613879304
11207.406022655146
11338.967328956145
11481.269627564483
11642.029139721262
11837.927096003967
12054.61343303882
12239.027350772736
12410.048880452023
12573.392961949685
10073.262333530765
10206.280870755883
10325.881363009345
10431.478159269507
10636.99562258369
10861.25355520619
10989.531866776948
11091.882285661271
11192.334090858474
11261.995442093268
11236.68668471467
11301.385729759317
11300.79089865552
11354.8396147816
11458.536937164117
11394.800936280602
11392.442510105824
11369.32089017151
11383.1522233374
11380.477370764329
11455.754853327091
11430.632539603439
11372.258785106767
11365.77242684236
11394.601455053109
11386.172850311612
11345.899192823557
11358.490764981536
11418.267602266089
11401.01767084526
11302.51228753047
11226.170582849389
11165.316665056314
11129.961502602004
11184.32903009208
11285.489009477948
11359.042343101124
11373.351985094183
11343.959849341805
11299.30824518639
11191.795548909893
11297.13432400992
11336.953373213075
11370.504722772595
11256.622670804856
11342.016231362248
11536.21561992222
11467.007642040153
11493.975411792462
11622.252741689159
11636.93638577712
11653.509741713531
11698.046603590721
11729.643318976323
11762.671098619869
11796.519846939838
11815.212693516321
11850.40041463055
11879.142100763616
11899.866640098788
11912.978705815898
11908.873633537749
11901.106380883806
11875.61642837912
11843.78239920875
11781.95411181927
11722.457321964857
11706.581554081795
11638.072431109244
11545.61807357041
11458.705905964154
11387.938521621498
11381.74072010174
11335.190371090965
11281.145232246457
11270.976075393608
11257.457234800602
11305.606108104512
11250.88428950022
11254.4064503537
11201.042056869206
11151.819853781042
11176.951810951561
11231.176746865194
11165.954828427102
11005.30988908891
10869.746592528194
10934.361068260252
11035.59764974066
11041.36617002292
11023.87098655031
10938.354032761257
10841.285946657426
10860.353385904373
10842.714310814312
10801.94394710557
10768.43332988261
10781.695204128064
10838.019523446066
11009.02434864181
11131.779847690264
11200.907194607267
11331.38828993354
11504.64716321464
11688.96425342462
11888.006363029921
12105.548126682734
12292.758955083538
12429.95346554858
12597.211184583331
12762.873264672467
10075.833844
10215.769223549578
10346.36080277141
10506.811271557954
10653.303347575018
10792.713609343939
10912.787640410927
11025.659448886616
11113.285958840643
11143.547166431763
11188.128679847436
11214.091296670802
11162.656774900668
11198.063339757155
11254.08771047518
11345.309998867537
11361.563126398572
11381.087782424604
11436.534297815766
11353.051713088495
11358.165395557726
11438.741737147502
11433.87749024412
11411.8484349269
11418.619550478841
11392.926865623702
11347.333595449723
11349.991003061352
11350.781734146629
11235.063750475956
11098.180703952607
11036.343282042888
11065.413448999905
11115.379535027962
11105.098298109475
11164.064619076902
11174.762909269839
11092.898756193856
10942.00754861987
11035.299166073473
11113.655060222007
11084.427695670165
11227.931734599859
11252.608224963606
11280.067298997525
11399.47074765658
11422.781989714178
11409.423044796347
11514.980245219158
11633.234707799356
11646.28005107872
11653.096782582956
11697.43058710809
11745.850418287937
11797.588700646156
11856.647532149378
11911.713205239674
11955.167168651878
11997.800255970638
12034.497571812075
12066.891598375256
12091.520136699402
12102.258131971026
12092.743756224965
12076.167878241971
12031.357771212175
11966.580849652999
11935.258834031318
11889.810328869413
11772.844282234615
11686.918901090168
11714.654707846452
11639.194263058676
11550.023326402888
11454.821759542952
11434.731610714976
11391.847947641276
11378.960268394461
11322.480548162077
11267.76840304858
11265.399768539477
11284.608586718525
11222.430983022974
11148.004729795402
11018.354637205392
11006.03371697471
11193.922160982496
11244.36365941426
11161.932028340187
11127.882862136847
11123.972031206627
11052.118945249891
11036.030862114609
11049.474827774602
10990.30056653399
10926.704372787153
10950.678407948752
11008.232461036076
11040.67479282622
11187.596060153195
11303.913118650116
11442.87350514033
11603.946085785881
11778.105219955549
11956.732233318296
12164.352472619852
12365.293865509491
12506.904433775313
12633.994331119067
12813.112296319492
12971.415229785474
10070.23065355984
10231.004227745958
10383.783433045273
10540.355050036611
10648.442570767244
10741.463866392449
10860.42541471811
10957.986845827952
11015.235963178036
11068.635653021116
11074.11182049941
11152.889412132952
11214.698192993883
11151.121171540417
11149.459654245684
11311.123065976966
11342.987011176516
11453.098010057736
11448.616567992627
11398.442186951717
11400.252000826515
11449.02536062366
11457.494455816317
11412.853992149678
11340.879553900826
11305.946823857124
11297.102222257829
11251.799387125155
11152.889547477498
11068.024421349677
10978.853731135194
10883.90995597138
10909.028023045661
10994.061941267668
11007.416812733327
10916.673543691117
10869.72767097536
10931.801132507737
10864.76375059536
10786.730398136733
10949.972168899827
10952.654059372357
11042.720383242588
11098.718852482822
11090.810017603195
11174.81078942839
11388.871446543153
11303.144858817228
11350.35736266045
11509.39157504235
11629.882313025351
11742.061850486445
11769.016213723004
11777.760459838326
11838.073793531237
11922.786440871623
11991.834057489681
12018.92209658355
12056.07952646074
12097.711315858254
12148.424299086717
12212.167662351168
12269.354850896725
12306.52480376638
12307.330670346424
12275.627543902034
12213.58441015267
12139.172583289608
12097.362404566371
12041.62890412758
11977.696274143129
11939.38400575568
11883.706616008867
11760.147355270563
11691.115733159315
11684.60184109028
11614.39744453718
11513.421281459172
11432.477200552923
11346.083193918494
11459.230603214486
11475.278394743205
11319.274724051795
11264.707857093215
11301.839841346764
11320.01652328146
11338.54367846512
11335.474717129528
11303.085785362648
11257.483580280257
11219.095405439442
11230.489447118605
11177.620249614814
11070.890370329455
10999.217820908476
11081.22291814002
11188.37280857297
11193.753881150853
11295.134534326351
11397.07229854694
11490.041704055682
11658.372188337858
11836.857514441519
12071.410521780088
12281.48683061738
12459.715604729601
12610.031640964393
12740.021856000967
12869.778921193361
13019.319933272393
13168.095692107905
10083.914517302459
10220.171283513839
10399.802583299173
10530.613757338384
10560.935634924437
10662.164270664958
10788.836257717576
10867.40999182656
10942.24989251
11040.774838479396
11089.480494037474
11147.268949184465
11243.639062444672
11149.780717547434
11121.080144606032
11242.859529407002
11255.136846385905
11360.787102263386
11338.117411629766
11370.058335535625
11425.78744755123
11425.451751233868
11404.751300284008
11359.477061235855
11249.528742296301
11216.002757969653
11195.371678696965
11064.475130286575
10958.34551585304
10902.901968173059
10802.759456357853
10707.379284748673
10658.232822751748
10603.823696433308
10545.590372031987
10551.793723599472
10587.011894014482
10680.52078268131
10710.364268299956
10704.32160369223
10777.192110919095
10745.278753606643
10720.983123613361
10838.531813612693
10850.126994563267
10986.757218800862
11178.635101322716
11316.58903244289
11557.108235884518
11663.489393199721
11685.048612723327
11677.440963329733
11711.694608307906
11810.532738866263
11908.92771859358
11997.16455688601
12077.089401707743
12133.656234473052
12177.687331272697
12219.487219581913
12229.675876671874
12261.455872368371
12337.690191371454
12415.346101697784
12477.101261493006
12491.789225426912
12465.602466744213
12391.13879801251
12321.379146051606
12249.451401127764
12214.759860880224
12194.553937740337
12169.950542733019
12045.407717097985
11961.467275535768
11899.618113394692
11776.931137415546
11700.779109484794
11616.980945307276
11555.361802597568
11530.483515790349
11507.784238891883
11392.547341884545
11372.954157517624
11449.171707949918
11357.114483059013
11321.065180858717
11337.495848151391
11326.90169396354
11342.297485717034
11345.499255634582
11262.975555557727
11251.27077594177
11277.265613763499
11260.331530021736
11288.7064453452
11307.233964653056
11442.586503632177
11575.205998399582
11676.517521167643
11875.08521742152
11998.571678766739
12118.04381105766
12304.369286733328
12555.791577097913
12744.279882039482
12877.925262721456
12973.743755950582
13095.465394259103
13237.915008481843
13368.111110060054
10116.272154794598
10231.160812253538
10344.546518644609
10447.355665289924
10474.705655960463
10631.551805409594
10756.262978100458
10821.070202025925
10834.443365042782
10992.841763120849
11078.194386497387
11221.099836688174
11188.54441938001
10989.959958194624
11033.435648739416
11075.226009613814
11109.579910455504
11196.774284434432
11282.55080966569
11268.487937359661
11351.090233723466
11329.220812998927
11308.590752169508
11263.464865015516
11162.745760579264
11095.52982162526
10981.006869102173
10883.012158002351
10830.457201591567
10722.997279060137
10610.101749745405
10552.510147997384
10446.046503429916
10372.042941725687
10373.325164781929
10373.672314784868
10386.718778774813
10459.738694674923
10564.835458342573
10624.193948222033
10616.757568568919
10601.752913578275
10677.556955052049
10792.149170800742
10902.877197329497
11143.053346531355
11220.793446193618
11290.969229346485
11305.875574895814
11314.351718720038
11411.22751466254
11557.174991343421
11713.507608837988
11805.171153207895
11887.476862034951
11999.68549292088
12139.081915657951
12270.091368849138
12341.64254226837
12400.46350078538
12466.76162080969
12464.349889433155
12441.271889186713
12457.754775183637
12535.586591251926
12614.017132849514
12654.287965530246
12609.272976325525
12553.83540077591
12478.447168528344
12392.85410026092
12355.666343270364
12349.787138827218
12303.530803282623
12174.732506376422
12110.47728488084
12009.706343476551
11903.599380242344
11852.6014164925
11737.081428525522
11674.212266148414
11680.387725101546
11601.692909893081
11582.51277804571
11593.316854456683
11524.280346369243
11453.636185872223
11461.535527511245
11469.010203539543
11510.718478170184
11483.575703291688
11386.606595934889
11456.260256445705
11493.036836731997
11494.160172962378
11576.298517129857
11628.487240756735
11784.14390938328
11897.99497400715
12023.11569896925
12166.667315605458
12297.55569423174
12468.63307524678
12694.645059916218
12887.800995627333
12992.159580005322
13095.759389256973
13204.861845761063
13315.98533380215
13437.669724193376
13569.00905051308
10137.027462293408
10270.402096108919
10352.108427346782
10394.864827446698
10392.133401926953
10502.074752004019
10629.18902783708
10761.824363219755
10853.37399588444
11076.836086763064
11045.390250756005
11209.185591939626
11244.32079658158
11080.06347788609
10989.169620228293
10979.62222909829
11116.37732626382
11212.835764836542
11123.728065268673
11166.427237626402
11136.565432017538
11085.99397066255
11119.642371302725
11049.155957335515
10968.180650869297
10927.695891536448
10842.064085724802
10750.904231343764
10667.778239642252
10564.016666471029
10442.442728689402
10308.485270760739
10204.217589443395
10103.23786495097
9975.351410578583
10056.987911314043
10181.192587758542
10283.055146240287
10355.759535305935
10459.702721926504
10553.4346861145
10667.65700535777
10828.544638130883
11005.325521117518
11170.251377355988
11210.064430623128
11220.925055045254
11244.807857016498
11275.858609728382
11337.857217898236
11436.68575013813
11553.991980761946
11596.971220411524
11659.005752607698
11860.101262473363
12004.939066597653
12118.267484772035
12194.31235319945
12322.531078873579
12419.303916756095
12562.491885611435
12715.75613040179
12781.685269674581
12717.761697562266
12651.161807445409
12683.680952443308
12759.264697541521
12834.344626133636
12818.63343448864
12759.776971282892
12645.052178334245
12563.15309855452
12542.600660001672
12498.78423685814
12414.063954558871
12352.415246937906
12275.306284548165
12170.789814813217
12092.131086581427
12025.674660019837
11958.175165292727
11954.860572997226
11909.470798760534
11799.491108085087
11770.103135830695
11783.604367511354
11773.354393656211
11688.261232861134
11644.0714530159
11703.687989715287
11652.285686365998
11589.206746285618
11778.808655541005
11847.538073666114
11829.157584544966
11944.087927092594
12016.787694401593
12153.016036275803
12228.848367088196
12316.763967883118
12522.47242361486
12692.603764759102
12796.088599471132
12931.50002797984
13029.529062252717
13161.323186909132
13299.039839217143
13421.03883164503
13510.202432515889
13631.296918272428
13763.946203625514
10160.859267056272
10307.762794681326
10411.41459541691
10417.762203243834
10416.878111047976
10395.201591428578
10541.68546444994
10699.207015577942
10736.1876658242
10884.393259078473
10895.227710278143
11027.067034945134
11257.47432378882
11159.53947354417
10967.22279615554
10776.5200615809
11008.850747916862
11153.668918144638
11015.535447199552
10927.827704775138
11011.88610306349
11093.60828068012
11090.990263276142
10974.465915070288
10855.741058458467
10814.142180148536
10709.754334306628
10561.980166346593
10494.98611328872
10434.672589174777
10351.97438047931
10313.745936584191
10229.82502562209
10169.787394091232
10093.460720426216
10145.082706913048
10187.13981667446
10282.14075831121
10404.754479836693
10510.858895295945
10664.586211543685
10839.446013584811
10989.18387364897
11112.21996468274
11187.5659941906
11249.966226633213
11360.495538541038
11468.426182740794
11564.58159326833
11661.789681839462
11703.083371599552
11717.466746555565
11785.935105876042
11935.124441709195
11998.598271294404
11996.50003774249
12106.929801892382
12224.984962412618
12438.63982795234
12604.910160822146
12761.449718736096
12829.23665507469
12920.388927496035
13014.246830455537
13048.425988939156
13016.2324786621
12970.019478781333
12965.617735519429
12992.6998974437
12987.163080083998
12925.160169865592
12777.847851257102
12729.915208962773
12764.181684134193
12697.50398969422
12598.53035704446
12539.133725263368
12482.173165154942
12382.172204432196
12296.44515064401
12224.218263185689
12198.35010940444
12196.018557014444
12146.848363741597
12135.145518341315
12122.73241920396
12033.763364164499
12003.114463926415
12064.934829821472
12052.053227250244
11970.52307879598
11989.325570904366
12140.507482228471
12152.38651399065
12216.374307465718
12351.139699167683
12431.275858482268
12560.259533042305
12537.852191070511
12594.01054434499
12789.046299131038
12876.831112323258
12974.604567165936
13088.617248138937
13261.20559850839
13391.443663932423
13519.02369265316
13605.9169786565
13684.368748722922
13825.645516015216
13947.04727680068
10219.165324684545
10352.766075964468
10461.82088094881
10527.310811905802
10491.764976619092
10454.036998087975
10593.58043389161
10514.12437294244
10583.174768420135
10685.051600501423
10977.227164661257
11044.397523903737
11011.673282332684
11100.20557845596
11248.921516149954
11128.750814998586
11157.44823014921
10939.09113878284
11094.581123893591
10986.158893819325
10975.571247111098
10990.2885198954
10852.941850203759
10796.133187409525
10749.027679717237
10694.039122548247
10656.142090480767
10602.146644087363
10514.229960390403
10393.655650665094
10310.94779380802
10282.02591157455
10178.066419771962
10043.093426808595
10084.984815941005
10218.363374436021
10313.300809562892
10386.503852596254
10513.757422328954
10650.060944332643
10804.820427416478
10974.980494882162
11142.930709627444
11281.290800725792
11412.228067327533
11533.294901218416
11644.641036896312
11737.493196528496
11834.004811075078
11904.68503347211
11964.59878975068
12068.804168074583
12054.691100219161
12051.818316017352
12170.879094845397
12396.871649082874
12600.320521052923
12675.041379826933
12711.38977765841
12771.638941551986
12968.417264956908
13186.989934561165
13275.171296605331
13243.9517827737
13218.908926555232
13250.427405141216
13335.876392985865
13366.000177640803
13323.264185341654
13207.646657094712
13155.62213456062
13076.225459490153
12976.50522142509
12983.243865434419
12941.573502967958
12871.175084825118
12802.853450592502
12749.244963904997
12649.397049938998
12555.008847178426
12510.152702804327
12474.670342532023
12412.770615651156
12408.184305795625
12456.085097080319
12386.980539464452
12363.089183490472
12383.360906311447
12389.532590169794
12422.396549900554
12436.439223569152
12377.719346930315
12382.492868738422
12461.029886483471
12474.08732949636
12550.475721805838
12699.02984930663
12691.753828883246
12677.831850858858
12910.331154624271
12995.224146197128
13061.751188666958
13205.398497868866
13375.089653175239
13487.493043197279
13599.699984866073
13700.952539439235
13770.451847047392
13873.164839312938
14002.718604507209
14108.071694614679
10348.897477264996
10443.516772920757
10587.734296314859
10597.335003104525
10624.349889703044
10561.418041420067
10528.630986531478
10714.336607816682
10806.393398088072
10742.260266693402
10850.055666199165
11036.031741757804
11083.283086620837
10861.852772794107
10893.942803664371
10941.570263258443
11085.543093659318
10967.97171434523
10954.452584403074
10875.472255553434
10908.905576827427
10825.884467314205
10876.27806134104
10820.945880360974
10686.596577489925
10592.217609779305
10498.036613980843
10369.681751248292
10318.7301578422
10324.955665766578
10310.83487342803
10284.377004210104
10277.54886099239
10231.27192482903
10257.575259609479
10323.286149661251
10419.614305819252
10549.618280967587
10666.962548037669
10778.011509918355
10939.256513569442
11148.675470646733
11361.93322102666
11548.677801233494
11732.371738609027
11904.832892675076
12036.444707770654
12135.248784101439
12162.891512270398
12173.78655430707
12244.642909283433
12393.771556438714
12465.294976363812
12548.140161460207
12501.259706518646
12561.391435811283
12707.255531061895
12888.701668174574
13027.405339985382
13046.576061039063
13106.494045470721
13155.95296674943
13290.318186880713
13358.472476851
13378.255324488671
13423.362936997091
13503.09460508607
13550.931768492457
13617.45910018782
13631.929914104601
13565.969858330984
13421.944666243446
13282.53590397841
13181.689736599757
13132.872486477117
13109.596015786945
13061.22696117233
13009.369847968068
12939.698147146879
12801.020352757421
12708.012429528091
12654.264212630576
12574.20836991575
12564.625954096966
12606.102543374524
12581.818384733284
12607.060060780701
12615.831570444132
12641.57957813327
12671.795386342685
12631.210702600214
12645.025253040285
12636.855122811521
12610.743810660004
12701.215216092052
12796.40835974453
12815.509791918217
12872.007169343908
13014.566995661888
13111.59797695988
13179.174388472999
13336.538559607969
13467.267386845955
13541.035831773355
13659.023749410326
13761.224183826193
13880.772554627076
13951.189684612049
14051.012422230053
14163.042796113175
14253.460975617607
10557.125944270141
10623.583558509663
10710.139304433864
10807.2959372086
10784.713785369384
10935.570937765615
10936.010721740744
10798.555074263142
10756.883969766915
10830.119100386411
10841.868971190084
10941.379891575982
11092.119655952369
11131.430762942779
11078.533447858874
11068.562872648989
10948.953155593912
10813.23781473727
10703.762981428878
10679.243636777974
10690.987294375807
10762.455553991573
10811.747391506366
10744.655151573168
10685.991102087257
10671.610796558709
10668.184440118455
10590.367046850053
10485.670934109135
10410.691754974278
10319.681680589398
10306.136192585547
10285.362732338193
10279.896774431387
10324.688959725685
10434.465798729807
10567.769735507389
10672.006996780032
10799.846417847282
10942.787708453245
11141.359175539601
11413.5470175213
11678.339539481129
11872.160858629424
12006.418135472062
12149.734652342642
12297.548410140433
12428.36574746747
12467.499580620603
12457.862808232936
12510.299697266077
12665.893162617727
12604.650085975954
12651.129930917825
12613.050739824563
12784.909460753388
12863.212380601895
13084.800405831988
13306.58313697552
13440.692587687587
13499.583671934
13542.8141042915
13583.72511535532
13625.67345035888
13591.715126226209
13615.997449094677
13753.321266934354
13803.957040749994
13866.438605113432
13897.311467311214
13878.2432093861
13777.27618480615
13622.872638144796
13475.37610476954
13397.717754251495
13352.699769183851
13301.210697278224
13242.997667823789
13141.854729789413
13032.461426209222
12985.410994487953
12860.92195210515
12793.845185061782
12791.142423394414
12764.107572914922
12797.686189393946
12875.814633109274
12852.980634645168
12859.52242547887
12844.48061882834
12930.691300254133
12939.173566382675
12827.565763312072
12877.767214377074
12943.088285622893
12950.577231132673
13028.318818721245
13109.665989696707
13154.248729261286
13273.187293900452
13367.543751314084
13485.9159566632
13572.688000493954
13699.147574304254
13805.265730570316
13922.25367345137
14055.868037185433
14129.29144677592
14200.484695429303
14287.089357693141
14370.803495523083
10833.135985435205
10876.220222359612
10937.694194345933
10984.788730715884
11012.68256553571
11026.808359159606
11111.727202718128
11107.944874320583
11091.968958447598
11083.048826848719
11090.228152946773
11028.17417487647
11006.48493785339
11040.321193942216
10953.009221327029
10844.031431725065
10770.717100715687
10735.680159236279
10688.181203986942
10674.960829683496
10711.850632908016
10799.900028946558
10791.003119861498
10661.161325668967
10592.973061007948
10617.499599907189
10526.223041365049
10509.88516839012
10477.449510793629
10494.97215997702
10639.73161953045
10703.965343662701
10731.911169377068
10690.634338585403
10652.928729116456
10646.777960109162
10695.008684227412
10874.520169850715
11148.201441548767
11391.939105313011
11580.367147719591
11878.525165879879
12217.628570590447
12475.27834808054
12582.794178342121
12655.595705468755
12728.565965774087
12843.700393116109
12907.853219170052
12932.739999353984
12975.591615269503
13238.647778827584
13355.40552219439
13330.735828278594
13311.523862502048
13392.83036724166
13483.453727709457
13671.724101135975
13720.654584494825
13700.856820017867
13630.414155590306
13645.987907011406
13733.33409283756
13845.18964783575
13907.379529498075
13916.651905356917
14052.08655267954
14198.36408708073
14164.261860471428
14078.422528021449
14052.075750405309
13998.96069053754
13919.72844882624
13794.86509204036
13682.016145598907
13631.575542336677
13618.447207065163
13542.283414565794
13408.325943702079
13298.062255788564
13235.957076582796
13081.148692368966
13011.292443993205
12965.677987571597
12991.854696321176
13006.177784358613
13027.123842781131
13000.350236150352
13010.801649779978
13010.844149033239
13115.222826232266
13032.620396547656
13002.94878118395
13021.946130816264
13005.720908114963
13039.853901438477
13172.37245544018
13196.926331965105
13277.250082807608
13387.097222078835
13470.835331008353
13663.784114064749
13738.481486280323
13854.883018506374
13971.833971859101
14085.779534961926
14189.980943315524
14244.05955348675
14305.36312125327
14396.165533690433
14476.407529141448
11160.070300313353
11185.119675890783
11203.177907858088
11211.278345024135
11254.719241941431
11265.411204197031
11245.594482542816
11272.61261534752
11272.967664964093
11184.031425530315
11103.64192960782
11119.08754888748
11102.402721745917
11053.949797956311
11014.464308615834
10943.640535180708
10835.33771312375
10720.636052209888
10646.443921080749
10581.993199906332
10532.511574040838
10545.73888866743
10510.077250780227
10418.697569591146
10433.60461154201
10417.378575002223
10423.308927733866
10554.124091407022
10648.651206112145
10690.038897590173
10787.644584093856
10828.453971405776
10789.025020888634
10732.331473404836
10656.877894219093
10778.700898156956
11117.149445285313
11412.838953950708
11739.46595506057
12020.029645455967
12148.732577247436
12287.80751543894
12450.442615092818
12607.654491140895
12823.639665096507
13127.148097801135
13416.89459382849
13628.157599457854
13738.93822934631
13663.071798866915
13549.969350616007
13638.992854489272
13882.212693304155
13837.726408411952
13842.663334973888
13840.510177127173
13842.337290943775
14011.061867021366
14049.998412017883
14126.756584742987
14270.849535019493
14263.237407149038
14287.022603609352
14337.84044914349
14369.21702072436
14314.659965351288
14283.626445875749
14356.876689284934
14424.162223287074
14420.294416391966
14353.59147377905
14301.920233557821
14202.532326304921
14092.368246372565
14011.466179768417
13961.697540536314
13926.11759902585
13817.34626433046
13657.211473349318
13522.28101984101
13424.732971904337
13360.5095025921
13301.16965175938
13241.560487020552
13185.167031200523
13266.626292461166
13285.719897135623
13206.086536290379
13063.165524162061
13128.103669308686
13132.875449380714
13108.471754382972
13056.05808917454
13049.821155746511
13032.784248426333
13113.863411630487
13201.626316136024
13284.045138146486
13359.22095332047
13484.750428386513
13682.898305619256
13823.997482272272
13855.660498177858
14045.273709341647
14098.134592392678
14209.875378602777
14286.313840764233
14323.175008071661
14383.50579940417
14479.698857884803
14556.155026352113
11479.258380133368
11518.81227045822
11518.838247319183
11512.595299992745
11520.00079475301
11525.10600253429
11545.418028512107
11468.68527525158
11413.07822553077
11377.261724087917
11321.631219146717
11255.132798373446
11223.004685999751
11147.820751730682
11011.242919674838
10866.038014627187
10811.860139488816
10797.713948946426
10751.62854766199
10648.177188660859
10585.270799844624
10584.816696038482
10617.643847473315
10597.839281291532
10533.141205738553
10521.633827951555
10538.748237518166
10617.443275131554
10672.891832010497
10837.696031863714
10863.168547435824
10801.022019322429
10705.05310748343
10710.426257564442
10797.51480155403
11119.372251647006
11546.008974664172
11733.833050379515
11888.501604218984
12171.504044592251
12474.968852509272
12761.102785838757
13051.549140236939
13294.35499135239
13461.054011775117
13580.591296574512
13739.70392421126
13894.050640515548
14095.552040588907
14189.084385508571
14278.469058276925
14363.430557925813
14604.586418440005
14886.693906829889
14972.014262372315
14718.208600992259
14654.663364238084
14620.011433182934
14566.662468964545
14542.880016824154
14606.32291816253
14696.794081411628
14742.257398215352
14748.740077302731
14734.441957397912
14610.037257826294
14633.26689274507
14750.163734773045
14683.881052889912
14572.948364180214
14524.660561108121
14526.06044309655
14398.711029402171
14258.707632040378
14197.463731026335
14224.9313577199
14201.515566827937
14023.436024805991
13799.42443075568
13725.952576238684
13622.16444896056
13530.114215087367
13424.708427495467
13421.217948986148
13326.528658080237
13303.318699276017
13372.384718702695
13321.337455954328
13268.421690643918
13180.718271307835
13189.346030409171
13133.247787605795
13102.514924820927
13087.98046070167
13111.469699532281
13174.19391480754
13253.142768466072
13334.357161800557
13412.934780582736
13602.964936676628
13796.65776095414
13926.072676211614
14010.553553277681
14088.314544453919
14189.632275815402
14308.676724275942
14358.086777166023
14384.678238177614
14464.663765490126
14546.25003892939
14618.227911335976
11791.578659916428
11848.551446343252
11863.465750012761
11852.340929002423
11820.82694042627
11813.195767234787
11755.615936853519
11674.08888934267
11579.970735730865
11498.760847917036
11412.047796148958
11306.094615813368
11193.262689504354
11112.990822622496
11084.369471951619
11051.912736452028
11041.808079772563
10994.416083407325
10922.521684002852
10882.189064439153
10844.110432482461
10797.061630708886
10776.07478287153
10799.540521509247
10859.728618020234
10863.270192647904
10878.323349404893
10937.023315893464
11070.177251368625
11050.3379315606
10822.905115308757
10865.86640095136
10614.140544895245
10811.261946471031
11206.14591117575
11645.079229447965
11936.382560910944
12110.561966681105
12263.903876587501
12434.888784619847
12714.974524058447
13052.356154840192
13415.238813183023
13635.904741906741
13802.414133308394
13979.532235436616
14132.096581693455
14291.256011625588
14552.09356941457
14756.876919299899
14802.009936035862
14813.643164545429
14954.564315695108
15131.874462526488
15116.687620203074
14815.71860284826
14796.246730869958
14704.340608624923
14821.554976921838
14770.523099026566
14949.568752420586
15139.86511685295
15014.201370930487
15015.795427463276
15037.24191936269
14962.40180973048
14865.5367990485
14787.863195277328
14745.477403294715
14767.795366437664
14756.695445938294
14752.994604724083
14706.01628783379
14709.600750992873
14627.440548939585
14502.006322173562
14457.100704587796
14367.61164259574
14058.27043291845
13838.325296291976
13789.942471250131
13737.262069256854
13620.102531922512
13526.096213858356
13487.149751612142
13434.154696453163
13435.707181010612
13439.354397551433
13320.690614702831
13257.848490546356
13219.652598010756
13176.541570427855
13105.204286128363
13142.394644716162
13180.372722724667
13181.370281594125
13261.86560613872
13307.672110616551
13463.495340091147
13669.262357447977
13892.535085957647
13991.961100213903
14108.593630033964
14146.642501354978
14215.98131072288
14318.9103576129
14405.33362641427
14452.534949271783
14491.274388078746
14577.029425289107
14653.602248582836
12045.775419265665
12092.64754927396
12119.076829385014
12120.048488477472
12130.011936968747
12107.14953924561
12016.763680071155
11871.694117002497
11724.894511596316
11575.839166403252
11485.57698759182
11424.241731010248
11366.802756046007
11318.868027717792
11314.114090640962
11324.741498871039
11360.641871568301
11274.139857636286
11174.256275777605
11164.903706423174
11146.67779158085
11120.743996867659
11074.471069574804
11029.54073980227
11077.841127965314
11109.35895776437
11112.681148492871
11188.61920737292
11316.067566049342
11170.137883014255
10973.876469134379
11038.803374739162
10872.734331127263
11565.080349122996
11789.581203630698
11997.07495660502
12276.330065370745
12457.314811538563
12572.236712599228
12706.72622914985
12928.60559938945
13363.25791375493
13919.585769698788
14283.712514683099
14587.305416094487
14919.324518228514
15068.955402642769
15053.07116500273
14950.0751307493
14993.203561460336
15004.576850971489
15038.166695294882
15177.320461373525
15359.518398674556
15517.593821118939
15466.92640993657
15268.889502914253
15212.452668078886
15215.144187951657
15367.617335741277
15492.430696191812
15324.10610233671
15186.541801078223
15261.557961733943
15199.373439086829
15146.420851262184
15008.3509257816
15008.264586910662
14982.956721221886
15040.150414126789
15047.277647819908
15028.291209161525
14925.264940881216
14781.863688246634
14702.51567373336
14641.177197709454
14593.21980654441
14535.215607960408
14381.3033184044
14169.205235167834
14069.829539036102
13955.132891522398
13863.949733112637
13813.895176969396
13715.544881890119
13599.798062292753
13515.303290810136
13465.872227033959
13370.883412444879
13307.450070931201
13237.829243439764
13117.42459871104
13114.73710168027
13159.471462023394
13158.833134459363
13188.079816486053
13337.00780913864
13394.462885588377
13498.692842916122
13785.796334449338
13932.572691714888
13949.960680904462
14063.648667420926
14150.798613369521
14233.212658375025
14343.77133659965
14413.215060172082
14396.095387511059
14464.335770432739
14567.274719775834
14643.737685151907
12200.40461598547
12263.85230525531
12299.905010002996
12290.005202129887
12272.189244310235
12269.635790012033
12263.131727863401
12224.037233228617
12150.598096821472
12019.729737574015
11860.709887302248
11724.404623174161
11629.724907454827
11560.885240554495
11542.981594014922
11574.517570107566
11610.958373554931
11600.57013128836
11545.429110912673
11504.619170182179
11480.935394799633
11456.019471308107
11421.830674379296
11416.07647872411
11443.517783020015
11414.347418449763
11358.303093702463
11402.357928740705
11513.95893940606
11440.663704430486
11292.966813307392
11328.845109356987
11457.66333159121
11916.723698994563
11977.293506262471
12360.675759728105
12524.318279938281
12709.431815535028
13023.30356081724
13346.441137519183
13444.967303362295
13934.134840775678
14555.99158820302
14991.94887176431
15018.790741190658
14970.55236402838
15123.168938519128
15320.789167644974
15464.787402031587
15587.875917269106
15763.813817517113
15945.766255974197
16101.669183854598
16064.657383088233
15876.115641703866
15727.148324501492
15618.652288894446
15520.535214958149
15604.709302916519
15795.226732043782
15722.72645986226
15448.686070709366
15500.093983848865
15470.74363066628
15386.506613471436
15150.93894456501
15207.327008367067
15228.808904148498
15276.393823240696
15279.414062598838
15318.26848151067
15203.288901724574
15043.289210058902
14925.827306460438
14859.249454670238
14783.51596257105
14697.294330873414
14614.904987338743
14577.293161749601
14466.45311229687
14331.424346397538
14206.890255237133
14084.060530498815
13966.594070941195
13921.789183853143
13782.798343123279
13651.009875028707
13540.335890235428
13449.853853781608
13328.97359813107
13178.649184179187
13076.186956492293
13109.1711461749
13185.735409779481
13231.504121823587
13260.308525643723
13385.146112420955
13527.36763955906
13679.051945565194
13877.77254846679
13910.009777393332
13959.610908961484
14045.931867108578
14159.398510591811
14228.426768036257
14359.126903365424
14359.3531726079
14387.626127002288
14436.506277502776
14485.430815696374
14568.078462819918
12306.390515219762
12378.16853231072
12407.077649943549
12461.943976745542
12481.579015659147
12467.885597848799
12465.715774587221
12451.322410696439
12414.994621334277
12367.618950046313
12301.603184952111
12214.04079621187
12121.825354510745
12070.154406343563
12017.04927757508
11951.406215147612
11912.40466467893
11908.751568102965
11898.978761056289
11916.930795495453
11929.47229695097
11916.531817426669
11883.46706797446
11891.40153057688
11859.175810541643
11779.472697260257
11757.669671118421
11813.389564775664
11942.441666989107
12021.46479872831
12003.792766567438
11908.918874173645
11891.311664829156
12259.488208121593
12840.575457259025
12987.346906971316
13185.129368055863
13529.91563198573
13682.436876236932
13526.36425006964
13850.326967680878
14443.4922844032
14880.405325857142
15340.503774882567
15684.188100405105
15612.82671449985
15644.767626444243
15805.344900878956
15776.9357847931
15806.410747379345
16027.014882408872
16243.021791978726
16386.2714958875
16461.620720343497
16374.941428045411
16245.04588398685
16115.615120506014
16059.525978866932
16179.16237406226
16132.746380033454
15858.041069652743
15733.30345040942
15681.626033539296
15688.926568459812
15356.1483928859
15429.39239474266
15396.256603000846
15488.401962757624
15566.463612598962
15689.525059499552
15475.085792391956
15245.075523655885
15081.90160407748
14983.467180985112
14865.765386312603
14757.4563521935
14700.384073770787
14621.472113070527
14560.03187632361
14531.423857823691
14432.05598353047
14361.382400338376
14251.754843611674
14124.487171240304
14079.738232684578
13959.162273396778
13774.709212482716
13635.264818235408
13511.253989925062
13341.248760334298
13158.530091492656
13118.41587622856
13205.260724138088
13257.906755657099
13334.961958133892
13414.284699211908
13512.343006713167
13589.489794383955
13733.34383459288
13890.308624220395
13976.788677426977
14057.67553929952
14084.666025484164
14131.721469356928
14135.95089661154
14155.60776874956
14176.461996664224
14174.832054217202
14246.936043174539
14358.189905025147
14465.307140551631
12443.34670595688
12538.219160796943
12640.737454960203
12712.473073318262
12722.021471243348
12731.06421407421
12778.271259811016
12814.518115435403
12785.15652301204
12688.264830713786
12559.082376828845
12482.36800453858
12427.886760721358
12393.400396330055
12369.102006283221
12352.985000726547
12292.178555398059
12248.091334956132
12241.51427029189
12231.942342785811
12229.364671019666
12229.327431574246
12225.213635847747
12222.460700700665
12229.104550367389
12283.217698039194
12382.302027232157
12491.291738301443
12569.662870245544
12658.761605460852
12822.101908343693
12872.467034280427
13098.25871078142
13434.500445485877
13770.894953658939
14083.763484126663
13985.274951786705
14007.504720977453
14475.942443088188
14695.36472845103
14899.137018567671
15373.607663842966
15660.026707580791
15670.75523546549
15637.713832701154
15535.970732216569
15814.211399060703
16198.110259798534
16361.710490346963
16548.866502388108
16780.399317349373
16835.347006447668
16801.7943303728
16722.30446456498
16634.418900002784
16523.740823743374
16373.258020993399
16376.20616135325
16276.200335761298
16142.628523675212
15951.33499643908
15913.527326493626
16002.449544430185
15769.062312283944
15699.822787875419
15656.289494013581
15768.674402508132
15779.906411666354
15854.725383629893
15596.164562190572
15369.080193164664
15270.038548141145
15159.352850822354
15023.879298921942
14899.256181259203
14879.572047020101
14905.430391221142
14781.492614102892
14636.319241639463
14594.784324637285
14529.575774130015
14479.453269475729
14420.23956245806
14273.302674283606
14211.646797233587
14077.38523204167
13926.95969700737
13729.82350667385
13559.032749629665
13431.511806630406
13323.134424389733
13275.567066798563
13275.762000961833
13291.063188920922
13414.228819966122
13499.270746763503
13656.119551216167
13762.532157466181
13852.702693362824
13895.961376229032
13981.726974405496
14080.48559415243
14059.108848026039
14100.157488492807
14074.405565579324
14066.756432274842
14055.560330793216
14014.519828292123
14095.258713766978
14228.692130089385
14377.041662232245
12590.996986963888
12679.910309981202
12735.450002202499
12745.248392086596
12926.644054022903
13235.385957263692
13500.237634003455
13702.66466464907
13826.959901987168
13809.637326768561
13629.543354938258
13376.06359967073
13129.667084762119
12946.377242802746
12820.636188034268
12751.35747241011
12711.800301531546
12680.661389674184
12622.52940120475
12563.510761792366
12521.575099851889
12515.387600884565
12547.101308680267
12593.413417869282
12647.497388357266
12717.979018790442
12868.181700616755
13033.843048670764
13191.277642522058
13411.869322021654
13511.067340452706
13678.228856890419
14082.88126979255
14436.768208414984
14638.235269558696
14807.01075485617
14825.763893634616
15006.957212393188
15345.885145483733
15607.04193240989
15669.763046618404
15876.976738381072
16055.910434932775
16286.122888404718
16386.67652017837
16517.997194801446
16639.916351248103
16658.942568118488
16675.02282708311
16771.97137750553
16847.236431474594
16856.49392617166
16780.467540795147
16695.70340011771
16690.639714925554
16611.991666740585
16520.814310243855
16494.00213240354
16426.575898840227
16293.386728311234
16212.022245512071
16197.640594972505
16169.508042038256
16128.765345700303
16136.193727422185
16078.960476242815
15940.236588789297
15811.1685512405
15546.541153378832
15343.162510011323
15337.781763190673
15384.856986172977
15239.801601221938
15068.64562229119
14983.631729109768
14948.57110028559
14966.956363587526
14912.167843341818
14876.494677621475
14807.829079113048
14735.42979280285
14666.973848055199
14558.852249720165
14448.142480636225
14408.570769411032
14254.104202067027
14101.702955694978
13863.88644607921
13672.47749533873
13534.76025256634
13440.475762404152
13418.862889772105
13408.232931754736
13401.974054254451
13529.376910977651
13645.40800796169
13747.385598167317
13821.811486985784
13951.952699437616
14050.022611655611
14106.47042438375
14073.554580252423
14045.661370468097
14035.458354713432
14051.954588593273
14043.669324727358
14030.566329840001
13990.464321052043
14025.8077486404
14169.665403137979
14326.936904795475
12674.342172368408
12794.854394583403
12951.065369048767
13208.89567301474
13669.033900239881
13982.470693469568
14129.33250347018
14231.764584006272
14369.640950401146
14522.529386505461
14595.436945339832
14527.668959752165
14351.12074492276
14097.050775028045
13856.52176606908
13692.20420535008
13583.75905026251
13532.505641724529
13491.241919032087
13458.26157137552
13413.190528234407
13400.385691377984
13396.424888832478
13406.128798167976
13440.961541006896
13525.708549471357
13705.500748702942
13876.156172101464
14020.043883373773
14049.843602919907
14092.449308036197
14555.11525250799
14864.996326482096
15128.839645190677
15398.56635538448
15337.61949742166
15558.633965227298
15884.545629896678
16052.545971839065
16050.703763293659
16441.439194133483
16578.89954660304
16645.765919588513
16642.51898835119
16632.748787976874
16680.439678491883
16746.79830375619
16857.367009333077
16972.036275175098
17037.80726826431
17028.178249214456
16971.983563673835
16924.495871591847
16896.78977979967
16911.564246022903
16811.225922031128
16709.694868655275
16690.67751352174
16584.410382986825
16498.508936528375
16375.786941567916
16334.758791808705
16393.34625288523
16408.912948058532
16282.909565252046
15960.96384611442
15766.19998027292
15668.17023356726
15380.109795548944
15409.968107160454
15389.254182139066
15152.772213953178
15084.410411521456
15227.136289732784
15173.096475471846
15102.319055136368
15107.06633376552
15044.756426449934
15032.371958287578
14996.451456125897
14889.986438177973
14812.267750172981
14753.418477618816
14590.81325505684
14494.351313452249
14346.60883542055
14135.105414592615
13987.799773743493
13868.208800401095
13721.367854883069
13659.047649530128
13561.062567135834
13516.456660292712
13637.43070720148
13716.774942898051
13820.643383468714
13909.357836304092
13967.228672999316
14056.435779283425
14140.023166943145
14157.771818933103
14080.15987656657
14035.637231441866
14032.727483080607
14052.554006290286
14076.592930355917
14092.088382655258
14112.917452750644
14139.318885476981
14247.404289117596
14374.086941018817
12712.702787976792
12851.254748662226
13129.440906221318
13656.80030969957
14382.808675706803
14489.827639667152
14274.760946857512
13996.234877346049
13859.349220542374
13974.260282629175
14108.63787918328
14170.53463483235
14247.248537920192
14318.779652275001
14305.340548249336
14233.985706803605
14201.810486889077
14207.813830091494
14192.518891642569
14211.755857611386
14222.291552826002
14274.261611518905
14327.529337463266
14392.960350676174
14474.198353257434
14541.06501980883
14609.733280435785
14631.749948703471
14634.231141722757
14828.304304897474
15166.977216076477
15434.262709854633
15703.497503365825
15876.640228731496
15766.10851626573
16083.400739269606
16417.947280008324
16263.999475430881
16439.67365198857
16678.2705551785
16697.229032486804
16869.81722636015
16975.731129917323
16800.03328090924
16770.783760665214
16980.043865426553
17192.65701296985
17220.669190517434
17177.33720540335
17170.630286013846
17171.926896930356
17167.06414756019
17152.790107570232
17175.795885682615
17193.643467150545
17117.273833322688
16936.380898294065
16833.830910451667
16741.2160959417
16615.191042521572
16411.6380048431
16472.360157953102
16497.84607754951
16327.50648189043
16376.562461221321
16092.708127957801
15710.572063826276
15549.544131584602
15308.890929470626
15254.877284287384
15210.734678434514
15208.652920749268
15279.074290879635
15167.191688779661
15025.655411992773
14989.749699794009
15044.235347553577
15113.57662456501
15156.533698391004
15100.036761053208
14948.978385255808
14874.706965063317
14810.530548704435
14652.01187089066
14492.174242371595
14376.82818779219
14222.542911217834
14070.29900139168
13984.159603754246
13867.362091723435
13788.162412204705
13763.228237251025
13858.875341109408
13945.563655627942
13970.01786001592
14001.746167556686
14008.011482826516
14081.907035089791
14178.219266975013
14228.758535553445
14257.461610643806
14205.692363681543
14164.53323285539
14154.667804045965
14145.294146195325
14191.86310076619
14238.73493756629
14286.70766355891
14336.815768088753
14410.1599558513
14491.667650830088
12694.850100631804
12889.851207789583
13108.791041913883
13493.460975545258
13902.029204334707
14305.504917908684
14438.659976713712
14441.016716884078
14364.303613977569
14491.285492417837
14718.936968482325
14762.633391065247
14710.403356463268
14744.201145356334
14793.380817176527
14758.747189064488
14691.396661004803
14673.706475460029
14688.64688524993
14735.549633382372
14805.952290064502
14886.919578087103
14978.829300869254
15090.966422696163
15218.798629020912
15273.892781056049
15307.850624515806
15405.49248589602
15529.711088673746
15717.247215489702
15885.04888312085
16050.847131687875
16218.428993813382
16337.32303707146
16513.112781307547
16407.50135693107
16418.108957773118
16587.274569238958
16750.167724587416
16815.675625116124
17139.45006329652
17103.480406128478
16965.745081151785
17109.007456576408
17246.684751374883
17308.76141806722
17342.836128907846
17388.7185492887
17436.86438272847
17472.19127783472
17492.454981117964
17465.193616978275
17406.78536379923
17413.972881357986
17365.041708379107
17301.792839561134
17202.462873899152
17092.420195130228
16948.87106094737
16711.32389253034
16528.74061545207
16573.614164090453
16480.25980701131
16635.48841140748
16561.91128135066
16179.741953176472
15898.009572714187
15466.00242249624
15353.717602731542
15617.052273086932
15376.246891197366
15285.989185339597
15075.301772640492
14977.647169047737
14989.271865422463
14986.967682837074
15125.654854200686
15220.21079609984
15181.073808907287
15114.01885060799
14998.906994895711
14923.367269550057
14821.770178498873
14709.323570795377
14585.781238594118
14392.596679302847
14308.129059252075
14198.109610675423
14057.510968898678
14051.268732344828
14016.597310689107
14040.934726708098
14136.999779590866
14144.190094659332
14222.519577751946
14169.750673175407
14170.840988821654
14242.436537788431
14278.08185133887
14311.265557214545
14336.327062651964
14316.171370114916
14359.448968895722
14345.867755811809
14358.673199829396
14405.563185986197
14465.482312982855
14516.153174801595
14560.110355589046
14604.446441897628
14659.875779754795
12587.168400376002
12844.819961271653
13108.260487033214
13001.185528304579
12651.080304281477
13287.536199591694
14174.9725830626
14967.12782304373
15215.035420445742
15204.952671045474
15398.942654843962
15517.156547196118
15673.422905217807
15762.293637668052
15644.478506266003
15509.240470555844
15423.797472901895
15399.07154047094
15402.27821671858
15445.348839581662
15517.001966810138
15594.863956963489
15666.420565799259
15695.328464114278
15725.50819697081
15791.888076175264
15876.609502208748
15957.890929448984
16110.284718139017
16238.3648740112
16321.548009433593
16494.69979613794
16621.24345811309
16648.831922622227
16679.68289048996
16730.379979617446
16755.044965548772
16863.150328887757
17157.318861719985
17214.729172812826
17172.624619933995
17196.95433704111
17227.279161142946
17360.36985945773
17496.45607479693
17566.153004623488
17584.453626930524
17614.084191131467
17676.947799664697
17650.450216345525
17628.416309427626
17597.754716345913
17494.532347350156
17436.8231151499
17423.5054966326
17361.97287236394
17383.982214226922
17286.033999163956
17072.15742584018
16833.680283376252
16660.251597737995
16832.919540554285
16742.67485873341
16556.28594583306
16424.430556637533
16124.239092198435
15823.532423828046
15607.980948088549
15252.24034738746
15362.533059019937
15356.905585435807
15224.243278909145
15152.52485824788
15158.756919931666
15291.196814152068
15281.017854188229
15331.622884154236
15218.510925666924
15270.935617439658
15169.996409650785
15100.576474861926
15039.89988174447
14908.445305405869
14722.428166661606
14565.918646281147
14565.740295685147
14370.39538538372
14261.167804925322
14148.205782192816
14143.426723252696
14209.329113668551
14184.068191969041
14177.711188077892
14275.04862993494
14321.915284150004
14308.034067156103
14443.334551380196
14352.121979688503
14334.320342383437
14188.427153582988
14268.01282993596
14399.190724086206
14404.138529534592
14380.670782016687
14492.181371369634
14575.424601501498
14668.277158449133
14720.58095539275
14739.770339259338
14755.572312126405
14801.114030544137
12566.89480245392
12834.131298059005
13398.204773625304
14041.852538386833
13720.670352178628
13109.232870322598
13693.623725856269
14202.024900180893
14963.541265934648
15275.0026690446
15198.140588529997
15297.93094767827
15564.862398125872
15835.143724687343
15996.58693004912
16077.984929112778
16108.324141670224
16129.62184275612
16163.171008010808
16214.434982197376
16247.087166576492
16278.867359377897
16289.388323183193
16323.457138428279
16378.982933488125
16378.700625480487
16462.825484738813
16536.631536984125
16623.96702588339
16742.94600383224
16829.354621346345
16886.86867756003
16869.48936271216
16947.53591389506
16970.362778076767
16979.542382220163
17295.289701224367
17301.658717972725
17331.50984799243
17352.28364767933
17327.744746959557
17376.663280651428
17458.593187916962
17565.206560727358
17604.67213148983
17604.356010246942
17633.405986883114
17681.917055763504
17735.189887888755
17774.85164681337
17748.379933973083
17659.43233438712
17565.963756303412
17468.106840136817
17405.50728013751
17338.95299821549
17428.429582305205
17403.210338174766
17313.773894514525
17101.96551027464
16916.751883116252
16957.3887562646
16880.804243060964
16769.418015342904
16450.458891812686
16572.51932899233
16193.454466922893
15653.438030452424
15342.517166613688
15163.396833530587
15348.02625850387
15478.488830902623
15424.72630305014
15339.257913446967
15427.41888116679
15443.011733269772
15556.474299849346
15529.330129900569
15464.689881271745
15353.173551545426
15200.058781300302
15130.815631311458
14903.329949864468
14808.716150573191
14606.833453911082
14530.693801798028
14306.525199852795
14102.560823029344
14160.77191743314
14186.761406148093
14185.162983815137
13984.494847930879
14176.989759638582
14352.80957641589
14526.058899214224
14387.057218240963
14457.519012718994
14592.204341221199
14583.484508445743
14429.146332723078
14505.036003110208
14346.523880392024
14528.148414420031
14400.69927749977
14649.614929091818
14764.382740894143
14814.452905326834
14841.766249811079
14834.793782935043
14883.184258954765
14926.480333602543
12902.029473079048
13400.60827072047
13914.349512125029
14283.162633950653
14365.395210992016
14481.16913727241
14568.415301131507
14871.870732694853
14846.662674573341
14927.803547629977
15228.263166342067
15684.613298519685
16130.464806768361
16447.29386288891
16573.84815296711
16599.90966500716
16650.06521180293
16731.1170090613
16787.624191387087
16810.90196289364
16819.697074056257
16825.616703122312
16844.133493388992
16848.03195547248
16862.49714322337
16898.51455569457
16956.570996256418
17027.023736724317
17107.291771337015
17142.300731625084
17114.633754088376
17163.36855638106
17207.836104950733
17158.05233459232
17320.992741165406
17390.573973577382
17505.57548969594
17463.00518789643
17422.326971604172
17402.381613205205
17438.5359194812
17537.52494110539
17559.875265265928
17593.23569669535
17660.360775958114
17701.41720853112
17717.178660715497
17719.323883864716
17759.80440480008
17807.112359870003
17780.893988609074
17722.01820459973
17677.83775007308
17598.41912132363
17576.484775404253
17567.15505923724
17565.879446077193
17489.682597641146
17389.38861904107
17134.132232741336
17015.83612285556
16978.204310905385
16995.517043869288
17003.637095638733
16775.720789052124
16632.23188799576
16412.031332144983
16202.698382183142
16073.48152311486
15942.32366212009
15958.804834724931
15914.332676815082
15918.813927047591
15894.097803988654
15828.473595648937
15852.738578670882
15769.633187011035
15691.483998738302
15603.688525354326
15510.662143940186
15383.505556232196
15205.300628268948
15049.129547838464
14841.452481300485
14689.18860428713
14388.244972117487
14235.904725155606
14246.174179593268
14172.07598085928
14116.131893974789
14030.554796367318
14291.51561566982
14282.160221644592
14518.26990731269
14254.092567961148
14297.22161882885
14283.418171370484
14512.069444536024
14589.954833200332
14661.392989724922
14599.068855669131
14541.379414803161
14555.720304659493
14625.916330043305
14655.303100977442
14722.88910130837
14813.013727075597
14830.663421869593
14867.775576899561
14954.583708813327
15023.74041540247
13557.947892307726
14054.357533164015
14538.774726620637
14959.480617939922
15008.487226563782
15378.792810384522
15646.545044822538
15689.100629107481
15910.985567521686
16203.40911166018
16392.43719850901
16657.114514194644
16917.46085464674
17058.32560031611
17090.33540458118
17098.533252692298
17135.756368751816
17164.508913225225
17168.847021969847
17152.312809220857
17183.065690457068
17205.06370462578
17198.574202510736
17154.851362307152
17160.06496869755
17225.70036115626
17317.089104055198
17313.938712923682
17318.59100703295
17376.448317141392
17432.253345157333
17391.959085564464
17428.762089764088
17469.191140792962
17595.2545902563
17569.292844175357
17619.230836023253
17561.69161303249
17449.360651664036
17462.42534937942
17492.719976371376
17562.124664523366
17612.944860721786
17716.812797242575
17753.511562891228
17703.4098874054
17629.528369368076
17608.37054017288
17674.418366455833
17776.00037280653
17826.757466147625
17830.419380269672
17848.91822697886
17827.637149862847
17723.518821644375
17626.254415185304
17577.320667256972
17571.408137858034
17462.70489961365
17305.858549816556
17104.799728803602
16993.34269732459
16962.8784490224
16975.23194384798
16966.891023508004
16821.456183925064
16654.846334685408
16516.265304390356
16440.764734400334
16397.012183494888
16376.503031631859
16352.406100313487
16316.388199319617
16243.632855868542
16083.682509763828
16035.644239988314
15901.55014865717
15803.177901295785
15712.090161450771
15642.009838149295
15517.876770295277
15361.486109015861
15170.249267187264
14975.229274777446
14766.850788641055
14523.396546244407
14228.797088200017
14090.76938082985
13875.932982497798
13763.63753661363
14088.189223020907
14116.529404409277
14259.47439601141
13948.715658281626
14022.648634781475
14061.806933077083
14243.412973307915
14046.668928524638
14062.912696961339
14515.215810577725
14657.633047807258
14540.590920270246
14464.843603014215
14550.85801399887
14611.467011676448
14672.820325455838
14750.084571938865
14787.005213507158
14931.771188224024
14986.289757863105
15063.396750921747
14533.802603307427
14919.731568886175
15310.518957372195
15436.37364965824
15691.168063369834
16106.072978229386
16216.211930657324
16351.745179914538
16574.230820201778
16982.010994359018
17283.093738457283
17268.512521856494
17294.241723701336
17336.525541861058
17326.98648766694
17339.27708593197
17395.203445899428
17419.601455203418
17435.160835105755
17438.662903344277
17449.85114531605
17462.077219182946
17463.110383823718
17442.274820576327
17497.24941941659
17469.747203616895
17466.820238997418
17449.4774191683
17514.450654854023
17554.584534152986
17563.97361539854
17545.551526423045
17600.711118466934
17636.566001037536
17654.78829621958
17613.376005226142
17475.53325827
17460.041134418283
17434.566021132418
17362.189738628425
17382.040692633662
17475.24700943503
17547.632537057456
17595.919216936105
17575.375363383548
17548.381662159696
17553.791645246565
17631.130810477713
17736.352546933038
17826.55728714237
17870.152087268634
17870.7722378249
17881.282806520434
17869.963763324617
17832.01326203946
17799.350875485452
17732.999836211653
17633.395975447653
17498.97863461365
17345.97642888597
17235.130938962513
17201.173608451954
17099.370796986954
17059.520418559172
16958.73751686325
16875.03954601326
16798.550059714435
16706.148571772308
16599.3627669795
16580.426726512393
16523.230022023152
16510.23236279309
16419.721058853444
16354.037179802694
16269.287948609865
16184.562773168043
16035.631717130711
15939.150015229738
15891.0729534849
15779.326351198186
15623.381083401193
15508.39323289681
15339.646705098106
15135.45419168951
14921.54482670384
14704.327944943541
14388.816647585401
13870.096301524216
13811.291039999849
13861.412219270826
13726.781606620876
13642.090079310652
13765.540880466873
14379.429152867018
14038.425079484054
14166.574976701977
14323.056559535798
14473.105673508675
14392.927185816696
14456.145409992776
14484.529473613147
14470.579315258463
14497.668021920172
14566.071121276907
14535.018725388298
14647.474327788152
14880.521363766353
14818.050909114205
14964.052520974601
15124.480209551713
15143.506609916229
15525.930926689267
15761.949849935356
15982.443098753201
15952.646757097062
16152.958101919954
16280.076045195667
16482.46314974838
16682.272165286628
17043.738013034712
17177.983058844133
17183.59246021436
17275.512585098208
17407.156561212465
17496.721511262265
17521.642184861055
17541.554173945304
17620.613923585035
17677.845579062217
17693.024281169524
17663.69598243791
17598.797400728756
17552.20500653953
17576.356033339172
17639.37871165261
17547.154082723733
17525.452404655633
17508.058001283538
17602.83912684143
17623.186283444036
17593.629216663823
17590.552276409497
17542.767252722402
17508.680751434633
17463.12336368231
17397.984700855555
17360.39351891095
17304.37115898199
17208.624273914324
17160.843305238184
17248.52721262809
17355.37813213209
17415.652528160837
17427.888308176913
17433.138545317335
17477.514578681792
17523.60817678411
17580.81651205202
17674.523501758453
17788.313087509687
17874.57143593274
17908.78401679333
17945.805457023616
17963.5569899923
17932.66766541259
17942.805633286167
17848.145872989146
17864.3184090697
17747.846427583554
17652.97454873954
17539.322051813684
17424.49568167692
17267.192595011813
17129.981930432252
17056.750162733973
16954.148538334393
16967.671730297046
16902.990169187513
16840.748626091252
16797.41335501316
16740.730844564227
16689.754918016384
16643.987285134048
16583.20589117764
16503.337132022105
16417.28985499651
16310.405573518541
16201.34522336245
16128.821022210876
16070.847245134502
15964.01667640703
15804.913307103747
15639.39556954136
15509.022723492619
15267.225363638629
15089.032801431005
14839.77477279001
14400.249289184312
14124.360899383319
13770.072109926914
13547.42505811889
13518.328390998677
13577.943830379216
13736.157275624366
13771.234924845
14046.051217622697
14160.522865932178
14471.056596022127
14327.922039484329
14404.288035814496
14398.053939390235
14370.373656734897
14337.75964391521
14463.46028448646
14442.655033955712
14552.411034192348
14555.638806914678
14783.717827554448
15016.061839812342
14998.238530275907
15160.497176710913
15302.777243805373
16252.099529786254
16389.85859753601
16563.75015126123
16584.355108654032
16730.636149263668
16825.9572908006
16899.28824119911
17026.57394716096
17124.19071529969
17279.2270332699
17423.77288467305
17562.30975925738
17631.61781531251
17661.393854453232
17723.697061869505
17834.741410404484
17910.824435559276
17871.138775892683
17760.213875119192
17645.78789228639
17578.373519312383
17583.6996710706
17527.29785443069
17543.644153989087
17509.84924892431
17558.519534682553
17585.2105995283
17575.14384670202
17553.47645961283
17455.565889879068
17393.039690552985
17311.837418559786
17243.93766473741
17180.24096385748
17161.750472093674
17137.40306794441
17117.86845708906
17152.114267756977
17215.718901257937
17241.0821499767
17312.456050021687
17381.136400285217
17366.556705092804
17410.902658809384
17420.251139284526
17535.240041034307
17655.47848088787
17733.981637747787
17805.83232830247
17879.410635692304
17896.572488355625
17895.2578326412
17920.562662552264
17924.587911581213
17908.50883687968
17923.795260997642
17891.58482403113
17814.468385841796
17757.22273871264
17659.46734485946
17577.82811958105
17465.52785229743
17368.623712896733
17281.723979318533
17244.61834754645
17196.16022434805
17152.262070461096
17100.938350916073
17050.282751619005
16982.406542145527
16904.62013031833
16837.32573699519
16782.64649440619
16657.62294766398
16540.221367864186
16457.041498872673
16335.468993974831
16271.304761930738
16210.726151477622
16080.735523880383
15929.404639412514
15832.737983653033
15697.928414566046
15550.15571410484
15349.976881809529
15172.709479586982
14972.845601819137
14627.523968323281
14227.04767784783
13905.323920129309
13886.991533742132
13725.028380819602
13703.751857325307
13885.773121129134
13922.145617832426
14168.708998963675
14130.619833432143
14226.070720650556
14312.6185569269
14466.695181873289
14413.696541986954
14497.863298890035
14418.327461546785
14481.601458682608
14496.850112115326
14566.917893039017
14732.4648350761
14816.114170448891
15065.505083248667
15170.270489893537
15462.860062252112
16784.742240018488
16871.621390749227
16935.50109075011
17084.9202963052
17163.200656242294
17214.612674909
17273.744953604262
17382.928111420406
17503.92672182278
17604.882892748014
17687.908369906305
17758.698662257924
17807.716472753764
17873.274439345547
17916.8514315417
17937.718730390632
17951.196769913346
17911.19285675657
17809.44444341701
17730.738248953767
17679.952639950716
17636.88666560867
17641.99987231215
17581.15510635394
17570.721128184243
17534.615211898577
17513.088505947937
17468.435329167994
17366.2952617496
17261.200251936796
17043.381037022984
16909.34751356684
16870.702666146935
16912.22533764338
17006.703882121816
16948.393818373763
16864.876914534318
16884.117909588327
16940.22001811006
17057.32899196413
17149.107740769203
17093.215095498213
17154.164983146155
17217.803641962986
17333.140179042734
17433.617097792452
17593.599716468976
17752.335869836978
17817.863661374442
17817.013958647334
17862.752373143478
17896.940812923604
17940.286036731013
17933.814858855356
17949.220305836418
17924.63520285297
17907.23183294644
17879.893798335193
17821.19791958873
17761.283780010504
17695.567018924638
17631.953940646963
17586.848578176363
17535.240129928912
17527.38452266235
17512.906447363785
17463.223138496513
17394.914617880022
17327.619759786336
17274.659661057678
17157.022103031188
17105.23765226225
16994.50964184588
16895.208907141994
16747.058269945195
16647.635978408634
16550.15141576078
16422.39957120633
16302.276434235644
16186.043354053503
16061.934369355307
15968.670868036023
15854.208483408018
15747.830483645625
15666.614724104906
15488.971828090553
15291.542041143457
15149.569216757338
14920.21920624689
14649.481653077175
14374.89565712256
14374.636309174972
14425.406583045506
14338.338475631344
14323.061938961211
14325.144119406119
14372.476846969366
14353.473696974705
14593.888763633586
14560.818867002765
14519.691304506498
14645.671601082913
14592.514210649753
14477.181775902123
14603.67176350781
14695.957743121706
14855.427519524372
15031.603285921692
15320.076384341877
15516.00480859455
15682.131431007714
17149.349973490564
17183.94077140907
17254.989714718373
17336.7227142213
17355.39312296685
17449.700242656534
17540.86105988127
17608.50511524677
17667.790557184595
17722.62001600907
17800.58779385818
17855.56358005123
17873.023200252035
17908.77082433013
17912.368511727003
17866.730023328837
17822.305895279675
17803.582466810534
17786.191806295854
17741.802214760733
17707.15162849534
17702.678959309615
17667.25097409916
17570.279583218075
17441.797673230772
17397.91842974841
17366.04867745168
17253.12718252907
17084.440032181683
16848.313073623336
16556.306537886365
16423.23174417224
16349.898347116321
16394.873034606266
16230.910020084653
16222.083473413088
16297.612716971335
16355.264039306956
16402.425007195703
16531.64443625808
16810.53379401578
17077.637169023412
17017.55646258464
17049.172289279722
17133.229654938434
17302.33170450198
17450.855195768265
17627.05269300208
17622.012755158587
17685.108919805854
17777.937376395843
17865.349578370948
17897.659165944286
17834.897707867767
17868.701440051118
17996.52371158149
17933.514604649976
17902.075061251002
17841.322991215686
17799.675827443847
17733.060705383712
17703.35938165625
17638.726224500268
17591.487839349324
17543.879431693502
17525.826705201205
17496.936051787543
17452.998757749185
17428.66570421492
17402.26567475647
17341.609296604216
17288.23715571008
17249.870277267768
17126.399870426158
16961.726183821902
16810.644985352286
16695.519019471118
16598.828882688387
16500.74299255099
16388.693159969083
16277.099194007611
16180.848026428697
16100.140757953519
16004.965356996232
15892.301174235956
15771.397114237505
15592.89062328507
15469.492915120461
15337.540178536949
15265.51997760681
15133.62653009422
14916.997856940856
14849.82309438316
14795.425527615016
14635.829398018937
14634.822502162804
14587.520407197138
14689.964893718365
14751.317168638485
14767.513826616116
14818.655962779432
14814.715936690749
14830.451161806632
14840.966593580983
14880.142296431512
14965.520589396272
15227.753721466843
15534.151927906985
15703.731979808792
15845.98167894546
15952.939714704371
17372.222376489983
17412.480492941002
17429.76492533899
17440.68098037835
17517.101160725313
17598.078723620478
17642.18662058378
17695.777083553792
17697.66539321064
17759.80230953645
17862.97773691686
17975.848365965237
18035.869542042
18043.484696358006
18009.721830667244
17920.20845553445
17851.178440452477
17811.996111690187
17772.426966160947
17718.602484078663
17668.669659171475
17649.999237284002
17598.168836466382
17495.545234164518
17368.977101958404
17297.194318394708
17196.845269854188
16986.71692638414
16841.46659341202
16637.488661875774
16378.609928961245
16076.612461751432
15933.52891595996
15784.9078714626
15749.51071358828
15818.914978840055
15849.326576502368
15945.582175478015
16202.070650732296
16409.799076739295
16641.664981982412
16816.440959002277
17025.40958456742
17007.717616254336
17119.10843171832
17149.213654179774
17281.013609766927
17407.52889706154
17709.79896224777
17808.482852170557
17710.148421777645
17712.754894860267
17833.36281599508
17977.799894387164
17965.15232478736
17865.997577870825
17812.992530225074
17793.924986711845
17787.948864680257
17699.480868315746
17657.87063966958
17618.2933262366
17583.78203467878
17513.782594077198
17529.438801963293
17518.337660457597
17489.821502438906
17495.228389908043
17489.318009094663
17499.46066601118
17501.265071421745
17479.31530835034
17426.67634632028
17322.86774316274
17175.810029391523
17014.203940899624
16854.644988980446
16718.032049261503
16615.28398298114
16512.371544792535
16440.67405742832
16371.028070862867
16287.25467642789
16184.27396993274
16143.801468315425
16041.057485988584
15921.653892462187
15808.3616604217
15754.427728262743
15675.950952747055
15587.052492615423
15467.569575625716
15335.236525226876
15246.182222683869
15196.44904276404
15145.872569653173
15106.765650670684
15131.0835863734
14981.137987939559
14975.392294243542
14966.154493447164
14986.421809047262
14996.852123501267
15025.899333696365
15140.767408837715
15377.514349476305
15674.942115980031
15904.219594012677
16016.135637859745
16091.747039606675
16234.03804100457
17538.263885755514
17555.28092367796
17568.382580636127
17643.377274986957
17651.424095894887
17680.749443412475
17713.985829333214
17751.70797803099
17791.263925202766
17832.91920404075
17934.76500339877
17984.75157183912
17985.82008584862
17997.55230514043
17992.033475732274
17966.769837762386
17936.437999016198
17903.476061533067
17851.748459912178
17767.898548133384
17697.70752534059
17640.02111425601
17593.138902425446
17482.429426877676
17382.241276416487
17320.045607369728
17158.30063872126
16932.9965854649
16756.640011056235
16566.95076949516
16250.563636360053
15935.04760453202
15725.013698959741
15515.118507445306
15380.284311384003
15591.677279764557
15764.921379029372
15922.872479536969
16165.076645501245
16432.14804009974
16641.85747194694
16926.790802543183
17057.671500680248
17061.882884261744
16987.61293908737
17112.96444516416
17227.995657036085
17436.366813718752
17467.878543967618
17619.86651186736
17720.917916548173
17729.836483846768
17720.933232762975
17781.558148518598
17856.89795739881
17875.667568625573
17788.6851168935
17774.68914961446
17711.310200866716
17555.99400450186
17479.189393519147
17492.892857254472
17442.397281061956
17341.32097380016
17322.66577831986
17333.871385952396
17339.17726711545
17307.72125814913
17365.145396246902
17347.156758661855
17380.77570009669
17385.640154526016
17372.252906894464
17354.212520975518
17330.874517952398
17275.35324243245
17138.773790289782
16986.133972798354
16871.72548380677
16779.061877015414
16654.651131791685
16544.599654768634
16452.85197779629
16363.077249178663
16287.732159388283
16206.287876199913
16118.086140789932
16083.060265836064
16066.710672419853
16032.44233450229
16001.67313594066
15982.913543130773
15816.887487065065
15806.977396388053
15752.614500854052
15657.478411002905
15563.001107194996
15623.734075269918
15565.299172921808
15398.79196922913
15424.912402437247
15440.239444615407
15437.859603670197
15575.679185283312
15717.949271332895
15882.798724938686
16063.682500668148
16278.601348878256
16313.624577010787
16405.625689240518
16509.07641335958
17638.215413174177
17643.120287093196
17661.54729168962
17671.63840798773
17675.514841618875
17721.67968287194
17789.454224853842
17879.518421625507
17876.990861873015
17848.49134093342
17876.717455145845
17888.021004674178
17844.423611368027
17791.37745459744
17769.704165247535
17797.588554436566
17841.197053377564
17850.565757283326
17831.21072111307
17773.69645568383
17694.805123202823
17625.959498503766
17582.47010931306
17543.99373205959
17459.89428644956
17340.202527507645
17234.072281546512
17055.32673048055
16834.43037356233
16592.912428049374
16393.272784710898
16259.99944008104
15974.399836641307
15733.740749422783
15679.684079562194
15756.923684024146
15840.719195186426
16094.07339051792
16250.060987272429
16376.576899350379
16620.344153137958
16888.295227897597
17043.447582440935
17053.945532700607
17146.8160374917
17092.185469796757
17202.508173233597
17410.515562586734
17601.601156331915
17618.032154324817
17664.208931767655
17738.74069711652
17712.925677286985
17714.044026970074
17779.39073651128
17813.579036407245
17731.981246695756
17655.17624594588
17543.12804024797
17407.7883840239
17317.321882979642
17288.587435536458
17202.481074972337
17161.44944828068
17174.522794817796
17179.02891327453
17164.504716247837
17250.9888918681
17369.763897521792
17416.442789339526
17391.035862787663
17346.33716141189
17314.09511685184
17305.511558674276
17284.664561209298
17289.16154259315
17254.368044859275
17155.28179959375
17052.574756210488
16956.98452690076
16892.992638220992
16844.92383772333
16791.065052989325
16694.81007899019
16583.9155281316
16502.68829744654
16448.662728668325
16414.711280225092
16428.506178739146
16399.54028123486
16372.404251663467
16365.966845063227
16345.676402170733
16279.074599765241
16266.767984843882
16270.164206967196
16132.597380732252
16062.294883726574
15881.066763561224
15867.412720272234
15946.797988414302
16006.189670782545
16086.367446100881
16240.274838879119
16343.269761822363
16409.41638114474
16534.81476977734
16591.281592939962
16622.50010036705
16684.734295368144
16741.06167550508
17703.309249640894
17712.948667085395
17732.653082063225
17732.006775819802
17763.41449026467
17778.42007571983
17803.699002153266
17829.115632506637
17838.255049791253
17869.750653485444
17914.309648642702
17910.42338755648
17905.076997129156
17913.947934981792
17908.401289029243
17901.821056553676
17884.18510576357
17842.690514675807
17789.30097570485
17754.78811217503
17694.636389077536
17624.819168419657
17583.709293033426
17552.887048168406
17478.61089040079
17394.689824361358
17312.509930514745
17186.89707770763
16981.074054785066
16814.23809895652
16699.03510850812
16531.128784806642
16257.258909592507
16058.03588907787
15982.879493293374
15916.132118809968
15944.93544254736
16152.622060031252
16356.373882068774
16558.703300935016
16657.400885340296
16834.172040264566
17016.751161300104
17132.57084341748
17173.7700912998
17237.68221487733
17272.19129486819
17396.0228765584
17478.45226720627
17576.511244268186
17661.21758719136
17627.75305928124
17628.785661872236
17616.635806203714
17655.893918790753
17641.481850780205
17578.76117005852
17510.30748944904
17405.860306028586
17239.287469833547
17133.191817280094
17073.88741706508
16998.750053272594
16948.17239174395
16951.029194552528
16986.587486843997
17025.972752778704
17152.245011526385
17268.95304228946
17339.64871052376
17403.552209742942
17412.59867043362
17333.909805076906
17288.100578796806
17274.67365425427
17264.11748664171
17184.957707629568
17082.454050137738
17016.628084795884
16972.956073416855
16891.983152449284
16836.588274938353
16806.878442493184
16746.39230124994
16714.79356291877
16716.506336283626
16664.175319693208
16631.62674925499
16647.823296118666
16628.103328781508
16583.624480992887
16533.673357215725
16504.658408944946
16530.060186856255
16571.35072682713
16586.292132779752
16583.245584242773
16520.61602522661
16465.91223747001
16426.682688647517
16460.14231698596
16525.950643132142
16579.456923575173
16690.265149700714
16633.5807227682
16735.076597526757
16896.053305143694
16903.616843791926
16899.738389488262
16933.458012800464
16962.470770198677
17755.005365176752
17764.482884594927
17774.659903749576
17801.75780799549
17820.845356312515
17821.444178124617
17844.033766401557
17846.651747780965
17846.167693185227
17870.947614806777
17901.028375524987
17910.559266477798
17931.231600692776
17938.74589954066
17924.334424861696
17911.06580490872
17884.47674080969
17852.59989073603
17836.839610725485
17795.513373966718
17737.83622153276
17684.02481944751
17626.303372720467
17547.808784163975
17478.3457286881
17431.572379877638
17375.448885785045
17297.484152867266
17205.41797860236
17079.77899784207
16962.634358949603
16856.644541867267
16772.105448330756
16681.254504999015
16587.672817304916
16582.966066124325
16630.00065181421
16721.391798875655
16828.582535227677
16904.52054978524
16947.996633926792
17099.234223538504
17181.42434794395
17217.456861306648
17295.43720499781
17333.028929666987
17387.343706442713
17433.75066452622
17464.999671570302
17554.800218521465
17579.793583994968
17561.871410355736
17560.94407320112
17545.82470522224
17517.25692330299
17499.274614112386
17460.26461357014
17391.651029609755
17312.522314696565
17220.97623009554
17121.23043805295
16986.832684124995
16900.13214015352
16883.41527056661
16853.887304435397
16845.173092608587
16944.719020506658
17048.468389688544
17148.814140098475
17235.573923756012
17360.55897290996
17413.23708037203
17431.806642318454
17438.281514412087
17400.213507083172
17373.39729027548
17372.14593925957
17293.277659135816
17204.959511296172
17174.709550431773
17140.429026898528
17071.60817174186
17001.02562682481
16921.95674677452
16855.075793841977
16825.283386660132
16803.439365015638
16796.333221190795
16826.837952671183
16838.337840208518
16855.165803182394
16879.23373178736
16850.024720275123
16801.934222871223
16771.589237011034
16752.164714188624
16729.25782333014
16790.578835597717
16777.157251750385
16802.822064537366
16939.759481763187
16921.542752633464
16853.618763418577
16974.658640028985
16986.26836658833
16993.232305961206
17087.039625926463
17106.412320092604
17115.699935879245
17149.22220235611
17170.445837226624
17773.428468752805
17772.803849789438
17777.614635301245
17791.439402017302
17823.04656451694
17845.866238004273
17833.245297429123
17816.966595805166
17803.334241599387
17781.88009622759
17782.847390985622
17772.500290050015
17764.199912421525
17765.158928783596
17758.737905634265
17762.776934552
17764.62210747944
17765.102000703642
17759.5866317744
17744.55545886093
17724.518010690528
17692.682703899387
17641.619395593327
17586.994235745493
17531.599873227427
17466.827356984275
17415.047033328774
17367.726261489366
17306.757221393207
17243.524388736663
17180.820701027547
17115.58966877372
17036.596729930105
16971.69169388124
16899.558069808492
16864.587727178863
16854.348444875348
16871.27014371914
16946.124934246112
17049.905401197375
17178.493764048515
17254.498882585758
17205.190622221537
17251.445339531027
17313.146025998565
17285.454358155966
17292.90306946636
17400.15247925134
17470.922946108312
17479.103607208846
17474.88019163604
17481.437715938686
17495.598110330182
17477.375515317413
17472.660246355954
17462.951464778922
17403.639223709753
17358.520465763737
17289.259852138188
17185.493858134825
17080.750728630348
16996.570014245113
16953.04050231125
16920.537986561387
16952.054851267687
17061.446079970865
17156.104016446527
17228.93749997579
17311.836879547838
17369.492671268887
17414.635540969386
17400.938309558092
17370.628497902806
17414.917919130225
17371.706490098335
17259.856767982415
17256.056925609435
17272.769726879575
17247.991887521614
17230.825481526685
17197.808555649088
17172.06715997912
17172.58986488634
17160.330473522168
17131.882343362948
17103.874564679758
17057.037462800887
17027.024077281294
17020.626598747192
17013.63601974497
17002.06294168084
16998.834738391433
16984.61146861318
16942.048436607307
16955.96001767914
16959.363532059226
16939.677041222978
17023.264019275535
17082.02299767358
17060.207485770974
17109.352871209292
17228.107801592163
17163.18988740251
17192.69816272581
17183.285669412722
17237.88146419989
17266.52666086053
17320.199120932273
17325.622587159174
17331.806414473747
17339.1852670956
17745.77418552165
17744.72633577123
17750.388993833687
17751.25702889779
17754.70082425783
17744.34547051732
17738.883003919513
17725.8853921652
17688.663950444432
17661.746096988416
17650.89696233696
17659.067445578603
17662.895803908275
17665.333381306726
17674.72934509107
17683.501675592404
17685.635343911
17693.97553913666
17703.734059477694
17710.80755596527
17713.93048329213
17711.581230124193
17694.386430079205
17655.599456146134
17600.368157333512
17538.905207150023
17481.818952995876
17434.842134207134
17393.20853423514
17363.389616971057
17324.10607919857
17291.383001722308
17249.00055597481
17179.50616873761
17114.060586439762
17046.256511288968
17002.247255164926
17007.632758344964
17075.46801694007
17170.758677297934
17249.463865747355
17189.312451556278
17185.322105737578
17255.374499310434
17309.5289794218
17266.08063837795
17292.56701920492
17385.29115576304
17499.696605363504
17587.53173089341
17563.466945955224
17460.726023964577
17419.597103329153
17429.905924352977
17447.02554529923
17436.93782259925
17414.779666255
17382.14114624521
17332.575771391414
17280.572166651364
17231.600146050685
17168.671507641164
17117.88530232459
17143.67256450387
17248.815169182883
17301.55430434866
17253.957347808933
17293.57314549862
17404.70381709902
17505.840132785765
17487.46406652673
17502.277076656217
17505.898325170492
17518.499534250623
17534.376408354918
17500.710275236266
17499.84366114712
17473.360037778337
17425.796436744327
17377.13078538045
17342.01345200336
17335.66579527868
17324.30154953414
17307.546045246945
17301.237501400938
17305.320103250477
17299.834521977817
17281.86904023666
17261.232998321106
17232.108765046054
17215.409948218785
17172.19805121877
17146.642628572434
17128.25729972519
17104.311133024054
17112.490686524787
17159.19210587753
17233.41313699625
17298.713344504762
17343.109710982768
17301.54577523768
17287.841304978814
17351.799867871137
17351.758817019818
17203.226451776343
17353.36104670526
17400.271372207753
17394.39861136111
17429.396713576756
17436.960953376452
17439.149704151627
17695.007487418443
17693.82833500804
17680.69164596158
17649.45251588453
17643.29116742387
17630.767068807716
17637.96590156302
17621.03356357222
17614.028742831633
17579.206563955555
17564.285663080085
17574.86770519196
17619.225898131735
17661.283010667725
17672.912441071334
17668.66839533596
17655.370009129827
17639.85563716348
17644.805752815366
17654.229053376977
17660.94085114281
17666.12336475486
17657.893471882886
17645.76634711484
17621.32308698706
17585.06265918105
17539.168369334275
17500.210805467566
17467.697366218403
17435.060591047142
17406.670384106845
17377.223855805136
17339.502685218227
17316.13128852139
17282.6106495756
17258.645176115915
17250.155959002732
17252.706535495454
17243.11151288308
17249.791526799272
17278.179149654967
17279.332579033624
17286.705987782123
17345.16654969418
17384.656584309698
17392.85070491159
17396.722356417726
17422.89531134258
17633.17049413005
17627.74023004223
17570.80066938811
17467.02790960507
17489.164991442653
17500.26399693932
17480.32778205378
17449.957179269946
17437.570674901257
17429.943972018016
17423.81591784311
17389.488061296473
17366.433853764378
17348.244050002155
17381.050125183323
17369.739101987332
17312.426585605597
17339.32944496544
17405.37653080014
17482.859756358434
17498.568297108977
17484.8523100526
17503.301940633457
17529.049782921935
17571.369964992933
17585.10084193486
17606.454300154986
17575.81135950752
17596.60904468228
17627.306890739907
17620.751404322215
17622.779755284628
17611.05349912142
17557.711007358823
17511.670562631567
17534.099508213385
17501.561420066326
17484.67750108079
17481.165359985396
17463.66511034671
17443.63627823127
17404.999716800554
17391.921863670752
17352.666315235085
17346.736019055752
17376.221825259152
17423.778365824066
17441.95084467594
17440.730912139254
17392.13955883526
17352.13110581179
17346.810664429733
17354.124387326203
17418.403743063267
17427.4760208544
17474.85113250876
17455.15735048849
17468.820827426793
17452.17927689661
17461.19415711504
17492.058257716148
17492.549718693375
17492.4654589368
17613.489015918036
17623.600633451864
17605.510113800945
17595.199641965268
17594.63757223208
17591.681527538338
17589.02277389272
17586.753232677063
17587.85657443432
17594.170766666793
17599.110982653496
17598.391631262006
17604.027222820256
17609.280166763285
17614.943997177244
17608.041176904044
17595.33453478548
17596.062699240036
17614.762342570673
17630.113209993862
17634.785044451022
17623.710947487816
17612.68642445808
17602.389483318268
17588.96411146762
17569.636201200385
17546.03706680906
17526.016815823754
17502.606565196016
17481.516133836994
17452.310236023455
17431.303351974
17407.538276535655
17389.66512205681
17377.980467542282
17372.68985656669
17367.462882482418
17358.659174238506
17348.12790202487
17351.786927071025
17387.25758234026
17413.505704131316
17425.20185732531
17455.131814092023
17490.76780210449
17512.858765708905
17479.650132285566
17657.251874483612
17574.16017643409
17556.35313410576
17591.951234328364
17566.59863444164
17555.878906382484
17549.683259111647
17541.71181891625
17533.894676887223
17517.70592482444
17499.266758454476
17481.74706637472
17468.749185840912
17465.171045850173
17475.5545198189
17483.91763894434
17496.197887831393
17497.719079435446
17498.820833922713
17535.37788527568
17557.1049529425
17564.908172785326
17584.772729287277
17598.909426572332
17617.2233377777
17620.69831288296
17615.66202653719
17629.098217649298
17629.891601342853
17630.871017816182
17628.157638334174
17621.9773942007
17605.383335922816
17596.44697715652
17583.08583764959
17577.686938861487
17572.841296287435
17575.167032363704
17567.780503754697
17549.028726081855
17540.728831554192
17527.64450665012
17517.67188226832
17512.061932045694
17513.265180677132
17529.94110508533
17537.409114001737
17523.07832923689
17513.701645070596
17494.94661819225
17514.089849963915
17508.655425978388
17509.163508133897
17504.098043322872
17525.98318663203
17558.561834098353
17538.415725810086
17514.53588984754
17533.285593796398
17518.437277357898
17523.03396140591
17510.859125105846
17505.21332065289
17505.602651791676
17571.255650585896
17568.181623035183
17565.04748770001
17563.297363146226
17561.94393697659
17559.901986973506
17561.662281169694
17573.38351267852
17585.21302412476
17592.037891996068
17602.254164672744
17608.63697029246
17612.937122322153
17618.106588647322
17621.063880264064
17618.051898902122
17615.39065656678
17613.517643716783
17606.374833058155
17600.449460026917
17590.453546853718
17576.840006726397
17566.979997541635
17560.139756542383
17553.59233267421
17544.050187125515
17535.441847043872
17525.449117629796
17512.29583417897
17499.328724565876
17490.376274873586
17482.762822767036
17475.811453834245
17470.97882532223
17464.22478970739
17458.840649285004
17454.998643763392
17455.616379650764
17459.726955190767
17469.624905779292
17484.61953338372
17493.594535414522
17509.769933220523
17525.709245607402
17535.897094443397
17550.010002718056
17566.869129019873
17563.854753510248
17566.712104568796
17572.9646889903
17583.402504326907
17590.7766874098
17595.252853951148
17603.41301305081
17600.815100401243
17588.6385308182
17579.672740973307
17573.13175602659
17571.26991813758
17578.15193604744
17584.69078995577
17591.569973198355
17589.78448166008
17585.34649737594
17586.920457762983
17595.018672116275
17603.145569162287
17611.534824563536
17622.6803137202
17627.895143065893
17627.028841171697
17629.813651049277
17630.017401856298
17627.04454998804
17629.906248865438
17634.279425075496
17626.620092448793
17609.39451363655
17603.825628937397
17598.668411004404
17595.673034654385
17590.039126127485
17587.12426354763
17588.179102679584
17581.16820505942
17580.372800185207
17576.404789648972
17570.254240947168
17568.847447274034
17570.54683780219
17574.384588173998
17579.014354802835
17579.361652138454
17574.472483759928
17576.18040854366
17588.628360497863
17599.45287659095
17604.16018299596
17581.875954447834
17578.05604703221
17569.868615857173
17576.78785536431
17573.82419038797
17558.102918155993
17544.130420156038
17532.386872872718
17525.982908631766
17516.78709179657
17499.06787519518
17493.996119957883
17489.837168275415
17561.889891278413
17563.291642298478
17567.349370040123
17574.995127821894
17578.04336854347
17583.43558425836
17587.78892428511
17596.479776543463
17601.68207904682
17602.73678253009
17606.91038000001
17611.337763510026
17614.475875510034
17615.51757976839
17619.771439510034
17614.44365827173
17607.476167768393
17600.788461755015
17593.882015510026
17592.190870993305
17587.339006244976
17577.55162425836
17569.571256516712
17562.725854530094
17558.140775046813
17554.34022356353
17552.30486008025
17548.186088080256
17543.199135590286
17535.33124735867
17526.318784365358
17517.4640173453
17511.46757783526
17506.831063100304
17501.78928514044
17501.747458895457
17503.904910895457
17502.74111812038
17498.863694583597
17507.544937835264
17520.97517533192
17530.659686815205
17530.26120402674
17532.86574549666
17541.756119973244
17553.08994972826
17570.198088543468
17592.526042601203
17590.193943536775
17592.180700338613
17600.04236978176
17598.360834271727
17600.31593548329
17607.85543254346
17613.546650761695
17619.691177238295
17621.73275951002
17624.019080463215
17615.601232258356
17611.41180699331
17604.862017291787
17607.038687305176
17610.096537033445
17617.208724285098
17622.690811278422
17625.147265781758
17623.456121265037
17627.68737277508
17630.362567510034
17633.5198975234
17630.169825728262
17615.916624204852
17616.591501265037
17617.279377550156
17616.71019956353
17617.57894170151
17612.177116979932
17608.115999020054
17606.00037326505
17605.59850025837
17605.187018244993
17603.949181986623
17601.717686503347
17597.93974325167
17598.968448285115
17601.444120801825
17599.534236053507
17596.955693033437
17594.750196
17592.489873496663
17592.583134993307
17592.637960463217
17595.839945291787
17604.93606077507
17615.346884570215
17626.97405968813
17621.849190886307
17622.644471519183
17612.197458289338
17603.768877781768
17596.271206966558
17595.705419198166
17578.90194002675
17566.86101597324
17554.85513772827
17534.84684515804
17512.059925701506
17490.35031795987
17482.682513594504
17474.894887634626
17466.039558966564
