111 72
1.4644283932364635
1.4957152862445096
1.5426456257565788
1.6208644226213447
1.683438208637437
1.7303685481495061
1.7772988876615756
1.7929423341655986
1.8085857806696217
1.8085857806696217
1.8085857806696217
1.7929423341655986
1.8085857806696217
1.824229227173645
1.855516120181691
1.8711595666857141
1.8711595666857141
1.824229227173645
1.7616554411575527
1.7147251016454832
1.7147251016454832
1.7147251016454832
1.7303685481495061
1.683438208637437
1.6208644226213447
1.5426456257565788
1.4957152862445096
1.4487849467324403
1.401854607220371
1.3549242677083015
1.3079939281962325
1.261063588684163
1.2141332491720938
1.1672029096600247
1.104629123643932
1.0733422306358862
1.057698784131863
1.057698784131863
0.9951249981157706
0.9481946586037012
0.9481946586037012
0.9481946586037012
0.9325512120996782
0.901264319091632
0.8856208725876089
0.8699774260835857
0.8543339795795627
0.8386905330755398
0.8074036400674935
0.7761167470594473
0.7448298540514011
0.7291864075473781
0.7135429610433549
0.6978995145393319
0.6822560680353088
0.6666126215312856
0.6509691750272626
0.6509691750272626
0.6666126215312856
0.6978995145393319
0.7291864075473781
0.7604733005554243
0.7604733005554243
0.6978995145393319
0.5727519425071471
0.41631747746691616
0.33810024494680074
0.33810024494680074
0.4319609239709392
0.5258216029950777
0.5727519425071471
0.5414650494991009
0.4632478169789854
0.41631747746691616
0.4319609239709392
0.49453470998703164
0.5883953890111702
0.6822560680353088
0.7448298540514011
0.7448298540514011
0.7135429610433549
0.6666126215312856
0.6353257285232394
0.6353257285232394
0.6509691750272626
0.6509691750272626
0.6509691750272626
0.6509691750272626
0.6666126215312856
0.7135429610433549
0.7604733005554243
0.8074036400674935
0.8386905330755398
0.8699774260835857
0.8856208725876089
0.9169077655956551
0.9481946586037012
0.9951249981157706
1.0420553376278399
1.0889856771399091
1.1359160166519784
1.1515594631560016
1.1515594631560016
1.1515594631560016
1.1515594631560016
1.1515594631560016
1.1515594631560016
1.1672029096600247
1.1984898026680708
1.2141332491720938
1.2141332491720938
1.3472832917490567
1.3893638547194729
1.447607774703531
1.5381790496656789
1.6125863266633789
1.6805840955905698
1.7193212930732555
1.7549923479731637
1.7809095539299384
1.8296787986456053
1.878448043361272
1.9110539310632975
1.9467249859632056
1.953134494033714
1.9561996612315968
1.962609169302105
1.9431014714158383
1.9043652493180472
1.859219519149748
1.8204832970519564
1.810729448108823
1.810729448108823
1.7976312582930645
1.74914118725214
1.6844877591975738
1.6231780310648258
1.5649331356958733
1.5261969135980824
1.467952993614024
1.4194629225730995
1.370972851532175
1.312728931548117
1.2447311626209259
1.1864872426368678
1.1218338145823017
1.0895071005550185
1.0440821967119769
0.9953129519963101
0.9696749197142776
0.979707942332153
0.9309386976164862
0.9309386976164862
0.9245291895459781
0.8922024755186951
0.8760391185050533
0.8598757614914119
0.8437124044777704
0.8177951985209956
0.7854684844937124
0.7531417704664294
0.7305689053822796
0.714405548368638
0.7079960402981299
0.6918326832844883
0.6659154773277135
0.6497521203140719
0.6433426122435637
0.6530964611866972
0.6692598182003386
0.7015865322276217
0.7339132462549048
0.7369784134527878
0.688209168737121
0.5942941938531547
0.4649873377440225
0.352123012323274
0.31032162302759975
0.3395831698569998
0.3975479161663155
0.43600496458936455
0.40646424408522236
0.3253682853422724
0.24455169535104365
0.2155692246578963
0.27074797744407125
0.3744167037326815
0.4713968458145306
0.5488692900101132
0.5745073222921459
0.5549996244058791
0.5129190614354626
0.46442899039453805
0.4418561253103883
0.4516099742535217
0.45801948232402995
0.45801948232402995
0.45801948232402995
0.47752718021029666
0.5327059329964716
0.600703701923663
0.6687014708508543
0.7171915418917789
0.7397644069759286
0.7525834231169449
0.7687467801305865
0.8010734941578695
0.843154057128286
0.8818902792260773
0.9206265013238684
0.9496088744785264
0.9785912476331842
0.9850007557036925
0.9947546046468259
0.9947546046468259
1.0142623025330926
1.0240161514762258
1.0337700004193593
1.059687206376134
1.0725062225171504
1.0789157305876587
1.0691618816445254
1.237748707919276
1.2954292651235688
1.3736000668716617
1.481380828426036
1.5800418747179283
1.6711229471732516
1.715894903677126
1.762204931600101
1.7918148914063823
1.8601545262814267
1.9322843375835772
1.9877140807690339
2.037814285119115
2.045394637973327
2.0400650991379514
2.0476454519921634
2.021825668612988
1.9884255323796005
1.9512352197191072
1.921625259912826
1.904925191796132
1.901135015369026
1.8677348791356387
1.8176346747855576
1.7546245787458892
1.7007341979687018
1.6339322554951154
1.5929517664075161
1.5261514939407412
1.4760512895906603
1.4259510852405792
1.3553606363466981
1.275650472190336
1.2050600232964552
1.1382597508296806
1.101069438169187
1.0342691657024123
0.9545590015460498
0.9507688251189439
0.9894985001877069
0.9249490417397684
0.9097883360313443
0.9097883360313443
0.8801783762250631
0.8672684845354754
0.8505684164187818
0.830078171874982
0.7966780356415947
0.7670680758353133
0.7336679396019259
0.7207580479123382
0.7040579797956444
0.7002678033685386
0.6835677352518449
0.6501675990184574
0.6334675309017638
0.6372577073288698
0.6577479518726694
0.6744480199893631
0.7040579797956444
0.7185072338935018
0.6904366364954903
0.5955657666307037
0.4748751133867419
0.34506474488029837
0.2691448329545704
0.25244472693611253
0.28359404915066355
0.294253145772297
0.2790924590147551
0.19559208052952243
0.09006209509222032
0.02172271841500969
0.023973479138457675
0.11884431110147986
0.25244472693611253
0.3412746063549566
0.3815436438319893
0.36638297602532954
0.3405631926461542
0.3094138325298389
0.2744743717899461
0.2615644801003584
0.2706841574610758
0.26689398103396983
0.2631038425086281
0.2706841574610758
0.31924496150112297
0.40653547851169747
0.4900358190951659
0.5697459832515284
0.6084756583202914
0.617595373582773
0.617595373582773
0.6342954416994668
0.6714857543599602
0.7140056058558292
0.7474057420892166
0.773225525468392
0.7899255935850857
0.8066256617017794
0.8142060145559913
0.8384864355268971
0.849856964808215
0.8908374538958144
0.9151178748667201
0.9318179429834138
0.9614279027896951
0.9614279027896951
0.9614279027896951
0.9447278346730015
1.1565446544327584
1.2383686765091857
1.3524776731130261
1.4860639142542589
1.632457885385512
1.7487915565952936
1.828392629473082
1.8651239470320762
1.8846011915694694
1.9107479506542344
1.951925611244811
1.9758491988137852
2.0276114178785907
2.0576732208902127
2.0855118523860434
2.115573655397666
2.111127312366084
2.07661916632288
2.0270801187738656
2.007602874236473
1.990348801214871
1.9753178997090601
1.9408097536658566
1.889047534601051
1.8350621440204544
1.7682690234498384
1.6992510059561285
1.634681056901303
1.5656647648148954
1.5139025457500903
1.4621403266852848
1.3780931330930664
1.3068536694908681
1.2228064758986497
1.1537901838122424
1.104251136263228
1.0352348441768207
0.9639953805746222
0.9489644790688114
0.9556339936161842
0.9445181360372298
0.8843945300139857
0.8843945300139857
0.8649172854765931
0.8626941139608023
0.8454400409392006
0.8131550664117877
0.778646920368584
0.7591696758311913
0.7246615297879875
0.7224383582721966
0.7051842852505947
0.6901533837447839
0.672899310723182
0.6383911646799784
0.6211370916583766
0.6361679931641875
0.6684529676916003
0.6857070407132021
0.7051842852505947
0.6645379237647437
0.6021911462257091
0.470828076600267
0.3350186639432432
0.2120169812762395
0.15580871979788233
0.13855449646726545
0.11516220800301619
0.05948502016586163
-0.0006385107028746619
-0.0869090261198989
-0.1625949830626939
-0.18874169768402893
-0.13084098479026102
0.0005219345261659581
0.13855449646726545
0.1969862300794436
0.1607862116251742
0.10066275591094546
0.09621641287936371
0.11960855103459793
0.1279700883020513
0.12574691678626046
0.11293903648722532
0.09790813498141435
0.08287738378461847
0.11293903648722532
0.20757063824465777
0.3088719048584779
0.39514226996648705
0.4663817335686853
0.4730512481160579
0.46024351812603775
0.46024351812603775
0.4774975911476397
0.5270366386966543
0.5487370547498378
0.5832452007930414
0.5876915438246232
0.604945616846225
0.6221996898678269
0.6522614928794489
0.6995773689126726
0.7446700734301054
0.809240022484931
0.856555898518155
0.8738099715397567
0.8932872160771491
0.8932872160771491
0.8932872160771491
0.8760331430555475
1.1791745480415132
1.344841902831352
1.4887575180700372
1.5930955195764862
1.6769904033218048
1.7635033565097902
1.8334982314440975
1.8882854325021676
1.93481305063991
2.0100424127343115
2.0743959050531364
2.1017890272197723
2.1361321537919142
2.14308215819742
2.1500321626029257
2.1569821670084317
2.147414919022878
2.1213304186462665
2.0869872920741246
2.0787286658785953
2.060902791697512
2.0239424215453234
1.9691561772120514
1.9061113066832502
1.8622009321255557
1.8100319313723312
1.738726652060582
1.6578559073506982
1.5674179146552611
1.5235075400975664
1.470029917554318
1.4000350426200112
1.3191642979101272
1.2491694229758203
1.1778659262514897
1.1148210557226885
1.0530848069839107
1.0009158062306864
0.9735226840640505
0.9448209401073909
0.9448209401073909
0.8926519393541665
0.8830846913686135
0.8652588171875308
0.8652588171875308
0.8378656950208949
0.8117811946442827
0.7761294462821173
0.7583035721010347
0.7322190717244224
0.7226518237388692
0.7143931975433397
0.6870000753767038
0.659606953210068
0.6239552048479027
0.6156965786523731
0.6335224528334559
0.659606953210068
0.6487310834344912
0.6187207176878079
0.5461085991734536
0.45567060647801644
0.3034964607162816
0.16088956294010004
0.04567569165807444
-0.017369109370682763
-0.06389690576716678
-0.1282503980859917
-0.228255597473851
-0.3186935488761571
-0.37912125841117295
-0.40258859779399975
-0.33430924010510377
-0.2247365862660364
-0.14910041130250917
-0.016060474494441174
0.08525334014033285
0.012641269462218371
-0.09693132796302285
-0.1256330719196824
-0.09954865412933214
-0.07215544937643434
-0.053020953405327975
-0.05171222285660653
-0.04083635308102969
-0.04909489669029723
-0.023010478899947003
0.055242939643627614
0.17176533704319705
0.2513275556355371
0.3034964607162816
0.3034964607162816
0.29523783452075214
0.30480498683382545
0.3226308610149081
0.366541235572603
0.3843671097536857
0.4104516101302979
0.4200188581158511
0.4569792282680401
0.4939395984202291
0.548725842753501
0.6117707132823021
0.6748155838111034
0.7461190805354341
0.7995967030786822
0.826989825245318
0.8448156994264007
0.8543829474119538
0.8543829474119538
0.8461243212164243
1.2432652181251418
1.4413650136339489
1.5492776849315635
1.6064184236896886
1.6537499938322873
1.7379135297172152
1.8055538728756098
1.883350031060371
1.957014375624848
2.077664659359734
2.165613775533924
2.210707337639521
2.245646513237219
2.2478845212742216
2.2459917311295903
2.2358373446216926
2.2132905635688944
2.1783513879711958
2.1434122123734975
2.1351506160102307
2.1208654313206994
2.0697482808888386
1.9919535512225466
1.9100280233746205
1.8608032500075729
1.81984048608361
1.7585675206253824
1.6747492026328255
1.5766456999507377
1.5315521378451415
1.4721733910500137
1.4169254424365196
1.333107124443963
1.2819899740121024
1.2124568407090768
1.138792909224418
1.0835449606109238
1.0467129948685943
1.009881029126265
0.9546330805127707
0.9505022823311372
0.9136703165888079
0.8952543337176433
0.8727075526648451
0.8727075526648451
0.840006385104149
0.8215904022329843
0.7888892346722882
0.7746040499827572
0.7561880671115924
0.7377720842404275
0.7253796896955274
0.6844169257715645
0.6434541618476016
0.6066221961052722
0.6066221961052722
0.6209073807948035
0.6186693727578011
0.5694450124705713
0.4875194846226457
0.4037011666300889
0.2973361502006977
0.1398540229213381
-0.01573527290540867
-0.130362050929994
-0.21228772162976664
-0.2900825941479058
-0.3904241048669962
-0.5152051867835158
-0.6133086894656038
-0.6336174624813996
-0.6028090850653347
-0.46787361664091714
-0.32054575367159943
-0.2897373762555344
-0.19800239408838846
-0.08372098799806156
-0.13449284911162743
-0.2818209977846389
-0.32467655185323285
-0.3062605689820681
-0.2776901996030055
-0.2449890320423095
-0.226572763467451
-0.1897407977251216
-0.18147920136185478
-0.1589324203090566
-0.09542287533229561
0.021096549985073862
0.09476062432157961
0.12746164903042873
0.12746164903042873
0.13159240590408033
0.14587744774176475
0.16429345126692035
0.19286382064598293
0.21127980351714767
0.23382660522393672
0.26463494133201987
0.3281444450007991
0.38752319179592665
0.46118712328058553
0.5348510547652443
0.6043841880682698
0.6780481195529287
0.7291652699847894
0.7701280339087523
0.7968056131431839
0.8193523941959818
0.8234831923776155
0.8317447887408822
1.3384318427243305
1.4079386936758786
1.330219033096961
1.3351918710543953
1.478688754116785
1.6602354745511498
1.7706553581989992
1.8645368664605269
1.9406383193753964
2.038249331784051
2.115592216017359
2.189205471782592
2.2793572272550953
2.3492408545522525
2.4013427726527805
2.417881272360051
2.3810746444774344
2.290922889004931
2.2007711335324283
2.16520771513917
2.163964505649812
2.1246714587884785
2.0307900748478995
1.9191269817106917
1.8277302385779104
1.7718986920093067
1.7491440205342943
1.689582845497615
1.6287784609715767
1.555165205206344
1.4803087399517527
1.4232339838937904
1.3636728088571108
1.3243797619957773
1.2660617964484564
1.1899621217045064
1.1328873656465441
1.094837528274569
1.0567876909025942
0.9997129348446318
0.9819312256480028
0.9438813882760279
0.9248564695900404
0.8880498417074241
0.8880498417074241
0.8677817135320779
0.8487567948460905
0.8284886666707445
0.827245457181386
0.8082205384953984
0.789195619809411
0.7358504922195243
0.6800189456509204
0.6241873990823165
0.5861375617103416
0.5861375617103416
0.5873807711997001
0.517497143902543
0.4261021789406813
0.3144390858034736
0.25487791076679406
0.15851046348168205
0.022849537224601545
-0.1649131293159152
-0.2968447062626529
-0.4085078118319555
-0.5023892082046293
-0.6330772200278244
-0.7484699416331078
-0.8092743261591459
-0.7761973267446051
-0.703827280468731
-0.6049730585707179
-0.4527737090828181
-0.3804036628069439
-0.4072645899105021
-0.3973189202116811
-0.31462641545928177
-0.46682578981137135
-0.470555418279447
-0.45153049959345953
-0.44904408061474244
-0.42877595243939637
-0.40975100888921917
-0.37170117151724424
-0.3361377531239864
-0.29933112524137
-0.20669295079014977
-0.12686330437603516
-0.05076361719999036
-0.030495501456739224
-0.030495501456739224
-0.012713970077202272
-0.011470773019938612
0.00755423457459484
0.010040653553311945
0.02906557223929942
0.0658722890304618
0.13824215748924404
0.23088015412337234
0.3057366193779637
0.38183629412191356
0.4579359688658635
0.5162539344131845
0.5923536091571344
0.6316466560184678
0.6874782025870718
0.7420665396663171
0.7788731675489333
0.7966548767455623
0.8322182951388202
1.256393130218849
1.367903535954589
1.506115996387528
1.6374929436817867
1.7947186151965506
1.9518389341712008
2.0697581878072735
2.1154734535862976
2.154673856706822
2.2003891224858463
2.2264511793255246
2.265650930894629
2.3113661966736525
2.376841337701608
2.448938659249071
2.494867257647268
2.468698534498003
2.3967078792601275
2.285304139833974
2.2197223324964317
2.19344694303758
2.1541405251588888
2.0821498699210133
1.977368311014366
1.8791003009967449
1.8070029794492826
1.7610743810510854
1.7152524489624748
1.6694305168738643
1.6039553758459082
1.5516179295473782
1.4926583027293419
1.4468363706407315
1.4206676474914663
1.3617080206734298
1.2962328796454738
1.2372732528274373
1.1979668349487465
1.1586604170700554
1.0865630955225933
1.0669098865832476
1.0407411634339827
1.0079502597652112
0.9686438418865203
0.9686438418865203
0.9489906329471749
0.9293374240078295
0.9096842150684838
0.9096842150684838
0.8900310061291385
0.8441024077309413
0.7720050861834787
0.6867700699065905
0.6146727483591283
0.5885040252098631
0.5622286357510113
0.5228155515627336
0.4179273263465
0.3065235869203467
0.22801754884949887
0.1821957481378356
0.12334291793967014
-0.01422970859026652
-0.21076189678309754
-0.3746098791276518
-0.5056668274931506
-0.6433459563781556
-0.7940561136829998
-0.885699977860221
-0.9183842152194055
-0.8790777973407146
-0.8267403510421846
-0.7810250852631606
-0.6632124979366746
-0.6502881358264222
-0.6895945537051132
-0.7158699431639649
-0.6570169826555153
-0.696003401605446
-0.6303149279583166
-0.5843863295601193
-0.5712486348306934
-0.5647331206207739
-0.5582176064108542
-0.5320488832615892
-0.4927424653828982
-0.4271606580453554
-0.3551700028074799
-0.2765570367398138
-0.2242195904412837
-0.2045663815019382
-0.2045663815019382
-0.17177554298830894
-0.15863784825888305
-0.1389846067419665
-0.125846649258646
-0.10619357169624784
-0.04061160040418674
0.051138799239005314
0.14940484446906424
0.24115511220197747
0.3066302532299334
0.37210539425788947
0.4310650210759258
0.49654016210388185
0.5621219694414247
0.621081596259461
0.6931789178069233
0.7587607251444661
0.8178270182720894
0.8702711308802061
1.2824792235436404
1.5025187768915553
1.74911907872269
1.9261572117063055
2.071250573721561
2.1700670994901246
2.257239943888876
2.2948590735422036
2.3238193323504555
2.3354618494685555
2.3181441077784037
2.329786624896504
2.341429142014604
2.3850155642139796
2.448903374376531
2.501148667420983
2.489506150302883
2.445919728103507
2.3500880128596795
2.2775413318520523
2.2282796850806244
2.1790180383091964
2.118113874419669
2.0252649395617808
1.9410745771843412
1.8771867670217894
1.8162826031322619
1.7670209563608341
1.726418180434482
1.6741728873900303
1.6335701114636787
1.589983689264303
1.5580397841830271
1.529079525374775
1.4595164906401716
1.4159300684407956
1.363684775396344
1.323081999469992
1.2824792235436404
1.2272502842261646
1.2069488962629886
1.1693297666096607
1.120068119838233
1.0794653439118813
1.0708064730668052
1.0418462142585536
1.0215448262953775
1.0012434383322018
0.9925845674871256
0.954965437833798
0.8854024030991944
0.7955379804014148
0.6853721697404593
0.6128254887328316
0.5752063590795039
0.525944712308076
0.4563816775734725
0.34323222063949305
0.23008285029422196
0.18649663110872577
0.14589388501883668
0.08797345399104146
-0.06279533561014544
-0.23117393487548035
-0.3792509431637596
-0.504042917215839
-0.6404774083860185
-0.768253028711122
-0.8321408388736737
-0.8611010976819254
-0.8724515468260292
-0.9097786085053611
-0.9500893164577167
-0.9178533434024447
-0.912178118830393
-0.9354631530665929
-0.9674070581478686
-0.9614397656018205
-0.9411383776386447
-0.8223136961326133
-0.7354329197078577
-0.69781379005453
-0.7064726608996059
-0.7324492734348338
-0.7294656271618097
-0.6542273678551541
-0.5557040743122986
-0.4774821687326191
-0.4309121002602193
-0.4336036785592472
-0.4392789031312991
-0.42196116144114715
-0.3640406438246435
-0.31776264332623977
-0.2888023845179879
-0.2685007637044696
-0.23088175047631307
-0.1410172113533623
-0.03085128572757553
0.08797345399104146
0.18948016095657863
0.25038415166868944
0.3026294447131412
0.34621586691251705
0.3984611599569688
0.4796667118096724
0.557888617389352
0.6477530400871315
0.728958591939835
0.8101641437925388
0.8970449202172943
1.440812750439668
1.736786255144543
1.9410919237119209
2.079095458470444
2.2093099240710647
2.255643965097306
2.288795860799126
2.3473118012348033
2.3936458422610447
2.3980398907025187
2.3560998981177512
2.3517058496762773
2.3517058496762773
2.363887749085713
2.3970396447875326
2.4301915404893526
2.4389796373723005
2.431191786404338
2.3814639428516085
2.327342050857405
2.273220158863202
2.2190982668689982
2.156188277991847
2.0767006836690007
2.013790255387005
1.9718502628022379
1.908940273925087
1.8504243334894097
1.8084843409046418
1.7665443483198746
1.724604355735107
1.708028407884197
1.6914524600332872
1.636330322124098
1.5436622400716153
1.535874389103653
1.5027224934018333
1.4563884523755921
1.4188425082322984
1.4154487057058103
1.3856906125304786
1.3139925267703798
1.2466884894517547
1.204748496866987
1.1793844521331296
1.1374444595483622
1.1120804148145045
1.0867163700806468
1.0613523253467891
0.9984423364696379
0.9101683028586293
0.7965302245137625
0.6707102467594601
0.6078002578823088
0.5448902690051578
0.4775862316865326
0.39370624651699765
0.2976443619380267
0.20597669156000808
0.18500690496758726
0.13427869368087791
0.041610755417631505
-0.12614940265115918
-0.24318149322247684
-0.3392433778014478
-0.4440933592633665
-0.5665195344911808
-0.641611422777768
-0.6396109309477968
-0.6332163906763515
-0.6995201820799909
-0.8682803983340467
-1.0468289573860354
-1.1536794306779257
-1.1337096803005273
-1.146891825624949
-1.1766499188002804
-1.2141958629435743
-1.1888318182097166
-1.0420418441630304
-0.9118278179672539
-0.8445237806486288
-0.8654937769410126
-0.92400971737669
-0.9405856652275999
-0.8191597359147713
-0.6889457097189949
-0.5928838251400239
-0.6148540673473933
-0.6909462015489661
-0.7328861941337337
-0.6821581046660184
-0.5850959741720618
-0.496821940561053
-0.4548819479762855
-0.42951790324242783
-0.3666079143652767
-0.2661519813448318
-0.14472572051304622
0.006458345915598303
0.12009642426046475
0.1961882269430806
0.23373421502685865
0.25031016287776847
0.292250155462536
0.3761300527511021
0.4809800342130209
0.5946181125578873
0.6784980977274222
0.7623780828969572
0.879409963768312
1.6542413484659402
1.8042701397645102
1.912170971693948
2.0200718036233853
2.17129392125323
2.237066793813535
2.240243327360126
2.28554785998252
2.351320732542825
2.3737744456540253
2.3312494195915687
2.30998690656034
2.309192773173692
2.2871361267558155
2.2863419933691675
2.2863419933691675
2.3288670194316246
2.372186178880729
2.372583245574053
2.351320732542825
2.3300582195115966
2.309192773173692
2.2454052340800073
2.180823561599674
2.1158426961747145
2.071729363632292
2.0067506244586357
1.9630343983162069
1.920112305560427
1.8767931461113216
1.8334739866622174
1.8334739866622174
1.8338710533555413
1.725176088039456
1.5932332762255226
1.6389348358345708
1.6393319025278947
1.574353163354238
1.5518994502430379
1.6156869893367227
1.5518994502430379
1.4439986183136004
1.3577573661087152
1.3144382066596105
1.271119047210506
1.2277998877614016
1.184480728312297
1.1407645021698682
1.096651209334116
1.0308783367738112
0.9217863047644018
0.7709633800791839
0.6410059017318702
0.5756300958648894
0.5102542899979087
0.42361597109969956
0.33697765220149045
0.27239597972115753
0.2298709536587009
0.20900571994592682
0.12276468830750584
-0.007192896352373003
-0.18007257376803246
-0.2663140385980479
-0.3324839857930105
-0.4447525513490113
-0.6424682357232495
-0.6853903284790301
-0.5093342238293442
-0.31201560614843005
-0.30963319804715245
-0.5675628292164939
-0.9554499307918153
-1.2390098006776147
-1.3091504068644828
-1.3757174128114353
-1.4399020185984444
-1.4619586650163205
-1.4190365722605398
-1.2686107142686456
-1.116596589503456
-1.0291641372185991
-1.050029583556503
-1.092951676312284
-1.092951676312284
-0.9858449777694943
-0.8362132531642481
-0.7724257140705632
-0.8795324126133527
-1.0086957575740185
-1.0520149170231228
-0.9657736648182379
-0.8153478068263438
-0.7078440415902303
-0.6645248821411257
-0.6212057226920211
-0.5570211169050122
-0.47117693139345107
-0.36407023285066153
-0.19119044912243693
-0.0383821909705991
0.09316355415001037
0.11720575063030361
0.11839695468094238
0.16171611214471346
0.24795694108467148
0.3566519064007568
0.5078718898379649
0.595304342122822
0.6819426610210311
0.7685809799192402
1.4656112525864722
1.5458146706989626
1.6385702620142402
1.731325853329518
1.8688231484130333
1.9741309129310984
2.1269137120969397
2.2671462478449826
2.3724540123630478
2.4330204003967095
2.426474723703767
2.4232018853572956
2.3850061855658353
2.3435376474279033
2.305341947636443
2.305341947636443
2.311887624329386
2.356629000813789
2.375726850709519
2.3724540123630478
2.3691811740165765
2.3850061855658353
2.3751876705264214
2.3271734556955463
2.2600610636851073
2.177122077624254
2.1100100128976496
2.046170786517516
2.0205272599288433
1.9757858834444397
1.9310445069600364
1.9310445069600364
1.9501423568557674
1.8191910657490287
1.589477686817169
1.7488061626759528
1.767904012571683
1.7007919478450784
1.6402255598114166
1.6500440748508307
1.6402255598114166
1.5474699684961388
1.4770850654230627
1.4323436889386596
1.3876023124542565
1.3428609359698533
1.2981195594854502
1.234280333105317
1.1513432568294535
1.0460354923113886
0.8959863513089205
0.7775872334049698
0.6433631039517604
0.5571531893294257
0.4709432747070908
0.3814605217382846
0.29197776876947834
0.2439635539386038
0.23741787724566096
0.2532429215233032
0.1828584331356084
0.04863428731820733
-0.11123338508786676
-0.18161832088932636
-0.3060243172601194
-0.6088562574284286
-0.9438774008783538
-0.9695209274670266
-0.6568704722593032
-0.3409471787051082
-0.2263596973737294
-0.3993190887584954
-0.7065022276394728
-1.0928104242667438
-1.4081945376378404
-1.5516980019473656
-1.58061436688251
-1.6220829050204417
-1.5964393784317688
-1.4971381104235482
-1.3214454428324072
-1.1937669900721406
-1.177941978522882
-1.203585505111555
-1.203585505111555
-1.1490256135877375
-1.0879200453709772
-1.078101530331563
-1.1326614218553805
-1.2286898515171294
-1.2734312280015325
-1.2030463249284566
-1.103745056920236
-1.0300873155006887
-0.9853459390162854
-0.9406045625318824
-0.9116881975967379
-0.860401144419392
-0.8058412528955745
-0.6459735641253088
-0.4320851967427074
-0.2214696677065774
-0.08451165638311255
-0.027217915717423165
0.01752336527773048
0.08790829838328913
0.21885958949002707
0.35635617533270997
0.4840346280929764
0.5735173810617827
0.663000134030589
1.2048528346432648
1.2907176865978816
1.3996864133368387
1.5086551400757957
1.6307251611802447
1.7793509903051372
1.9641819885798617
2.1424629947365594
2.274535596259857
2.4100617863420175
2.476274696748397
2.5093811519515863
2.512833085187689
2.5162850184237917
2.5031837240583004
2.4700772688551105
2.436970813651922
2.416965652814224
2.4069630723953748
2.4069630723953748
2.3738566171921853
2.330745926247387
2.330745926247387
2.3176446318818953
2.2979926903336576
2.238682991334766
2.15281813938015
2.100059742628723
2.0769558678443825
2.0473013458772957
1.9845403687070198
1.9679871411054248
1.991091015889766
1.8690209947853167
1.6976445101655437
1.8328158256354843
1.8062600176150407
1.7535016208636136
1.7669561345185654
1.7669561345185654
1.7172964517137812
1.6414341801780135
1.6052290110281813
1.5755744890610948
1.5459199670940083
1.4831589899237323
1.4203980127534563
1.3179799331972448
1.2090112064582879
1.093491832536585
0.9483179366477955
0.8162453351244976
0.677622086418454
0.5355469044763074
0.4100249501357555
0.31760945099839316
0.22519428292558274
0.17898636782462554
0.19553976095849626
0.268302987483069
0.28175763215096444
0.19279406624970502
0.08072679109638095
0.04452178747882459
-0.027888847366059826
-0.2585742103877298
-0.6116833104001369
-0.8003194612004246
-0.6855065258576417
-0.5210339077100745
-0.5313895764054397
-0.6434571481039836
-0.6789558786748958
-0.7968675279643217
-1.1665295245137715
-1.5103421516216977
-1.665871847218796
-1.6955263691858826
-1.655869266799947
-1.6131134504673688
-1.5110485902006177
-1.388978569096169
-1.316215011507044
-1.2896592034866003
-1.2731059758850056
-1.260004681519514
-1.2634566147556168
-1.2965630699588064
-1.3427708195274874
-1.4186330910632552
-1.481394068233531
-1.4782953542868884
-1.4024330827511204
-1.3331214583980986
-1.2869137088294176
-1.257259186862331
-1.2507085396795852
-1.2210540177124987
-1.1582930405422227
-1.0462255998566228
-0.8648465348180007
-0.6338077869745946
-0.42242091517295444
-0.2703430873054872
-0.15792212901911096
-0.07205740984353454
0.05001269402705237
0.20518895655560906
0.34381203972937674
0.4693339940699286
0.5617494932072908
0.9765892638144142
1.1010171217076656
1.2493046734540287
1.3830976839599904
1.5313852357063538
1.7128976339185389
1.9037751847434345
2.0656636530875265
2.208821816206198
2.361346068452842
2.4857753758002166
2.547989304746842
2.6153326223211595
2.682675939895477
2.6971704811358785
2.678440175910458
2.6162262469638327
2.510528694296002
2.4431853767216847
2.4286908354812824
2.3954645395613365
2.3383790627271415
2.294895439005936
2.294895439005936
2.3093899802463373
2.305154216261319
2.238704523329675
2.176490594383049
2.1381363592895353
2.1142766654364236
2.0426975838770876
1.9898488075431724
2.013708501396284
1.9523881970923314
1.8672081989352667
1.957517585720023
1.8808091155329956
1.8185951865863696
1.8808091155329956
1.851820033052192
1.8237245752140614
1.7521454936547258
1.7427803410420155
1.7189206471889036
1.6805664120953898
1.6089873305360538
1.5229137077363162
1.4036152384707565
1.2843167692051967
1.179512841180039
1.065343760542171
0.936680138663901
0.7645328930644257
0.5830204948522404
0.3963787080123634
0.2574564538241228
0.1330287832339237
0.056320291868076376
0.051190924419204725
0.14662965747401266
0.26682160643683295
0.3401877923361023
0.3317163580175912
0.32235129905640714
0.3181154414198624
0.2431943141697071
0.059233213954796804
-0.17423404605780624
-0.28082529584101634
-0.2868482366386747
-0.329438235717207
-0.4103824698892531
-0.5417272555863667
-0.5997054205479737
-0.7785369448321401
-1.2080114341881552
-1.5387050087893768
-1.664026491325301
-1.6163071036190773
-1.592447409765965
-1.5788464931682367
-1.5320207301046858
-1.4655710371730413
-1.4033571082264156
-1.3650028731329018
-1.3360137906520981
-1.3598734845052103
-1.4365819546922378
-1.5422795073600688
-1.6283531301598062
-1.6999322117191422
-1.723791905572254
-1.6956964477341234
-1.6676009898959927
-1.634376143430171
-1.610516449577059
-1.610516449577059
-1.586656755723947
-1.5295722154050126
-1.4341334399925652
-1.3105992067419867
-1.1299804331724743
-0.8913834946413548
-0.6425277788548522
-0.4268967222311195
-0.2734798755085908
-0.13968652828604147
0.012836740619577292
0.19947843380792815
0.38611993075698026
0.5250423298906334
0.8760939336710082
0.9849256482500427
1.1573965478325667
1.3702295559132782
1.581700940558931
1.7658103783941062
2.0279207863555384
2.2277536327485405
2.4405879408454214
2.5624198171121653
2.645252372169606
2.693168148615268
2.739722301625872
2.7992766163241853
2.7979149928891265
2.7719146695137074
2.7239988930680448
2.62816734017672
2.542612702102987
2.5049738404749173
2.51933446174386
2.5220577086139784
2.4871420938560247
2.4611417704806056
2.4467799853578374
2.4454183619227785
2.3961396620258886
2.309223400517097
2.2469458389486663
2.209306977320596
2.1093905541240954
2.0094741309275945
2.047112992555665
2.0614747776784332
2.012197377797712
2.021112669180245
1.9355580311065126
1.90064241634856
1.922557869418803
1.8602803078503722
1.9252811162889205
1.8643651781555486
1.8643651781555486
1.826726316527478
1.777448916646757
1.7035328168256751
1.6309783404396523
1.5207850024255594
1.3975915027237564
1.299036702962314
1.2264822265762911
1.1292890502499073
0.9581797741024423
0.748070012891848
0.5003213900531835
0.2888501217929132
0.0890174054015281
-0.04853769122873495
-0.15117767949127836
-0.13062373347071138
0.00284669466491801
0.20131786623828718
0.38059668799367946
0.5105983048707757
0.6132379749373942
0.691238945063652
0.7083239770565377
0.6165775272411541
0.4454681929009976
0.26755085777093
0.09991037926576342
-0.039006398992249613
-0.21903113429220503
-0.2655852873028087
-0.3538632372474672
-0.6803585109861876
-1.1642172184108655
-1.4783282731231369
-1.4940516816809637
-1.4694129817406032
-1.4940516816809637
-1.5590524901195117
-1.5617757369896295
-1.5398602839193865
-1.490582884038665
-1.441305484157944
-1.4659441840983045
-1.590499307235166
-1.7773319919404584
-1.8758867917019006
-1.9368027298352728
-2.000441914838762
-2.0654427232773105
-2.1044432083404394
-2.105804831775498
-2.094166293522847
-2.094166293522847
-2.0695275935824866
-2.0202501937017656
-1.934695555628033
-1.823140594178881
-1.6753083945367175
-1.4419215568208215
-1.1462571575364946
-0.8362309731293994
-0.561120403480257
-0.3612873243164901
-0.1614542179202543
0.047293789853664295
0.28204214823547086
0.4805131111901804
0.8319801973368435
0.932615544880583
1.1228611703213505
1.3662505582544526
1.6328205209691644
1.8473771566797272
2.129493930993894
2.347441873169015
2.6151435999659753
2.7290661036833117
2.7666630545761914
2.7677934900643772
2.7799489951992746
2.805390440957256
2.8042600054690703
2.777688124222903
2.7887131938696146
2.762141312623447
2.710127985619298
2.6714005992382335
2.6858169753495025
2.7123888565956706
2.7366998668654663
2.6979724804844007
2.63493408383354
2.5973371329406616
2.5586084179655337
2.4568414193830947
2.3805170821091504
2.3053231803233922
2.1781159515334854
2.087375238148271
2.1261026245293366
2.140519000640606
2.0896361091246436
2.026597712473783
1.974584385469634
1.9988953957394295
1.9612984448465505
1.9579071383819924
2.0121813363625134
1.9977649602512433
1.9977649602512433
1.934726563600383
1.8838436720844203
1.8075193348104759
1.7566364432945134
1.6791816705323832
1.5762854520122713
1.4988306792501414
1.4357922825992808
1.383778955595132
1.2675967964519368
1.087245805169695
0.8317009121016951
0.540819939117188
0.2742501092618826
0.047538344385931006
-0.15486317346359793
-0.2786789742338956
-0.2984683528016434
-0.19105032589908466
0.004847277693503494
0.24710647324852242
0.4981296243637784
0.7601776020156432
0.9956539415314434
1.2034279643128902
1.2574228770582625
1.1598995507439327
0.93969073759244
0.6389152633088134
0.3426614645482279
0.17248439265966015
0.11821012824943623
-0.11076289487675119
-0.6096972974329048
-1.0908238958581793
-1.2400812639415097
-1.2511063335882215
-1.2887032844811006
-1.4280660184059049
-1.5397264355963565
-1.6016343967590305
-1.5993735257826587
-1.5849571496713892
-1.634709605699166
-1.8116692905168497
-2.0406423023386817
-2.166719095640403
-2.2662240076959566
-2.4044550905820614
-2.555973329641764
-2.656608677185504
-2.694205628078383
-2.7063611332132806
-2.7063611332132806
-2.6687641823204014
-2.617881290804439
-2.5172459432606993
-2.3657277042009968
-2.176613729798929
-1.959796223111994
-1.6788098842860126
-1.3469406539440685
-0.9664494030625336
-0.6391019146733334
-0.32390966570021856
-0.07175596884608013
0.17050299490319099
0.41163112458605744
0.8162078435730575
0.9475502448476826
1.1456446025100195
1.3557924445494196
1.6326922429765314
1.8592165923945916
2.047418977180663
2.195137885833948
2.361394813366691
2.4204177298785234
2.5091151435195638
2.579274538281146
2.6778639247984515
2.71618588943044
2.7786160281649925
2.802722996919119
2.867313441806033
2.879366926183096
2.877205414682298
2.8509369344273723
2.824668454172448
2.824668454172448
2.853098445928171
2.8147764812961826
2.748024524908471
2.719594533152747
2.669219084143696
2.576196020653034
2.4853370955111953
2.3923166588685585
2.28508122634806
2.2445977502152736
2.1985453242078186
2.1361163908217033
2.10768639906598
2.0770948958094584
2.0387729311774696
1.9828285322937496
2.0387729311774696
2.0934714031881185
2.0551494385561297
2.1055248875651817
2.117578371942245
2.0749333843086597
2.0344499081758736
1.9797514361652253
1.927214475655375
1.8867309995225885
1.83203252751194
1.7794955670020902
1.7127436106143783
1.6864751303594534
1.6438301427258686
1.5727551633365604
1.3845527785504887
1.091276472744717
0.7902697055634785
0.4892632226821574
0.25284675823787345
0.0426990583484321
-0.12696535078841142
-0.20144776855158997
-0.19496329431661713
-0.054974562738881426
0.19008786582605863
0.5238471223950119
0.8696603887106338
1.2658491040353073
1.5909628399706726
1.8286250891380698
1.9142454066505856
1.7591263788671798
1.37839858629344
0.9383189564621094
0.7235177491757668
0.4147806627690201
0.004376809416526126
-0.523154066113085
-0.8439450201165414
-0.9326424337575816
-0.9972328786444951
-1.1668972445511085
-1.3989905438438373
-1.5402249179947272
-1.616868847258704
-1.667244296267756
-1.7581032214095942
-1.9923580322031214
-2.2408278388745098
-2.43459917353525
-2.628369302847553
-2.8363542118865666
-3.0443405424251684
-3.1997899124539204
-3.312594294849087
-3.3750232282352024
-3.3750232282352024
-3.3224862677253526
-3.257895822838439
-3.1144999371867508
-2.8944601222710857
-2.645991737099285
-2.387631162900069
-2.1128928759737553
-1.7976711129146548
-1.4135358819670445
-1.0052936822653078
-0.5751060253102422
-0.21167004044297105
0.0850138026563998
0.3718051907401304
0.8829427463358254
1.0441344258891043
1.2595667982479433
1.5021195170095625
1.7605280072676743
1.9759603796265135
2.1115621116404144
2.232838471021224
2.2870791638267836
2.2727537911936926
2.3827655756682153
2.49583815786954
2.596115766301177
2.6375614853370477
2.707659382176364
2.761900074981924
2.856057367457331
2.9343576089388677
2.999862876650715
3.0367173990963807
3.035187000232979
3.035187000232979
3.035187000232979
2.9937412811971083
2.9650905359309263
2.9139106408521696
2.7813697065650724
2.6360310864736465
2.553139648401904
2.510163530502631
2.3904175699852237
2.2865273809643085
2.176515596489786
2.093624158418044
2.15759902726649
2.1207445048208244
2.104888733324332
1.9662262035836278
2.1176837070940207
2.15759902726649
2.1033583344609297
2.146334452360203
2.1862497725326717
2.199044746302361
2.1847193736692705
2.170394001036179
2.141743255769997
2.1274178831369066
2.125887484273505
2.0844417652376337
2.042996046201763
2.0030807260292938
2.0030807260292938
2.0414656473383612
2.0082237054819743
1.8409104304750883
1.566646168720484
1.2539969856568118
0.9843239204924126
0.7673611492701718
0.5903139847278529
0.45471225271395244
0.3605561681090597
0.34929159320277225
0.4465084755344684
0.6537367842063708
0.9136756733278844
1.2421806278880492
1.5578906086785242
1.8495410407930233
2.1381306751807188
2.339237674906467
2.3269944839992527
2.002102110028367
1.5635853709936804
1.1056002798732223
0.6619405613858548
0.13385929247079636
-0.3384513298404678
-0.5636180061919304
-0.6577740191699597
-0.8476164439894205
-1.1459402544200017
-1.3869625743182188
-1.5338288812384067
-1.6023949466770582
-1.6852863847488
-1.9308999012372225
-2.227693312804402
-2.497366377968801
-2.7798317048682497
-3.049504770032649
-3.3063828614273585
-3.521815233786198
-3.7116576586056587
-3.8329340179864686
-3.871318939295536
-3.8554631677990434
-3.812487049899771
-3.6753549190224684
-3.442536376303735
-3.1457429647365553
-2.8075052666707685
-2.4707978144284968
-2.1325586838254464
-1.7671992068196158
-1.3731889845476035
-0.91061269683694
-0.46389218062276927
-0.05861684103754143
0.2924169768277455
0.9555691000770441
1.2095092950021673
1.4759767895326938
1.7704418627941507
2.0224200713725247
2.1439947063815255
2.3998968876533984
2.4964169234515925
2.566901366865606
2.595879938769911
2.650894103058397
2.6354238239328702
2.591955966076412
2.6344428307594954
2.720397553299036
2.805372731593797
2.902875111394644
3.0138844331449914
3.0968961761644076
3.194397205135977
3.2223947838669074
3.2223947838669074
3.193416211962602
3.194397205135977
3.2088864910881294
3.0824068902122552
2.799486674454232
2.5320368359210526
2.5484881082199546
2.4905309644113443
2.3225454920257618
2.083094583052791
2.2309304220944406
2.073510262967512
2.126562440909249
2.1304864136027475
2.158483992333678
2.074491256140887
2.157502999160303
2.1700302987657065
2.1719922851124562
2.200970857016761
2.2569660144786217
2.2994528791617053
2.32843145106601
2.32843145106601
2.3429207370181624
2.3574100229703148
2.385407601701246
2.400877880826773
2.4018588740001476
2.3603530024904393
2.345863716538287
2.3863885948746204
2.4848706170195642
2.5167921684439936
2.423215112165923
2.202177461838604
1.9086933817505218
1.655734179998773
1.4587701357088851
1.3042929561020806
1.1923026411783588
1.107328911812193
1.0763883535611383
1.129440531502875
1.266485445637403
1.4450362312816394
1.6535465820035555
1.8215320543891382
2.031023398284429
2.239533749006345
2.449025092901636
2.495435930278218
2.3343174101062583
1.9182777018358006
1.3863237059481224
0.7973935594252086
0.23646112671615307
-0.1574668071608312
-0.298435693988858
-0.47992974893893753
-0.7879031149791723
-1.1393443388758648
-1.3498166759445303
-1.4347904053106963
-1.461806990868252
-1.6133411909549327
-1.9203335638217927
-2.2427962158141805
-2.549787237851762
-2.87224988984415
-3.137734942272706
-3.3317560070424697
-3.484271200302525
-3.624259093957177
-3.722741116102121
-3.779717266737357
-3.8521636964981196
-3.8271090972873134
-3.7180617618837157
-3.469026532825466
-3.1630151531319806
-2.800028973632537
-2.4070833271547323
-2.015117224921706
-1.6376404086408323
-1.1896791489459455
-0.7137203105201281
-0.2512694947072331
0.12620761135935946
1.0175917174464264
1.3527540818977037
1.659015745757561
1.9769234522631847
2.219775099640313
2.288793731422929
2.5264655755461614
2.61877629262031
2.6537144205576095
2.6597518479034883
2.671397890549254
2.613596489366414
2.6649316511573846
2.7744970261771877
2.9017475966544293
3.000096905678721
3.0867990074529823
3.1562464512815884
3.1967931945187753
3.2662406383473828
3.277886680993149
3.1916133912648794
3.0820480162450767
3.110948716836497
3.0880854435909555
2.857306925439789
2.4815966531470606
2.2672168943153608
2.3366643381439682
2.1520429039956706
1.9958933583928027
1.9311969057721012
2.1343594340040255
1.822489154844281
1.8626070860354764
2.0127192042924653
1.9726012731012699
1.989427119000933
2.0472285201837734
2.087346451374969
2.14514785255781
2.2029492537406505
2.295259970814799
2.3875706878889478
2.4626267470174423
2.4971360629087505
2.543291421445825
2.5721921220372446
2.601092822628665
2.658894223811506
2.70504958234858
2.727912855594122
2.716266812948356
2.699012155002701
2.7455963255857667
2.85559051265156
2.9535115704913912
2.964299989045175
2.79607558875055
2.5588308312075143
2.3103705685304976
2.085202391145014
1.9350902728880248
1.8022328125766895
1.669375352265354
1.588710677836972
1.5947481051828505
1.6124315751744955
1.6823078310490938
1.8039480607606537
1.971743649009288
2.127893194612156
2.29568878286079
2.4690929864093123
2.584266976729002
2.4734151655712266
2.062339117899472
1.4437783628338792
0.8023543345227446
0.30543404208956443
0.08026620979723952
-0.09313822667213534
-0.3937914477786843
-0.7811467706594943
-1.0641163492278187
-1.2142284674848078
-1.231483125430462
-1.3009305692590691
-1.5381736013363099
-1.78145406075943
-2.0359517507823255
-2.434524131716331
-2.677374614489195
-2.821878117446297
-2.937480919811978
-3.0474751068777715
-3.128568593352145
-3.198014311714958
-3.3080084987807514
-3.4003192158549003
-3.4576918049917493
-3.3705608911714977
-3.1967278755769843
-2.9189398257283514
-2.5717037711895814
-2.18434862085535
-1.756875539329924
-1.3289736457585073
-0.9066803674869776
-0.4326231153784862
-0.005149628385627739
1.147215656881348
1.505178310475963
1.790873255588672
2.076568200701381
2.293991226089947
2.3284371359234424
2.3502757795408016
2.512034151421361
2.596909126119404
2.6307351360100517
2.8641413164296687
2.9530142017598418
3.0809465637497544
3.1452226947161344
3.1796694656973754
3.226722641747008
3.2949945614711513
3.375873747411431
3.3844852248698047
3.4017081797865525
3.380489436112042
3.2101195867731085
3.018530993759664
2.9210466309711176
2.734073726658284
2.329676935809139
1.9843215484306607
1.8776079301152593
1.8948308850320073
1.6986266033179518
1.6131317286770608
1.617747417377672
1.6648005934273042
1.5190253765777961
1.587297296301939
1.7874973667737573
1.6980067033751036
1.7874973667737573
1.8895952963885476
1.9790859597872015
2.0811838894019923
2.162063075342272
2.28138395987381
2.4007048444053485
2.511414251478513
2.6135121810933035
2.694391367033583
2.766659075515489
2.7964892966483736
2.8561497389141426
2.9158101811799124
2.9966914889945597
3.039128976343581
3.0517362425597176
3.0092987552106965
3.0139144439113075
3.0781914360254334
3.1762935768824607
3.2141153755308713
3.1326154284999976
2.9277996693275687
2.701763044606261
2.5015629741344427
2.331193124795509
2.182042019131086
2.0627211345995478
1.9904534261176419
1.939404461310247
1.9181857176357358
1.9440201500108576
2.008296280977238
2.1150098992926396
2.2005047739335306
2.3158298697073056
2.4735924528301028
2.6095163923355402
2.493571396618917
2.0368867022244266
1.4144478471916129
0.8138476357761584
0.43928209943719293
0.26030077263988544
0.025654918407233825
-0.34091908657309294
-0.6902706870842075
-0.869252013881515
-0.9203009786889103
-0.9587426772801686
-1.1038979941868288
-1.2192230899606042
-1.500302346372702
-1.9053181760169497
-2.1651786887545366
-2.3567672817679814
-2.4760881662995198
-2.586797573372684
-2.646458015638453
-2.684898853081966
-2.7107332854570876
-2.7663979389650937
-2.864500079822121
-2.8983260897127687
-2.8638801798792732
-2.710114246661985
-2.475468266356671
-2.172550366327214
-1.8013605465736144
-1.2988624760151877
-0.8686321139386668
-0.49744229418506686
-0.1474707076163295
1.2725859919112348
1.642025575458143
1.8660670444641996
1.9575129668349445
1.987385625281205
2.1465002812435787
2.27482830524371
2.512586315671289
2.688771062174383
2.829901654080055
3.1685572575756535
3.2959717348120665
3.3130418253527867
3.3438284573150288
3.370347566642091
3.4806915265855207
3.5422647905100044
3.555067358415545
3.4755100304343585
3.342914483799047
3.2060514145285555
3.0478480801712307
2.8588607657625964
2.678408069872059
2.379076795519995
1.8377199881051731
1.4990670365205074
1.4862644686149675
1.4067071406337803
1.2219873488603261
1.1604140849358413
1.2622229996089105
1.213452303589966
1.2844745863007927
1.2399714129170283
1.216805852709164
1.3100797221118732
1.5350351646339118
1.658181692482881
1.8035798070237328
1.9532454441997646
2.072124449413554
2.195270977262523
2.318417505111493
2.4415640329604624
2.591229670136494
2.710108675350283
2.80246857123701
2.91281253118044
3.000904904431987
3.0624781683564715
3.1548411429063945
3.242933516157941
3.3002392574472466
3.2917042121768865
3.260917580214644
3.212146884195699
3.2249494521012396
3.2377520200067793
3.2600036066986613
3.1813602522334565
3.071929839053746
2.9094589820612415
2.7247391902877878
2.570806030476576
2.447659502627606
2.328780497413817
2.2141690148352073
2.156863273545903
2.156863273545903
2.161130796181083
2.173933364086623
2.2089875186840455
2.248309195916648
2.322685027746673
2.454366600866002
2.529656406212009
2.3946212839734815
1.9645224100180707
1.3975604667921682
0.8869902913395884
0.596194062257885
0.40720679052447717
0.1438439521521378
-0.19907634222706758
-0.4103157737097705
-0.4984081469613175
-0.449637450942373
-0.2810735110025638
-0.18779964159985463
-0.548704445067496
-1.0815262072119582
-1.4381632228533265
-1.6271505372619606
-1.829854393092117
-2.006039139595211
-2.1471697315008824
-2.1514372541360625
-2.1514372541360625
-2.12918566744418
-2.1419882353497206
-2.177042389947143
-2.2300806086012677
-2.2395296273876095
-2.0770614223060377
-1.853019953299981
-1.6204434390235645
-1.2784369383197005
-0.7105610215778161
-0.212793148839683
0.01551619334309957
1.288754895394727
1.5321848566600456
1.5562886411941748
1.5941923398171087
1.7412071629459103
2.092214924929451
2.5232006594536043
2.533933925967119
2.834771399026566
2.9270159618683387
3.1145717351271736
3.017727200922466
3.04643095681953
3.109971763764239
3.1991527027386897
3.320101021477526
3.348804777374591
3.286797294217527
3.099238497250724
2.813304865999536
2.5560749906454125
2.363919246023643
2.206600552449517
2.1143559896077444
1.8299556821442025
1.2944587944771166
0.9859547024794449
1.014658458376509
0.8240360375423842
0.6713173153311933
0.6441468832217742
0.6743839629064833
0.7153543091047073
0.9649175655206057
0.9982212927806049
1.0950658269853122
1.250851196771793
1.441473617605918
1.5987923111800437
1.6956368453847515
1.789414732014169
1.9164963459035853
2.042044636005357
2.1373558464224196
2.2629041365241913
2.3582153469412535
2.4852969608306705
2.612378574720087
2.801467671766567
2.9603196891283377
3.1207050302777537
3.2493229916627837
3.3189972470904503
3.4143084575075133
3.4809159120275113
3.483982559602801
3.485515883390446
3.4870492071780914
3.4568121274933823
3.459878775068672
3.459878775068672
3.428108371596318
3.273856325597482
3.145238364212452
2.954615943378327
2.7926971251088877
2.6005413804871176
2.471926442810056
2.3750819086053485
2.310007777872995
2.276704050612996
2.2418669995653517
2.240333675777707
2.2085632723053528
2.207029948517708
2.2705707554624164
2.3976523693518326
2.462726500084186
2.3433115051329945
2.0061036572382585
1.540280871666461
1.0652581433687938
0.8018949728640905
0.6082059044546756
0.3586426480387773
0.2028578829938902
0.17262050093838419
0.17722047230131915
0.41758348362055064
0.9500137237123464
1.1636360013611462
0.6224352146116713
-0.1128837342446126
-0.5079287923724642
-0.793862392957176
-1.1100331038930726
-1.3641963623383817
-1.3975000895983807
-1.3339592826536724
-1.3021888791813183
-1.3021888791813183
-1.3052555267566082
-1.3400925778042523
-1.4338704644336697
-1.4671741916936691
-1.3462258729548322
-1.098195940326579
-0.906040195704809
-0.5944694407986095
-0.03180181865130781
0.479590966777614
1.271740880151235
1.259775448268763
1.146546490092993
1.3641532893959332
1.948295410843794
2.3595781456847305
2.433993224360419
2.5918712297416033
2.5948871790848718
2.547123817045587
2.7051001879173735
2.60977019482001
2.559089248928059
2.5799057978591313
2.5023764043495715
2.4576289916535554
2.4158975283008077
2.3831155474872636
2.278836071850696
2.0195961746856117
1.7186248141677796
1.4712519833945634
1.34907354267959
1.3162915618660456
1.0629851978968954
0.6487849686981181
0.5445055825563764
0.4938246366644258
0.30608218957495115
0.3001487011264293
0.3836115383370986
0.4283588615382893
0.6220347970762858
0.7769952186048036
0.8694076278495015
0.9915860685644752
1.0809825284659045
1.259775448268763
1.399852854062143
1.5399302598555233
1.6054942214826113
1.718723179658382
1.8081196395598116
1.8975160994612406
2.0048115244410765
2.103157466881709
2.2342853901358857
2.3654133133900626
2.5293232174577835
2.6932331215255045
2.8988744889459728
3.071733875552897
3.277377626223193
3.4025729112296887
3.5426503170230688
3.6261132437285633
3.6857436721597177
3.727475135512465
3.736424618051668
3.793039097139553
3.793039097139553
3.769206598865212
3.703642637238124
3.5576316982488096
3.3698892959067472
3.131463564422907
2.8930393212406407
2.7201799346337165
2.580102528840337
2.472807103860501
2.407243142233413
2.30889719979278
2.240317288822423
2.207535308008879
2.1837028097345375
2.2582162539008297
2.3893441771550066
2.505589084674045
2.5294215829483857
2.4579240881253632
2.294112549548245
1.8530637832370327
1.358318121690601
1.1050117577214509
0.9768997838105427
0.824856946134691
0.8427559112130973
0.9590008187321363
0.9978146982322177
1.3285520902203254
1.9274788619127212
2.0109417886182164
1.2928525255541155
0.6581278237049066
0.3362420254153648
0.05015368063267026
-0.1852541949080391
-0.24186867399592435
-0.2031531599864455
-0.17932066171210456
-0.17932066171210456
-0.26278358841759936
-0.3879777994861907
-0.44459236806890134
-0.5012068471567865
-0.5191057227403676
-0.41482624710380034
-0.18535247090381643
0.0202890453468093
0.35997591987412036
0.9142534060361203
1.1112580237611474
0.9578201334690615
1.0353827532529234
1.480025416987028
2.065707145000511
2.3395535620247387
2.2248969816245836
2.354432153239988
2.2743897682535845
2.058267849392886
2.149814127043263
2.131663354698569
2.012047243893331
1.892431133088092
1.762103545545784
1.6474469651456294
1.5435018614825444
1.418926220272223
1.3669536684406807
1.27044786038522
1.069996948666675
0.7474501609403499
0.591532686953446
0.5395603166296269
0.3391094049110816
0.1617688618985238
0.1279472391217474
0.008331219070371024
-0.07002389499543035
0.052071968613523305
0.22366038378637074
0.42907048769220424
0.566837370842137
0.6476721717554442
0.72602720746621
0.7911910012373641
0.8769853325557543
1.03042322284784
1.199532120282079
1.3504902453716234
1.418133804345319
1.5039281356637095
1.5715716946374052
1.6573660259557952
1.774502371558492
1.839666165329646
1.9568025109323426
2.1102404012244285
2.315650843348057
2.53921205781638
2.7396629695349253
2.9425936464560123
3.1430445581745574
3.345976802196358
3.5332382870525274
3.686676177344613
3.8582648399813935
3.9622099436444786
4.032333267820715
4.066155047307563
4.084305819652258
4.066155047307563
4.034813033023257
3.951498466907408
3.800540341817863
3.5481168782677766
3.2775410752722793
3.0383070385845685
2.8147458241162453
2.679458706168854
2.6299659195398535
2.546651353424005
2.359391683645071
2.23481604243475
2.23481604243475
2.390733697929377
2.5804731329108526
2.7495820303450915
2.7132804856557016
2.8947882091026487
2.905499685839719
2.2092259744824303
1.9271478459236742
1.7811492512392129
1.8743828781652276
1.5881376351282923
1.5105750153444304
1.7341362298127534
2.261301043735803
2.4304099411700424
2.4757356133208637
2.502118097200087
2.293435473947013
1.84056109867838
1.4346997448362062
1.1822762812861183
1.0676197008859634
1.070099466088505
1.0362776866016572
0.9636745972228784
0.9092222801887946
0.8102367069307925
0.6254571157745432
0.5734844072329293
0.5396626277460815
0.490169997827152
0.5239917773139998
0.760744077011863
1.0337979213991155
1.2367285983202025
1.5650273323785142
0.8572862068335646
0.6241975640166729
1.0094518676333168
1.708717796083992
2.056157283746755
2.2194655654894175
2.208322944546507
2.340850038515127
2.125937644820984
1.7755735217414548
1.652726731007362
1.4712422001419505
1.331681477993492
1.3093962361076712
1.3275724852304203
1.3164298642875099
1.23550688227037
1.0261657990476825
0.8684288277764751
0.8042197771737012
0.6297688744881281
0.31018652556004284
0.0128885946647811
-0.08621028757330212
-0.08474796986491882
-0.06657174859872222
-0.16009996245585625
-0.21170375336208352
-0.09442827309944594
0.19729778880351154
0.43595742104660556
0.5629131488306655
0.620088571253601
0.6549787517907155
0.6549787517907155
0.6605500622621707
0.7945394739391739
0.8517148963621094
0.996846928982023
1.0777699109991628
1.2061880122047106
1.340177423881714
1.468595525087262
1.6025849367642648
1.7365743484412683
1.8007833990440423
1.9640916807867048
2.2264991936692557
2.4707304574290583
2.603257551397678
2.748389584017592
2.8990929271089607
3.102862699860193
3.282884913017221
3.4335888132396373
3.608042647812217
3.817383731034904
4.015582193314682
4.178890475057344
4.301737265791437
4.3659463163942105
4.419012746054075
4.419012746054075
4.378551255045505
4.268309402962705
4.053397009268563
3.803594435037305
3.465834693478022
3.12807257716278
2.900555244817344
2.8363461942145696
2.825203573271659
2.70381910024595
2.465159146957603
2.318564796629306
2.410630399589356
2.5962239232178397
2.8879503061660503
3.2872718661423708
3.6948143435318426
3.0093347791917595
1.9737719840212318
2.4721927751374415
2.5783256344571686
2.2892459265636464
2.2739943128576643
2.240566450028933
2.1971803236035967
2.8530601256289354
3.789804581908659
3.6628487984114946
3.094644714334049
3.02486435325982
2.7527765371427413
2.4220509808943445
2.119181977003224
1.9907638757976756
2.084291796466109
2.1080393560603135
1.9098408937805358
1.717213741972214
1.676752250963644
1.7075334387376868
1.6084342075977982
1.5442251569950243
1.5679727165892285
1.6908195073233212
1.905731901017464
2.249062395917155
2.4877223492055016
2.6384256922968707
0.5085880200684892
0.37129807057713465
0.8751233585214777
1.6828557857612605
2.1839947070322223
2.167987836936982
1.7908183617355162
1.6722217822171508
1.6522411269876391
1.243057911595693
0.8018610892176354
0.6059165258964517
0.5699290005716997
0.5592950636297745
0.47797329469268385
0.43532561756027877
0.5073006016075985
0.5406016936567851
0.5672426338983184
0.5578958490085475
0.43392646954123587
0.13001969012104955
-0.12855284568679812
-0.15788015260171273
-0.1605669124514393
-0.24188861478634582
-0.34716501745701345
-0.15121993419187543
0.12335953831339631
0.20199510064580667
0.29395067332045427
0.4019126627485718
0.49386836862758765
0.4418739732075957
0.6764924285269127
0.6964730837564247
0.7524412643106886
0.8310765333700297
0.9750266346690375
1.0896494290531304
1.2762472740867277
1.485512207625402
1.6427827457440844
1.7933930654529295
1.9506636035716118
2.137261448605209
2.3825139074686352
2.621106147922224
2.7650562492212316
2.9090063505202397
3.0822837587341625
3.2848884738629986
3.451506329688925
3.5954564309879324
3.7394094650176317
3.9193470916413915
4.092624499855313
4.243234819564159
4.38052470245333
4.524474803752336
4.655104468231671
4.720419300471336
4.792394351120841
4.8057147879405155
4.783047699435438
4.6590782533659425
4.420486012912353
4.096598284989586
3.628757523037119
3.212913423213495
2.91437921707137
2.867757688202509
2.9463929572618506
2.91437921707137
2.6304527996076263
2.470495828213379
2.6544072399714103
3.0036484896748203
3.664859044628874
3.1077490100729563
1.886747852748804
2.581033107905048
3.6874150695976398
2.8357439480120292
2.787723337726309
3.491467640147949
3.682039270315818
2.9169545868106246
2.5571903970994163
3.5196215914711595
4.6725104197437695
4.243234819564159
3.556782472387615
3.330222650873153
2.9930144861307117
2.4731822614889443
2.2345900210353555
2.4172140809346803
2.577171052328928
2.574484619053363
2.4544889581181386
2.4118412143835495
2.6277663663320614
2.5957526261415818
2.537098012311752
2.7530231642602634
2.9729227673648886
3.2808036251924158
3.670006185354849
3.8526331779848664
3.8686400480801066
0.1339370669778102
0.0013647452781609872
0.47850224554121673
1.1783241391832016
1.8888379954705126
1.8569165179843392
1.1622868321133946
0.7645700250904677
0.5895383018023431
0.3830440863895768
0.07024735480860067
-0.041095345900504565
-0.16312942581444353
-0.2159741982922737
-0.24255027789627676
-0.38046815708548376
-0.2850101567755479
-0.0782092434571124
0.11270712753817462
0.28773906389137693
0.3143149311959856
0.15531987807948458
-0.0991329630475579
-0.0991329630475579
0.02809366981535773
0.001517855202756024
-0.06721127326199007
-0.01955876201289013
0.245585563703
0.3993875598508834
0.500038033688944
0.5689204843776794
0.6483413364595126
0.7279153251947861
0.8128350829533283
0.9029474730816994
0.9877140941868017
1.0565965448755372
1.1413631659806391
1.2261297870857413
1.4063545673424838
1.5919251166224948
1.8570696546377792
2.106330022236697
2.4139344391312525
2.700308916586173
2.9442235151618217
3.2147138222003755
3.4268600799432907
3.617778521240515
3.7874649001041587
3.9359213395281687
4.068495196952853
4.17449175749759
4.322948196921599
4.444828927882703
4.572055427867077
4.715166098267816
4.847738367275459
4.974964867259832
5.070423026411472
5.107537136267474
5.160535416539843
5.213533696812213
5.250647806668214
5.234763636251849
5.13411284473038
4.863775674345265
4.4025221856568715
3.861693119816164
3.2784036405192825
2.827535416570546
2.747808291181833
2.9174946700454774
3.0184517348738265
3.0716031517996347
3.2304448559633014
3.251521658749497
2.9013042263222304
2.551852477162164
2.785994357611916
3.957151278967804
4.126532972941609
2.9759918559945553
3.2411363940098394
3.760429247104032
4.147456639074365
3.776621813821223
2.758806102535251
2.7160399503490993
3.9192709512676984
4.439176885552554
4.073534692669241
3.522011965788051
3.219906454570204
3.05052634901344
3.013565375810878
2.9232998490290667
2.742768795465444
2.827535416570546
3.124601432072004
3.1352929701185417
3.3155177503752844
3.5913559494310503
3.7399655255084996
4.005110063523785
4.477056678675757
4.970231644850323
5.192763167332896
5.08126770111145
5.007039481399446
-0.321672419860354
-0.5897382988409695
-0.13058251462871773
0.5967243635710894
1.3622150590543642
1.2473173998059843
0.3291823698129859
0.06190098225920076
0.023979105844523053
0.023979105844523053
0.06172673655348327
-0.015859292872564833
-0.47449214643868864
-0.35959372352920127
-0.5124138319380896
-0.6265273798477272
-0.28200788545404637
-0.014203949520303398
0.10051965493763602
0.13878945088915112
0.21533018915507515
0.25342573940087276
0.17671113638855201
0.13844095860648326
0.13844095860648326
0.06190098225920076
0.1387023284719088
0.40650607218352575
0.5976827188730836
0.7119705151021372
0.6734389665834101
0.5968114877307975
0.6347331723589653
0.634384679640681
0.5957660082690952
0.5191385276740167
0.4808683481494822
0.40432798997164604
0.36553545341804694
0.4036310036638446
0.5567988415655263
0.8246029705926282
1.245400689201996
1.5900065419161953
1.9727083284492117
2.3174013061943515
2.7003644625927934
3.0832404957027606
3.427933473447901
3.7724522046160907
4.078791698724991
4.3851273832406825
4.653192880390745
4.883249568752931
5.0749489551733395
5.228378162940447
5.3053541366894255
5.382155863861454
5.458783344456534
5.497227769686785
5.573593880416438
5.649959991146091
5.726326101875744
5.764596280529045
5.764683403817521
5.802866459182348
5.726500348452695
5.611776935781265
5.344147055073578
4.885340527676335
4.273191915800459
3.5844120050239683
3.048716627166221
2.856581615591107
2.894241931225082
2.8167432177452523
2.7394187508423724
2.319492265117756
2.3593306629636115
3.430808550679911
4.3094582588188315
4.384081895066652
3.5811013113495824
3.20014199058607
3.467946117870706
3.161174825624967
3.3132100607764707
3.3510446229873967
2.7776889294956737
2.854316410090752
3.2744171423923185
3.1602164694517403
3.1990093878358925
3.1617846886442935
3.3157366361422516
3.6604296225997204
3.7363601168869978
3.5063034198124825
3.4683817343130823
3.5454448400628653
3.6603424993112457
3.7367957333293735
3.966333500266244
4.387653958606463
4.885601897541761
5.459828823918236
6.225058150407317
6.6068887040555815
6.185829615580789
5.994914338756657
6.148343546523765
-0.7783026478593208
-1.076948237683577
-0.7182100360674577
0.07272637881014105
0.9013000771993831
0.8187533026301533
0.21782776746294902
0.06727387730884081
0.12918395823576312
0.22327998667588164
-0.030456883034459734
-0.5640213017393537
-0.5731086474146498
-0.5470195463671645
-0.6052946890239684
-0.2950991503065831
-0.051093679860235386
0.016268705288396405
0.09518074795444416
0.15345568424431158
0.36410169753497884
0.38110364109941286
0.24209939937537492
0.24028194841500705
0.18382427489326242
0.19900835476345574
0.3962879636859253
0.5765653863276418
0.5631985692255713
0.3319158441179052
0.15527294701243444
-0.019552068224104328
-0.2131973034531907
-0.4462977708969379
-0.6812157074757443
-0.7995834619244113
-0.8390395864409034
-1.0308669761504403
-1.2694199541828333
-1.271237423317893
-1.2621500776425967
-0.9501372579823971
-0.4256609740711622
-0.08574240969616398
0.3652746335133822
0.819926614993047
1.2763955010310357
1.7310472943184552
2.185699087605875
2.6178967181159276
3.0689135731332287
3.519932491819894
3.950312653194888
4.440787308284196
4.852348245151941
5.243272488377379
5.575921588946013
5.848478077722784
6.060941954707692
6.235767382678104
6.3298635052143455
6.367501954228842
6.405140403243338
6.406957872378396
6.427594566020704
6.408775341513456
6.389956117006208
6.3298635052143455
6.247316730645116
6.046402201627218
5.531657796547936
4.917364861527234
4.5173532726265
3.795595334298123
3.3706656984058565
2.7636426399253917
2.4990005608455137
2.7078294995603027
3.382215046372867
4.146421189886714
3.8167606125090914
3.197013206413848
3.1922053321653263
3.5679452891536347
3.6164885529784865
3.005830556227903
2.501990965958976
2.3065288443462566
2.049156641806616
2.0922474982262895
2.3951725594773206
2.722369252640777
3.092656802223907
3.5454911263762674
4.060237413378001
4.571348943856529
4.2987924550797585
3.88359451627253
4.07723916875019
4.411707802123248
4.607169923735967
4.7030835154072665
4.862724657140548
5.473382653891131
6.240046854104878
6.9296166871545735
7.432811744266844
7.319896397223355
7.053436849008417
7.203990645066403
7.481999541248352
-1.0323041844758212
-1.0329821049503938
-0.910515809187767
-0.5433428931316758
0.31075835723489525
0.513549860302792
0.18795269791008878
-0.05630197370552602
-0.38076927090034346
-0.25852894919417463
-0.5433428931316758
-0.5042532602388871
-0.5848052522049382
-0.7068196009845166
-0.4231363345440256
-0.5030104049056368
-0.46222596743681443
-0.7464741676061157
-0.7462481941145916
-0.6243468320807753
-0.4205376382616304
-0.42031166364023875
-0.13674057277625284
0.025606061437050506
0.06582576683950925
0.18783971003445926
0.2695215683282636
0.06706861991302464
-0.29840949269690037
-0.5833364222502962
-0.8678105959111218
-1.3551900705548632
-1.883240997051532
-2.3302879823393674
-2.6149881294917168
-3.102028643898172
-3.2238170191862263
-2.6569024332882925
-2.576350441322241
-3.0223805458982174
-3.4285301081013353
-2.048412503831069
-2.1680541309496437
-2.2079346733225025
-1.070828884769667
-0.7451183266569709
-0.37896148466295143
0.027865795222424588
0.39413461226036983
0.7199577504043323
1.1270112065735465
1.5746231255901917
2.18446889599656
2.8349861272947954
3.566394299497694
4.2572480646994455
4.866754874868527
5.395031772596987
5.801520295037391
6.207782843986271
6.5733739433419585
6.816950693918065
7.060527444494174
7.222648309138134
7.2632067719855655
7.222535322392372
7.141305409951749
7.060075497511126
7.0195170346636955
7.059736537273839
6.815029919240111
6.448421939172564
6.204280254867646
5.390512302766504
4.009712710876705
3.642652783826111
3.642426810334587
3.886907454876792
3.8074853303683622
3.565377418785835
3.035518695318033
3.520977395283819
4.0903817454348035
3.6858099418260695
3.279773366368714
2.8318224871147826
2.059177931589881
1.6123569197935705
1.4494451479292754
1.773799863962959
2.8300146991825894
3.6020943209786807
4.13071423479071
4.213187001434717
4.417335167919689
4.865060073682097
4.45845856449593
4.538445622733171
5.0664965469701055
5.513656519003702
5.798243679410291
5.960929477783061
6.082943826562639
6.733687020053724
7.709462850053066
8.319873554188245
8.077313684323995
7.954960375307129
8.360432017035674
8.645245150933787
8.564806145713497
-0.6180806910328343
-0.3375515889016039
-0.3848479368309946
-0.6997842658762355
-0.48593983978396593
0.20299812301793468
0.35889550612788
-0.28061563216069074
-0.6342192704568073
-0.5030888066544712
-0.36119976286629923
-0.14623612911797657
-0.06453255427457531
0.6276544046227791
0.24715355312158913
-0.4084963472774295
-0.1731333961183149
-0.3063938203961862
-0.6815156183861978
-0.7545902083463487
-0.750330072214219
-0.750330072214219
-0.7266818982495237
-0.5772832599206292
-0.4386434918545753
-0.4494023621174156
-0.6643659958657384
-0.9760527589118568
-1.3167668570243785
-1.8412868203798054
-2.5173354901301916
-3.206273280895957
-3.8715605328796316
-4.2434323994975705
-4.633571086740799
-5.1129247702329
-6.108278144816169
-6.337250289922399
-5.90833370014929
-5.211777602223811
-4.837775667539806
-4.072515655270045
-3.221183757358411
-3.381450161255612
-2.9580218105761515
-2.340028541704472
-2.130444434430807
-1.117941802700029
-0.4311337146273779
0.08800677604865592
0.5469613248164398
0.8984344758782767
1.1735835785713704
1.4325941018404906
1.7356515146304092
2.200996686764602
2.844768197667042
3.654078753187099
4.484905587741037
5.279197492132296
5.971384741306654
6.556090173606852
7.004286088593536
7.368648360670752
7.6491769898385025
7.803955154642056
7.898547850500836
7.843741908030722
7.717991443666523
7.670695095737133
7.581481926353009
7.586861452827668
7.364388224538622
6.98500676337996
6.113382497713817
5.817834679464621
5.382527885493318
4.530181118176
3.6757037448399714
3.405934168621535
3.3844160627229045
3.3488894454663662
2.9135826514950636
2.5997661857558296
2.539580716811059
2.327866541471329
2.037698249696791
2.0065404811913727
2.4343376806219537
2.9040517015072673
3.658554487692462
4.772042384297612
5.35563025312003
5.08799074496766
5.108389460523761
5.044954533170398
4.836489816239261
5.402926601049421
6.152049860759957
6.877524946505798
7.17094269668893
7.207479991669004
7.3987954514526315
8.13502959014779
8.797069748540267
8.513291660963924
8.283308838134156
8.553078414352592
8.788440763657016
8.473504907575254
8.072605340517962
0.18241674376490624
0.2933537452761158
0.04647861408886977
-0.5504813406193526
-0.8960173512629006
-0.7850801496971918
0.0601214291175648
0.462940217191271
0.4138344513561399
0.25652379234187367
0.24879494187236553
0.48021300409510775
0.6111549463197185
1.5627456230857721
1.683226129111297
0.5511385965539612
0.33063119555034975
0.39064789994761545
-0.21267331660528638
-0.7678079947678674
-1.081061956037085
-0.9437571015762467
-0.8296387985239325
-0.8682830508714732
-0.9655770054884738
-1.314294117618627
-1.7416663819401588
-2.232236097514053
-2.9078504178621327
-3.5016284845322283
-4.0385705300381245
-4.799198659235707
-5.400705576375311
-5.7662470369407774
-6.1827093493061955
-6.66691686190688
-7.135666673568546
-6.760581908543265
-5.438902022228841
-4.099954300185225
-3.962201639230376
-3.6034701881321314
-2.6209641094880443
-4.432762358567265
-4.625535813810958
-4.414123556141645
-3.7216884336733376
-2.773278858393889
-2.207235092115221
-1.4793332724708927
-0.6927817505571047
0.14014358343674962
1.0039829780711065
1.6936882745734
2.1983490435900137
2.443857804623966
2.5056886083800314
2.5688860596323937
2.9080598673027307
3.470922532094793
4.2774830502455865
5.209068277089721
6.1083722274445735
6.889009352879161
7.469144172600547
7.868782136530652
8.151120695921838
8.303883251321693
8.362532953591153
8.212951499677903
8.16975949834746
8.126567497017016
8.12338639553041
7.973804941617162
7.946070641225734
8.009268092478097
7.520512830894511
6.262030395832449
5.205416913979886
4.890796305214371
4.295200238238882
3.2631391824060945
2.7093720155798375
2.215621198519338
2.030576593745153
2.152423747266975
2.2833663987546027
2.496145303920215
3.0421836202769637
3.7532610914859785
4.539816159714853
5.224525978028738
5.475949908426937
5.341826155452704
4.891715146216659
5.080388658971459
6.282035845754368
7.340015975103228
7.7055574356686956
7.748749436999137
7.83195233817342
8.047912344825637
8.432092607816726
9.03814727393923
8.650785909461538
8.171126145843756
8.25432904701804
8.160216193887644
8.05837449028774
7.7360250310527165
7.507788424948088
0.291761625942814
0.2262623190007215
-0.3616898444512822
-0.8651576749389188
-1.1461403487736568
-1.3991200830738806
-1.1581259997429036
-0.15569981049977233
0.6782312123541291
0.43925369774381146
0.7697174050860985
1.2686761388029177
1.1891755970401954
1.2426890180664139
1.6196661614739405
0.8562186817324496
0.7367295494659662
0.3947568303992313
-0.06622917907780183
-0.3497042634893842
-1.078148818735382
-1.162634276583723
-1.2306258066219977
-1.6780869381106083
-2.2590386716329593
-2.8374979471125013
-3.347965692553768
-3.92642496803331
-4.399392831400379
-5.242817492149392
-6.3132340663886355
-6.450756306018397
-6.476266787510101
-7.118209316187099
-7.774153314631354
-8.132620711430803
-7.839652386626819
-6.867722039929684
-6.125276764839079
-4.4834016500039215
-4.444366337989759
-4.783370709691535
-3.5769741249154983
-3.536985534411737
-2.7635682224990097
-2.325600283936837
-1.9391299476028725
-1.5081627439243281
-1.1451870702840585
-0.7962128664110458
-0.5012279728864019
-0.08924715506073279
0.16325563504071622
0.6007464893894165
1.3687022459717266
2.394622652939879
3.3880318435326986
3.8684808306414413
3.741990963491329
3.620009373182037
3.751007517172968
4.1184914676540565
4.595975807161926
5.281938563938704
6.209372043291259
7.101801848225671
7.802242714014505
8.219208447925793
8.540179712264292
8.570675109841615
8.713658904801795
8.556673640074356
8.484173833195264
8.36468470092878
8.18420477350765
8.13970790616307
8.221700905968603
7.884712353064836
7.468223258398348
7.665197113629543
6.836250561892587
5.7028259735537095
5.281351962801603
4.255431555833451
3.610992819500398
3.6999865541895582
3.3205169527392226
2.833067230746851
2.9100753144667646
3.1580701326813703
3.303069746439558
3.4575625531241845
3.8675282522253314
4.736943783324095
6.391281888446786
7.981660101127224
8.508145135133757
8.336681761394265
8.266197773313182
8.423183038040618
8.327188568467827
8.699657435034538
9.278116710514078
8.750678398017946
7.987230918276453
7.825737376708201
7.46726997990875
7.333779377875008
7.19328804095764
7.0832921016175945
6.994298366928434
-1.51097968914645
-0.9048206575251654
-1.0060790306651826
-1.4082067848852522
-1.7393782156066733
-2.0040123726502133
-2.6053732134869305
-2.071307115162087
-0.6194804258625873
0.08907254834057536
0.3234051380436585
0.6183407866735477
0.776161213974942
0.9088570269137081
1.0563249269827606
0.47087288660449533
0.6238955296681262
-0.8131582594074791
-1.1694552211155094
-1.3476034986961227
-1.8362171323791192
-2.202866724849865
-2.4981812594049653
-2.9461402126838783
-3.348267966903948
-3.786252617290338
-4.264891948080812
-4.723199355549338
-5.527833598406473
-5.7658276933422234
-4.960817266453978
-5.344130067754104
-6.601899782544911
-7.084579428739157
-7.1045280345242015
-6.656190346828294
-5.301584265650925
-3.916673990993107
-2.964952615217935
-2.6441342218060333
-2.6282259314247582
-2.185443496800605
-1.823591688567623
-1.375253490794537
-0.8866399846308349
-0.5454941234975965
-0.29083477942375646
-0.11230776742614701
-0.10195473011662796
-0.254977883257436
-0.5155712148200281
-0.46607853830478313
0.0727849377110196
1.0655422711184683
2.3344219819756096
3.3545763362476633
3.5785558128871204
3.872734144191233
4.509196445094298
4.8714275053961416
4.795294663242734
4.754261248421654
4.876227322367924
5.1563910353757425
5.421025192419283
5.8686054112812
6.7035412972329
7.457167822376434
8.251449027924048
8.669485072525394
8.903817586474368
9.016186059211094
9.097874154436257
9.036892133830131
8.634385645193065
8.466211670504974
8.54272324707538
8.471388189159734
8.303214214471643
8.369372753732529
8.619234823645783
8.415961421625365
8.451818317791686
8.350560351198473
7.602867813543692
7.04291912194505
6.080461908975323
5.056645973716495
4.64896296642467
4.837464281314802
5.041495152169213
5.729341872468856
7.038121337707287
8.534642616267837
9.39912267648011
9.72436011971278
9.953516115006995
9.342180971277756
8.843214300285238
8.781853545262118
8.914549358200885
9.459347228252243
9.203929905267234
8.119510683819277
7.686702552087646
7.223214042844454
6.927899508289354
6.668063135483576
6.438907140189361
6.377925119583234
6.454436696153638
-2.93084681081473
-3.1533807464078505
-2.3679228983003067
-2.2802532644568165
-2.5937644335029555
-2.6106159397998003
-3.846129184195311
-4.17145056590362
-1.9633822444262827
-0.36044314087883167
0.42333508516813023
-0.2643735593434818
-0.27954514014812937
0.22610438299190366
0.23119656255917254
0.31041463779767703
-0.7953272765930217
-2.0628113567151574
-2.4353289234876883
-2.6999654991354882
-2.905595677056896
-3.064031187072162
-3.220786771595232
-3.441588530321287
-3.647218708242695
-3.997792740866919
-4.17475968267123
-4.462967466584666
-4.312928381721678
-3.3370151388060845
-2.989800957166255
-3.6150911183914665
-3.88476747051586
-4.129192688882419
-3.947133719226648
-3.0082801375804307
-1.6194231834474024
-1.000852800048886
-0.5895925959218792
0.1840541628271544
0.9071457622239099
1.4229266177453181
2.0836519684312855
2.6314565515159285
2.8809215463590814
2.8488984592575886
2.8354068039451383
2.901132903640322
2.9348359162340127
2.9348359162340127
2.8235950741248863
2.442677879891366
2.0668004621344402
1.9403880392206663
1.8780217905098782
2.75608454618777
4.873075850929146
5.823794930928562
5.7344976229677425
5.692342731538195
5.7664684586943675
5.909732387904987
5.8591778690144505
5.953567204826733
6.144025801943492
6.315952967271208
6.3513359053570975
6.605840676676843
7.116530144808532
8.0418920711423
8.59137657971914
8.90488774876528
9.097026271374236
9.267273511209757
9.171204249905276
8.729600732453168
9.029620246186854
9.009408888905615
8.72624088146877
8.807138561968603
9.280765166522205
9.56225324846685
9.654962658786935
9.811718243310004
9.985325334129918
10.221298673660622
10.170744154770084
9.879176519872253
9.939862843090841
10.066275266004617
10.256733863121378
10.654502563651741
10.939350496580783
11.242729861298868
10.320727785949495
10.071262791106342
10.48084322145696
9.381874204303278
8.829029844742042
9.102118299225697
9.830249675099047
9.36670262349863
8.198647655665368
7.617140059987036
7.097998713019489
6.875517028801236
6.6226921829736884
6.245134839724564
6.085019404217099
6.38335899245859
6.636183838286138
-1.7235377631150834
-3.4254736646523813
-3.5954058892793572
-2.6964279160417166
-3.3429364416534315
-3.058156889568963
-4.472762679219403
-6.456679373380365
-4.084977656110636
-1.5194118016891238
-0.3979664295490873
-1.2334786401913098
-1.9446073747201122
-0.7083155120309066
-0.7231952843589844
-0.735281155908976
-1.6382066393380477
-2.3644584871706256
-3.129761850431265
-3.6465432762574093
-4.05685907696032
-4.106842854525028
-4.101498393944553
-4.158223582478778
-4.144740760539743
-3.9220308575699736
-3.5400776511341756
-3.027243735499462
-2.320062511162091
-1.3348430108815488
-0.8691989720334566
-0.41703775512439917
0.7597348834242754
1.2832577202199373
2.1148215837624047
2.0420630134867577
1.678937089570468
1.5317796576544318
1.8907147304035916
2.9110381010925437
3.9813459234873014
4.738510925389379
5.259487386924275
5.7035102424747715
6.147533098025267
6.403950055842625
6.382328872545029
6.298638040132736
6.152877558605742
6.020599899017784
6.082669548132483
6.290499678774176
6.351172377499831
6.351172377499831
6.351172377499831
5.494039820468338
4.076879286473889
5.233918693435248
7.487983367011019
8.447390697998616
8.054505229426171
7.372892698577828
7.076027274943367
7.085562586690969
7.239461429576523
7.447291560218217
7.223184706859403
6.841231500423604
6.8628526837212
7.388015811881603
8.021041515554284
8.542013792547557
8.853758988510096
8.86724181044913
9.013002291976123
8.748446972800208
8.64453190747936
8.895604404716243
9.083210302449382
8.964415464800458
9.05484770818227
9.27755761115204
9.48004328121326
9.793185427564842
10.007756969176048
10.229069921756777
10.451779824726547
10.619161489551136
10.75004219875005
10.889061269307527
10.806767387284275
10.910682452605123
11.16849636081152
10.551747379855962
9.231764684754461
8.876777122196735
9.09414256458603
7.952230455470068
8.670100600968386
9.741804699611091
9.314058566777716
8.097990936997059
7.4528793617743885
6.806370836162674
6.597143755131938
6.694317409483267
6.4095378573987976
6.151723949192398
6.387916674101202
6.624109399010007
6.6457305823076025
0.7004781082513309
-1.0539996834015977
-1.5587698457817374
-2.1508665030926157
-3.2533723230223575
-3.264650285906594
-3.5198548601672988
-4.463880893772303
-6.010336768312573
-5.177132938655622
-2.693699757312996
-1.1392504190025896
-2.5168933376911884
-3.1651059978512652
-2.53428019713772
-1.7808842674801955
-3.319826453816288
-2.6786625204588588
-3.828825856977168
-4.6686084513250785
-4.219954282395835
-4.120879909460682
-3.871784231762273
-3.4221902325926763
-2.8716422000072215
-2.5192429132920706
-2.314985270859472
-1.709730985484499
-0.5086207171380845
0.1895995399816099
-0.357188676270568
-0.26140420454851626
0.5797876444872099
1.086437467348056
1.7407590240704278
2.587590345220986
3.036244514150229
3.5835031408944484
4.183118444827302
4.83556038806048
5.588961271436652
6.440961658909151
7.192947843206146
7.894457010795212
8.445005043380666
8.745047652907182
8.795054754494934
8.843652110722157
8.844591940962511
8.995553075966122
9.34560278708039
9.645645396606904
10.14289692176337
10.1933739384713
9.842854312236856
9.736731212499055
9.43668860297254
8.696920211800135
7.654289720380156
8.843652110722157
9.833925924953501
10.534025347182038
10.135848194960722
9.54140195734981
8.894599042550261
8.591736942302688
8.638924553169382
8.485143927444712
8.140733197772562
8.035080013154937
7.736447148988953
7.881299387430269
8.378080997466558
8.680473182593957
8.682352843074662
8.582338639899158
8.4813846064833
8.429967759535018
8.329483641239335
8.228059692703301
8.27571721869017
8.275247303569994
8.174293270154136
8.123816253446206
8.271487982608582
8.418219881530604
8.46916681335871
8.919230727648483
9.165036999505658
8.818276694232624
8.67201471043078
8.86922362606073
8.617308457641261
7.820484238078456
7.320883137321108
7.017551121953355
6.630651932616278
7.933656064618904
9.12630786080214
8.721551896898356
7.67563199963714
6.974122832048074
6.2273057140730215
6.180588018326505
6.381086339797692
6.480160712732844
6.229185374553728
6.2301252047940805
6.328729662609057
6.376387188595927
6.176358782244916
4.6406059940982765
2.857421950225956
0.9147568208572051
1.0277829003576096
0.8405691735729802
-1.2598324833005998
-3.0928437648650764
-3.4496550361830285
-3.9599583243138787
-4.889516128532349
-6.140531551677568
-5.669067032979321
-4.014902351693769
-2.9874343603094475
-3.899259367762675
-3.1519151825983234
-3.656346454940928
-4.301653399802497
-5.437025839016621
-4.939343703440931
-4.630615044380248
-4.4382845953511705
-4.139672429049021
-3.5837863801963024
-3.0144116743322047
-2.2527065194390303
-1.391463975778473
-0.15992054213633888
1.2259852977316466
2.125193960890939
1.967457467107753
1.8476870928233018
2.466016757383755
3.172022625074885
3.438540687666544
3.5203449424522595
3.636743152483866
4.23059532083532
5.133180956508683
6.251697719936236
7.527950639930549
8.800831395672018
9.970802598393258
10.941699023579735
11.559156341701101
11.867885000761783
11.87125716501463
11.7683476119944
11.823174552757362
12.03236582305066
12.24830142184965
12.364699631881257
12.330105676635364
12.096436943854707
11.877129180802875
10.624481410578474
10.460000588289597
11.012514472889471
11.57264499871248
11.383686713936246
11.187984100654324
11.187111787936882
11.36595357995458
11.269788355440042
11.009142308636628
10.824428500830683
10.326741556993767
10.097317301183399
9.729517224389468
9.489976475820566
9.04711647274661
8.395065199379353
8.11668601859427
8.538440723433716
9.080838115275057
9.026011174512096
8.772109456214373
8.47012512565938
8.267678183871768
7.962321689063928
7.516089521737127
7.272304296197936
7.018402577900211
6.915493024879984
6.764500859602486
6.558681753562032
6.472633021806026
6.98380862265432
6.777989516613865
6.777989516613865
7.035263399164434
6.691940784857861
6.180765184009566
5.813837419933081
5.014161337279944
5.354988908312344
7.153406234630928
8.126802511352805
7.817201539574676
7.083346011421705
6.562053917814876
5.783487941657478
5.80459323989199
6.2575697357244815
6.370595781503242
6.178265332474165
5.914247121417907
6.0171566744381355
5.869536673413482
5.471387118343949
5.169397979527731
8.004569971132678
7.020345584574474
5.497830129821962
3.9684605512083984
4.004463548563424
3.486523785452011
1.0642160037462172
-1.9370841062072781
-3.0070139495501236
-3.589232805250019
-4.502526706248901
-5.544175161459604
-5.47216916674955
-4.835951107915803
-3.9811620776188397
-2.9800117015338543
-2.9450842133295585
-2.9416593478109117
-3.1330244402927168
-2.8064497696631077
-2.4663739750253653
-2.285085141033047
-1.90558148352163
-1.3323633771604917
-0.5080004918262007
0.32986254894398104
1.0269392491814993
1.7240167379762747
2.5314526652115394
3.2859596055649956
3.7803219861787865
3.7284685084477087
3.6451124080309834
3.6361116586922266
4.010039432383534
5.093470399734515
6.5169820045844595
8.310992124783311
10.554360428864703
13.163731266449378
15.099601907729408
15.908113344115401
15.949692225290537
15.75705328559155
15.590341084758096
15.352698398365323
14.960769125996505
14.511410492076493
14.211838069463159
13.925766770857953
13.533837498489131
12.92119152925432
12.938117518781103
13.45283075444032
14.782905157522832
14.305468766435824
14.31896989044396
14.421402998688928
14.880837891098425
15.16798469885436
14.340197916573665
13.41447840071738
11.83326018723396
10.877113557842758
10.602392364944226
10.51796075537677
10.76010381643892
11.195961326350796
11.049599980562773
10.890813019917347
10.462880750193499
9.823232532942416
9.042798853723422
8.805156167330649
9.09680334975596
9.608091719896535
9.537161234337212
9.065300727070314
8.650869581354602
8.029222862781033
7.195860196680229
6.926714887601808
6.613641340980333
6.657569578523386
6.8028554151606775
6.436852881657395
6.784853916483164
7.076501098908477
6.353496781240669
6.1902094459258645
5.95706713420247
5.13720074924858
4.559482268218064
3.668689790528606
4.658688398973373
6.352421272089938
7.09450259758599
6.782504560115248
6.384999403926317
5.917639271328796
5.674420701115913
5.589989091548456
6.105777836358408
6.146281208382813
5.749851561344614
5.418776516045627
5.361347154494439
5.119199250571066
4.695767355516598
4.536979944833704
4.404119723053818
10.49361203729771
9.726375683304195
8.526326917388745
7.367620679894365
6.294749712620771
6.141932536842506
5.71905582732522
4.033844758313422
1.4573749311919408
-0.4785023264711931
-2.396061008083564
-4.248721005533139
-5.142602180291234
-5.0672355903523725
-4.600399116912646
-3.9367857037722187
-3.198338940293757
-3.15176194086995
-3.631151352215691
-4.198460291406308
-5.209050584524333
-5.647092286301962
-5.061467879748807
-4.299465996758028
-2.7806967017792075
-1.4691732492480307
-0.46590146229181606
0.26522787051277597
1.195749306060622
2.312579775533104
3.2917632426347065
4.47034088493838
4.939261354278646
6.416160062382611
9.085250910474429
12.241582614692541
17.079436492072386
22.69237842994985
26.11406843650508
26.16224515473137
24.691119338378012
22.81490422141612
21.23385451400528
20.090851689519113
19.126838395824894
17.898533278995217
16.87485680837035
16.162049160304743
15.983059629512796
16.11493892128011
16.886876506675534
17.469888858874366
18.07645633058551
18.91382480351515
20.082999983015007
19.43508998288279
17.719543748203264
16.442044396448413
16.411170810032818
16.043256046044274
15.579036808105917
14.389456984195942
14.171208920883462
12.65975809280792
10.750052153929063
10.141400686317375
10.481059099391695
11.033197865174929
11.621444688376496
11.727684864730952
11.556547040443107
11.377557509651158
11.092327802504752
10.436566095868429
9.703353803392705
9.726908922905022
10.151869628322851
10.081737509386725
9.589261920534142
8.87645427246854
7.798349095915757
7.21271950821556
7.1452046247808045
7.6298285071292815
7.368153919495192
6.722861154864345
6.5260842151636425
6.585747392094293
5.823745509103514
5.450591092965188
4.325908655265049
3.558672301271533
2.7422417123528415
3.92867106116062
5.473617892300169
6.093271803241709
5.735825981258637
5.559453685968056
4.922007446694272
5.056503712239405
5.538515801957107
5.440122150959714
5.243345211259011
4.7561040934091645
4.261011007331662
4.3102052422568375
3.8334330664124656
3.5612895367729016
3.4445804184129702
3.273442594125126
3.3252540645516704
14.040590344625006
13.067070051852896
11.750072837634567
10.353841333100249
8.771643749951185
7.80233939861189
7.514815210931711
7.3340228115502875
6.482755344776899
3.83323454205086
2.8655590338437595
2.516908433164219
1.0812029703643333
-0.9673957242453223
-2.5107907131444693
-3.523113548429705
-4.517328584003502
-5.674222805052677
-6.134778873264296
-6.127018354414312
-5.872165343950223
-5.428759415254726
-4.606623884869676
-3.172547523885946
-1.1799015630423293
0.8117866600007817
0.390705083713671
0.545629086928483
0.5233058018379798
0.46313659298018245
1.669185543807997
4.0855007128982885
7.8214050137290245
12.05924948004854
18.236374013062296
23.77607964613097
23.868919498545917
22.32648224744727
21.75239160988742
21.45030412230778
21.521777893773788
21.404698747008386
21.17830097232757
20.580928778217764
19.82604574127649
18.801746393971662
17.950478927198276
17.994455200681514
18.948238514320835
20.15074342139043
20.964166031714406
21.398853703759407
21.276600877760693
21.144000693295325
21.237798283510777
21.075113761445973
19.650427021128383
17.811747325699077
16.722776987977724
15.987630930169228
15.502164203591503
14.055153644524468
12.765653928288906
14.125669678189968
14.194556610039314
13.053178115969084
12.295708239411148
12.369768850493815
12.779545864172718
13.25725207190046
13.361397020582553
12.727809071839495
12.168281734179104
11.939297119881624
11.563149021219317
10.902063574493491
10.611952547196651
10.833176642644146
11.069921775791608
11.032076919342199
9.966388138170792
8.925610015365491
9.197613165345704
8.712146438767979
7.816902698511351
6.855358866022041
6.277723651045021
5.435840209664396
4.756646885621941
3.635005370684497
2.6760483778118473
1.7025280850397368
2.9515961052092266
4.271180159044217
4.990805179152744
4.649915097323185
4.596549203173808
4.092974599279455
3.8717505038319593
4.362390909643007
4.240138083644284
3.6987186233005196
3.5945736746184247
3.14436496487345
3.314810005788229
2.795714364193909
1.9512496784699993
1.8014993544885092
2.083849862935366
2.2465343850001616
2.4195662655316017
14.135116484510698
14.376547582714476
14.376209667192501
13.800199060369016
12.349922893536455
10.85459314134482
9.889206664051677
9.107413683414581
8.900955478557021
8.79705054508429
7.01219486963202
5.136889501206438
4.102233068264805
3.7353828472392756
3.8513959658567156
3.8631662354794476
3.931760360083983
4.207151748303465
4.942877397015562
5.897507351251901
6.6567781459426545
7.036749155443411
6.852817743265388
6.231753551082828
5.691049146394342
4.965742105217075
4.389731498393585
4.665459658899634
5.505428156606438
6.828601372975972
8.428173974162311
9.797747831245628
12.798825943163722
17.574341122999257
17.875975231404603
16.35642910892355
16.631819353907623
17.745488518988623
19.529330447874962
20.139638117000715
19.771437377122695
19.207197039921937
19.29831795720601
19.688031743197644
20.492013600992298
21.527007949455907
22.3441117389612
22.931554699885446
23.0811890497612
23.242255753737712
23.17366162913317
23.093635150427883
22.04754636338549
21.29971252952869
20.805755894542347
19.921071726998452
18.471133475687864
17.608300269779548
15.125057247615237
13.79045628387814
13.985820050156919
13.134419198349358
12.60447592345087
13.064473411656918
13.168040429607675
13.052703142034185
13.478065652415989
14.203034778071283
14.617640765396283
13.870144847061454
13.284053548225115
12.433328527461505
11.593697945276679
11.076200771044872
11.202970412719118
11.202632497197142
10.948755298326676
10.787688594350165
11.328726307827434
12.099086934363774
11.64984596921453
9.659883750992602
9.258061779856263
9.108765345502484
8.315202095242656
6.820548174094975
5.279483255531716
4.4862579207938635
3.2673321601522316
2.1291087092598424
0.8980747634735022
1.8405965325651348
2.9794958145014756
3.7844914188620593
4.083760118613572
3.635194984508279
3.497330904255256
3.071630478351475
2.910563774374963
2.898793504752231
2.5309306803961826
2.829861464625719
2.9680634604007192
2.2780672280916465
2.5080659721946708
1.4273422073280388
0.5302120534409952
0.8294808675160482
0.9905475714925603
1.1630464009227464
1.4159098532272827
12.035707018590497
12.331046931706878
13.202148248200361
13.966921747233792
14.647139354291298
14.361130266382398
13.269308394741612
11.959243290532543
10.951977310867685
10.53539115743559
10.848759768476793
11.404620860149421
11.760900369668732
11.515930566458291
10.86183382124358
10.333332252703256
10.336442527772418
10.45457849301897
10.493746163937772
10.290421354225147
10.159844288701953
10.191552748192922
10.121915279072656
9.566054187400027
9.222215778157361
8.996513334161246
9.090400051344655
9.611442408457151
10.108235517506506
10.63673708604683
10.432173615044698
11.165238654587156
13.047321934614024
13.210846120917699
12.80670106776225
13.097692044519963
14.818122752022806
16.072230148677757
17.453804335786746
18.421902644532803
19.404919376134522
20.30585753833932
21.265863683167407
22.40929432600364
23.225676596232514
23.48619777478876
23.354382047976056
22.94836538104095
22.507529979545716
22.139442322239905
21.357878786571163
20.694451216148973
19.7356837326104
18.492145822452432
17.49421066799506
17.13234356082757
16.10082833309957
15.16319982255498
12.479652695154895
12.340377756914359
12.646287156527732
12.760074185415617
13.055414098531998
13.253757019395808
13.302255515522093
13.514278197952057
13.782258587936134
13.695831082180554
13.150539477004918
11.914460778274783
10.705741602676952
9.656197677024132
9.25640156022735
9.332259579485939
9.502004315927937
9.411227873813687
9.866981698164585
10.731862464519748
11.269694858267558
11.919442667123596
12.204213093742988
10.966895733723346
9.71278833706839
9.167496731892752
8.184480000291037
6.401871035095757
4.841848332029168
3.6604886795636427
2.406381282908688
0.8252255136463797
0.8768342848418261
2.009695441181067
2.6700127365340967
3.340899518384118
3.3757182529442518
3.1531260840172983
2.8123979498437923
2.88514569403322
2.742760480723525
3.3228708204592974
2.732190994226534
2.9199644285933544
2.395811796411697
1.9369476969916388
1.8020216951097732
0.04055288426812747
-0.4910594443263206
-0.8591474498194758
-0.7863997056300477
-0.4804899578293297
-0.1397621718431693
8.114833479771228
9.347230951849674
10.543880586027052
11.966686464680233
13.262553405616924
14.359985733034986
14.812298221986598
14.762896913137842
14.106937235725603
13.177818947928898
12.849631764691878
13.037226539264719
13.334878459542663
13.985210872951107
15.109950142264543
16.223849572632194
17.186316755389868
17.373911529962708
16.9135728340672
15.479927116468229
13.321224988594976
12.325823599938127
11.934166947842861
11.413172415091006
11.052051025954817
11.220365065576171
11.686331025475473
11.840576905087342
11.730105070320437
11.280606213370723
10.91948482423453
11.0737307038464
8.517329970812284
10.596510215939507
11.887164581934202
13.706839687624646
15.626146789136204
17.947535692627017
18.605894312979352
19.11042174278162
20.90039096363659
22.968731369818016
24.495967130172513
25.535142563674327
26.11397930128063
25.636758813373735
24.313170241479867
22.937366728735345
21.947592604082292
20.996379949332205
20.147198233343335
18.80714255849988
17.530556352514672
16.361628349294474
15.655852673971678
15.37185422464142
14.456804096854203
12.67569046106673
12.444321641648926
12.480069479549995
13.025972011257126
13.709653319626542
14.095682707718014
13.955090299053833
13.601995116861534
13.050465321150606
12.680903036008724
11.517187607730518
10.0172587892714
8.18393021263327
7.202596983985909
6.535382778566082
6.229285824772252
6.284314397624804
6.66472065922267
7.453246538355196
8.22811894654003
9.162864498340534
10.194013724898449
11.062476175838807
11.346474625169064
11.068103439842604
10.166706783003074
9.072088087586911
7.878252085411432
6.099947944115664
4.70767540034806
3.4310891943628516
1.8954125380026656
0.7650460046854329
1.355137270299328
2.1408495174299556
2.5433460084710116
2.885186662655719
2.783155723894506
3.0699678052266606
3.5001859272248925
3.7649036416036665
3.2575625797995005
3.963338255122296
3.130623642083009
2.885186662655719
1.854037436097801
1.570038986767544
-0.3878291990322819
-2.124754486527695
-2.893999630708737
-2.907653101656425
-2.990403305466154
-2.932561100611703
-2.301094733092944
3.6910629779095165
4.687242898032838
6.300690867457641
8.174770600876375
9.983021974962124
11.84996756890594
13.59863296684622
15.160514629763373
16.536504313944818
17.170709595758236
17.1840859400694
16.69402178659444
16.18790601994608
15.55905127585713
14.994241289350704
14.612648012717761
14.479207959828235
14.59392113068213
14.71398483926049
14.28083139306877
13.60041647942104
13.17261357095379
13.23933359739855
13.370990137713253
13.807710609054617
14.238188786384104
14.11277454008128
13.491053846291614
12.872008421364182
12.629205735345229
13.129970964269122
12.332167610905268
8.703341969821071
10.383503828741762
12.625800405306649
18.49692262295573
19.41033090346089
17.61456411739889
18.683544662867785
18.79914959000909
17.399244181178616
17.94638073704788
21.649060454876125
23.314062456910833
24.328969259069787
23.767726297713004
22.68609946910929
21.783230568942
20.044374490163243
18.635551518458655
18.27090161128652
17.963162411397626
17.47042298906043
16.73131385555464
16.11494369948944
16.595198533802883
15.832903736824402
14.21946190434847
13.106785300796437
12.984938079643253
12.985829835930664
13.418983282122385
13.792550752168632
13.844110921727406
12.284012771385072
11.101049116238627
9.735760507506118
8.36512136104914
7.56285922624823
7.6838146911140015
7.561075713673409
6.942030288745976
6.073041901375803
5.393518744015484
5.089346569276234
5.457563501598015
6.204698530866135
7.197317562788683
8.377605949072894
9.122065620303154
9.677958043935464
9.865633535246
9.620155580364813
8.623975660241491
7.381426028949574
5.88625816635268
4.39377179874252
3.2125916561708987
1.905997267296451
1.037015106050778
1.8464112911509762
2.280456493630107
2.466348472365819
2.4023037147832893
2.7776546974043566
3.5292484189339026
4.213230357731274
4.708645048930702
4.209663332581631
3.9570513274011567
2.588195693519001
2.463673203503586
1.0867917719522944
0.08615428886412987
-3.396017877520213
-5.389269474054265
-5.7583781626634565
-6.002964361257231
-6.307130399047609
-6.124811582410414
-5.325224716471737
2.007706697752248
2.6961492165248715
4.3049864757540135
5.627305997033593
7.120170928911747
9.190443854122364
11.580124057972771
14.021898395995827
16.30986171359396
18.484320302443162
20.14772307793797
21.03275429090453
20.926663708434667
20.205329044265103
18.811713400037167
17.30212164496728
16.09768054865422
15.151238741111381
14.230844000654862
13.781198781876746
13.639175603948473
13.868656443539349
14.289783213138124
15.042107708580044
15.46323447817882
15.643092565690065
15.60525765610709
15.250484245270634
15.473120006550896
16.410245353690105
17.9390390975357
19.749407815144817
21.500268252302227
22.921833277741065
23.425474944816408
23.72815422148021
22.930580670176255
20.387089445900923
17.38767699250531
20.577971197721137
24.622501894850405
25.504492657755502
24.39796381944557
23.83120435388862
22.62999881785626
19.351482772790146
16.936893637790302
16.26765310779339
16.86863796490341
17.696632279511284
18.264155923255924
18.093614296148306
17.91622759073008
18.04152016197566
18.128977823638266
17.866604838650453
16.49028886907365
14.96453557528952
13.989575318567336
13.59639793017946
13.643549300166068
13.335927259316222
12.666117661350864
10.735399136682208
9.651876915397132
8.29856756284519
7.569818752396571
6.0744836172096495
5.471023594515652
5.1422972507655205
5.27006120410412
5.518744032470706
5.9590727908451875
6.290273121395047
6.302060963891699
6.325634044178295
6.91483744698933
7.461256787833682
8.3816515282902
8.611132367881075
8.530519784529085
8.530519784529085
8.733953557033635
7.740360379504185
6.819965639047667
5.185074924534536
4.0494585690768155
3.105488143626993
2.1236828085941952
1.7546501731680695
2.2632346044294467
2.4666683769339968
2.504503286516973
2.4548805344373448
3.339911747403906
4.411646126192328
5.1143478695546225
4.920230557453705
4.177222522415414
3.3324976011248486
2.3103859744160546
1.747236026889011
-0.2566796572130465
-1.9436593953406922
-4.66206594294123
-5.84236228629254
-6.180974158414749
-5.885139960061555
-5.206013901692564
-4.24778425165307
-3.3888001057728334
2.70832937513291
2.875287151641463
3.4469639236185214
4.251114038127267
5.260792511820984
6.869099292395076
8.540271149221567
10.45554194790945
12.596948366227581
14.982453726407101
17.44510025193946
19.853856810778392
21.851556651247375
23.30716864130015
23.997201099520602
23.55550561311664
21.938223722983572
20.065217291659415
18.49019976889008
17.4868590180978
17.215815092889695
17.111728944190144
17.129692266421287
17.165618910883573
17.19256389423029
17.520141724345955
18.4695925084448
20.20787402303539
22.919907366857405
26.02239016860409
28.94998337919982
30.430946260858352
30.59261616093864
28.99434743950989
27.25870986313344
26.820708161416785
26.2812642492147
24.774406230682636
23.772115326363526
23.215757938403474
22.97799671944352
21.238121113111976
17.591450768002737
20.83608469992001
20.472035980074267
18.781306709275675
18.366556206218423
17.87835832249564
17.143417558697337
16.610311369396698
16.321304121957446
16.19925465102675
16.10415016344277
15.776572333327103
14.960796619488653
14.350549264835175
13.823780798435974
13.692749666389709
13.43068740229717
12.656126209349278
12.313228995216596
11.273961599962034
9.645054110499267
8.68292788059754
6.7444058832502485
6.616013036027623
4.5707600536005355
3.4210687867449794
2.673452577143796
3.4533016465199604
4.644207434266068
5.6898125524220715
5.678186953092367
5.648598929697631
5.791254762907491
5.8118620233527665
6.740712098562942
7.047682668233335
7.393223820580145
7.777335555603375
7.092590973811193
6.669903002721053
6.708479238787962
6.333343511489813
5.6718492301909285
4.173972872774429
3.6614739439190656
3.4290006013873784
2.877931089855596
2.9254833336475863
2.999980560786292
2.7648632800404718
2.3987148672483856
3.3481656513472347
5.417718780740794
5.629584862827203
5.683474829520633
5.2158842062431265
4.4027524306188095
2.8483421682947485
1.8207003723698878
1.16290077392442
0.8971449047778027
0.1727802795418552
-2.120265096606867
-3.462809276844518
-4.472487750538235
-4.57921783745192
-4.432867321388644
-3.741785016695023
-2.580468150509762
2.206341366727378
2.97063252145616
3.6006050675101586
4.390435029256411
4.767852048263292
5.605927080916893
6.671022995649874
7.755031535643869
9.056597125071786
10.767743114111482
12.629289402128412
14.625154298820126
16.796958301506546
19.381175246932337
22.04200861341054
24.251641082957047
25.70927205761738
26.37044849694404
26.503807618286583
26.787567038606362
27.036330535193642
27.099697809071206
27.079824088308918
27.527232954780786
28.601781824179053
30.24576850888136
32.21326205542801
34.040771907044686
35.09453348721756
34.84956202109011
33.62178030958702
32.13765104057696
30.679060578584387
28.884673594904847
29.00857559953237
29.41249091288896
26.59275961805074
23.631125653618067
21.75349767529869
20.180462325393613
20.387605324660974
19.72830194112967
19.477665388747035
18.40782211827171
18.191222002289326
17.355979512763316
17.115713645558813
17.05517891480885
16.76762746402924
16.246434719632553
15.75078078225334
15.322286149211514
14.836089328547324
13.90531618453886
13.150482146525098
12.705905823180826
12.162006814894262
12.187545621911735
10.799906494716382
10.43857116601195
9.808598619957952
8.970523587304351
7.787194916248768
6.469540920587967
6.111038135011129
4.378145369413796
2.433358086757025
1.3588092173587543
0.9019434895599371
0.8896539574113567
0.9672294827139053
1.2859853375423154
1.4515073287136175
2.0275697176050795
3.073747236858285
4.605162089443443
5.711874339446612
6.149826089203456
5.980511556796181
6.031589170831123
5.494314736131987
4.8737993067930105
4.528545668391029
4.327067755378854
4.026267157424387
3.354674114050468
3.264808545823199
3.4729110324228025
3.9458587059121393
4.332732841634041
4.342189958349063
3.923152442022262
4.415014348941642
5.787531273166786
5.893478531696505
5.1452690672701715
4.851093042903132
4.918252347240526
5.154726183985193
4.831219322140849
3.9676054824697764
2.534553827494669
2.8136076488914985
3.9808546296446323
4.27407116667943
2.1050997071206066
1.2935238012266623
1.1015025887245349
1.3795973389940974
0.9283960258574243
-0.4970714736268477
1.1842591696762437
1.528310339463093
2.3348430511007994
3.749702099297273
5.4288363142656655
6.733489317191304
7.369236683273143
8.412356235835476
9.857371148940246
11.514299648445899
13.438244756987869
15.282413862514902
17.12658296804194
19.127562637334442
21.40378324245643
23.545124821928066
25.416708350099007
27.280067551476765
29.077357961161557
30.869165486317563
32.52883542808761
33.973850341192374
34.94815938565311
35.446279676941046
35.33607363167021
34.74145450643339
33.998249144224275
33.29643959332863
32.988301350326466
32.355302033388185
31.653492482492535
31.364544335341105
29.6607371399932
29.837011976957015
28.801842847984464
25.061143056559366
21.931785221305038
20.39876997839217
17.555344670677272
17.082171537116466
17.527930248033368
16.729896040536445
16.399552082071548
16.118828261713286
16.504275242813605
16.17941416887749
15.505019040625744
14.822399585580824
14.137038688271515
13.448936348697817
12.826902800817097
12.477368746501467
12.196644926143207
11.778300637870206
11.494835375247558
11.153525647725099
11.145301320931926
11.150784205460708
9.623251847076618
9.144321651639421
8.725977363366422
8.373701866786401
7.476427383076203
6.303905082513128
6.036888473476821
3.499134143847306
2.5138593303290064
1.5587403817189989
-1.7471664404323348
-2.878286076072968
-2.5780979825163635
-0.9790139479105148
1.0247071636463818
3.422373760444379
2.7285143589942864
2.2797400284653806
3.7165306147769774
4.140357787578758
4.200943694742956
4.335822720393305
3.989030108342066
3.3697380027257373
3.2899619997108065
2.7477044548450182
2.472463519015539
2.9376865031307866
3.1413757627385053
3.4744611634677933
4.107460480406074
5.057096544487301
5.869112140653787
6.7968166666198915
8.723510098449644
8.194959764905807
6.579146018342608
4.944149056952074
4.3827014162355535
4.657942352065033
5.211165665988382
6.02866414668365
6.416852570048357
5.995766839510967
5.156336820700576
4.358028435856041
4.539511980001025
6.042371358005601
6.460989823626213
5.701335807830755
4.960871887886029
4.48468313471322
3.4333395295019393
-1.209718880562584
2.1784911558325954
4.489355151463344
6.475888206257256
8.179578809454512
8.782833853801518
8.94979326082933
9.66696904778365
11.00384593203267
13.004859938815516
15.54258555273955
18.165261510258674
20.619017207308406
23.00132733354837
25.18574680030672
27.00335534711406
28.427143428399752
29.1887552405932
29.470615816949117
29.836446310179333
30.13181165932057
30.709037584817725
31.17430362114914
31.667559629771993
31.991895377925456
32.27375595428137
32.34324067164956
31.93297415318022
31.298787856379406
30.422274874857855
29.068951937661144
28.056410801565587
27.56217436622194
26.364266916709298
23.260859296631853
20.26276977998035
17.385242791675953
13.567600664806555
15.643001522561542
15.981822470221115
15.457635209144456
15.136240741153367
14.809944139558326
13.693065326757612
11.95746584338299
10.506668216526656
9.563611797799286
9.12731616048009
8.915920728213152
8.972881099516812
9.283712074884951
9.58103827746777
9.83588930825304
9.694959020075084
9.58201870418856
9.455573615516712
9.385108471427733
9.385108471427733
9.019277978197517
8.498031997283231
8.301121764522406
8.371586908611386
7.738381038531364
7.104191942733326
6.090666132399797
2.4399834125582114
-1.3999867677841749
-1.2136400276463002
-2.201133031412242
-4.268690475400905
-4.326631273425352
-3.9433743005266524
-2.5321105653054916
-1.3477078885781706
0.0962271759843488
1.081758766509264
2.3105970437239938
2.649417991383567
2.734368334978658
3.072208855917441
2.9457637672455945
2.4949829304202877
2.283587498153351
1.9582713232790987
1.8598162068986863
2.058687293101092
2.494002503699497
2.5509628750031546
3.5519600917549723
5.582924924270832
7.910242579163128
10.233631480657854
9.215207784237553
7.680440240506917
6.017259708148447
5.72385521244879
5.187143605307601
4.495996937203133
4.594452053583545
5.49601372723416
6.680416403961481
7.739361465252156
8.572418848255372
8.798299480028422
8.133181930773805
8.938249341485589
9.035724031145211
9.232634263906036
8.770309507736988
7.558894486441795
6.430467506780161
4.126911297069667
5.181058444262763
6.808247868134433
7.368414615157679
8.43242546905635
10.752152110698775
12.727068848348823
15.417759482547616
16.361261097308603
16.217019959935122
17.653999543351283
20.266635387029986
21.586532784666016
22.301804249700083
23.261098803902406
24.625455387117142
26.123189527068032
27.565600900802863
28.763989185369443
29.768245356665155
30.578369414689995
31.105442988286548
31.36626387992548
31.29414331123874
31.005661036491773
30.45635787010587
29.81270454224386
28.6918686166827
27.293916428526583
26.278796676593533
25.563022780044786
24.630887177435813
23.39347149760919
20.808497037038514
18.583622988386864
15.62718210374514
13.62510641450174
14.1684753590543
14.040529592636826
13.857763491517975
13.390942042941473
11.587927825772935
9.980050584904617
9.226254156125183
8.954569683848904
8.338577739094928
7.339748369020296
6.21891022049985
5.342097384106934
4.875778367045109
5.175124222429416
6.229271369622511
7.177707332285082
8.148872553113376
8.232359133952134
8.204697750844106
8.537639211169786
8.487748235272402
8.415627666585662
8.24372514610415
8.365736690688278
8.482316444953733
7.172777973481089
8.804394324642073
9.287008712659908
4.860990290633132
2.5358318586720383
1.5982644657443983
-0.3544224568203654
-0.07680298718714897
0.012616817665439439
1.4436631770677708
1.5439470614674584
2.05965412400223
2.646979822618824
3.4956288443890355
3.761379094831967
3.55638340092376
2.9235936536990956
2.895932270591069
2.740325121065568
2.6128817861627724
1.9247692727220538
1.5310732558616493
1.4475866750228905
1.3033455376494072
1.397695699125506
2.22411512810636
4.527043967278097
7.955745302871862
9.441610999156053
8.376600271325616
7.966106451994525
6.2129759986665025
5.824711772124767
5.397420150322988
4.94840136724653
4.465786979228695
4.005402184000219
4.581864301979473
5.974887131331598
6.645699410786952
7.238964320334484
6.767213512953989
7.1999369250744385
7.893481228833827
7.799131067357728
7.799131067357728
7.826792450465756
8.398829864114974
7.6445310038208625
2.757431647085889
1.8087485964617893
5.071212563343072
13.10438000479043
17.81928274050054
16.743636987650106
17.920337499354257
22.170961140620662
21.944003182073327
21.864590797060327
22.92042621435529
23.13610497641095
23.652514483781108
24.293911171702252
24.662775105538078
25.042918235865574
25.570606939727398
26.438961586195873
27.386728617677353
28.470762026201488
29.39597066469963
30.037367352620773
30.17927332790927
29.79913019758178
29.04448353517262
27.93225213541931
26.45679640007601
25.157084229496206
24.186758805031392
23.012033815002585
21.610350866426447
20.475561073689796
18.29621506014985
16.293070620944725
14.278188975676617
13.341701140686808
12.712041658828644
12.002511782386168
11.537774678371148
9.817526170600388
10.072682120376893
10.777030408144846
10.36304968834234
9.704734205683689
8.97264537229805
8.246196701118068
7.400400447632931
6.707782552609106
5.799492708848474
4.284101776213016
3.2400035649810346
3.529913123375172
3.8536602712443178
4.778868909742455
5.556073965134951
6.08940226724261
6.696503356117437
7.207273265241758
7.666835593901104
8.784707155860076
8.49525560703725
8.211443656460261
7.359542981839125
9.17567147310793
12.172157739332526
12.789622005556398
7.392006542600201
4.25361430108711
3.713730381590992
5.451355693670568
7.392464552171511
9.061505479477297
9.82270775927491
8.738674350750774
8.216625245134782
6.644373507150814
6.610535917675803
5.033108840376337
4.891202865087842
3.74513387585952
2.8824188276368794
2.4285029105422185
1.8726162154512187
1.4581774860774024
0.6410386524525041
0.4939511448854677
0.005281278507232574
2.814285639115549
7.0874682373251146
7.939368347986427
7.190354470504253
6.901360931252738
5.113437244531959
4.278920187538493
4.874742079921648
4.380890965534832
4.273280589292658
3.773789876660007
4.290199384030162
4.619128120573832
5.413709980275144
5.560797544238163
5.453187167995988
5.947954301525428
6.464363808895582
6.105863052408805
6.47472698624463
6.2590482241889696
5.8563467008781345
6.679584561379932
6.622730569350272
8.897411198944207
18.31457052279844
19.12471580725247
16.8676400814173
16.299965194676897
27.169833685736258
32.297925430624225
28.412714740166425
26.509355148103406
23.981665316119376
23.206499425256833
23.925698286373
25.111395857750356
26.077835831433703
26.46891671622413
26.661727639475448
26.696707033066936
26.65626860118765
26.60183841187178
26.55440410127421
26.431551965205863
26.233282003666762
25.73334074024459
24.910740538784466
23.854890982193755
22.63421401722491
21.852052247644068
20.604928608232548
19.52809141548694
18.328402086672995
16.909455160165045
15.373115135876548
13.645501028767244
12.588114631746024
11.704088362251731
10.14130166352055
9.516971423599536
7.920742171707375
8.157913724695254
7.734927127174357
6.57720622847552
6.000309599564209
5.184705276822385
4.574366794337965
4.03944613732431
3.7307789567229506
3.5729474270631223
3.504525480310655
3.723783078004653
3.969487350141336
3.7696805481717237
2.240336402601524
0.93178669515583
0.035306192874917056
0.8314604041118223
1.9557305390160697
3.6553611312521856
4.614805226217243
5.923354933662937
6.759946892559654
7.137036719501351
7.882689097254877
8.678842624272313
11.715006438827313
13.626898750039132
17.146626713152923
18.84164678409752
19.54923924520387
20.592633884788498
18.81058958836332
17.461601449038348
15.523262463383846
13.37112491832314
11.40480241779545
10.217568005987589
9.00696060059806
8.903559260254104
8.004003693304838
6.058661986737366
4.830989143050229
3.9469628735559366
3.5069108377374336
2.0210788049075257
2.19836113029174
0.9846801839587712
-0.4956915121031979
0.08819995382880498
5.1186686874966965
5.705634176399445
3.649902092964394
2.8677403233835514
1.5856372903805405
2.4751225981626237
0.6401863212910134
0.41546968530922357
1.3943632075597319
2.734818627735901
2.7418145064541983
2.7208268702993057
2.934625429705513
3.9415038352681457
1.239605358760916
3.646828412103382
4.222187500996315
5.504290533999326
4.848054581347836
4.120323001082866
3.3443085932240475
3.6118490185118945
3.927512077831551
5.736003048699413
27.062597070206113
26.89241549103221
25.5206831608106
24.858099523945672
25.844279661352772
26.799678527198715
26.922705326155842
26.56832755405251
24.87349015972625
25.643906534342733
26.43000840660231
26.599501974763687
25.982795383377983
25.211985859611474
24.641746037430025
24.210218511848787
23.778690986267552
23.223841799866676
22.622820706124063
22.23756337517207
21.867696680000655
21.328336416667863
20.557821754763875
19.571543330069264
18.431161972993863
17.352441446328278
16.258330283882113
15.025506824835732
13.761803806940685
12.451928881703905
11.049611854496147
10.356345233357565
9.215767301707151
7.767272201074617
7.305159978507231
5.948915032290127
5.718055495581446
4.654430742833925
3.930284562846682
3.5142459603335303
2.219663383589823
1.2334832461827216
1.3722938300704455
2.0195851184422993
2.4049407366817985
2.4512109313110395
2.189275261178685
1.3724904046454554
0.47855641124262555
0.38601663859244706
0.8944973430765767
1.9424353649643953
2.312793496573335
1.1573166733925822
-0.353127644633659
-1.0315936625122781
-0.19961412816517493
1.1256505084311652
3.2215290186400187
4.161438961417879
4.978223817951109
5.625416819035457
7.120275774565276
9.04656859540829
11.727880989004168
14.60946822232258
16.874938587980314
18.462238106417537
19.30970594722442
19.61801009927352
19.356074429141163
17.75348256221087
15.966006491338623
14.37890354747641
12.452616892716438
10.587892781078782
8.831099694480187
8.723168669441126
7.814136746448349
6.33476208696715
5.641298891253561
4.870784229349572
4.300839269030632
3.2064332447219543
2.112420369563296
0.8333268697940308
1.9118506679782474
2.265737003644055
-0.8623949562134162
-0.7236828135195551
-2.3416654701367845
-0.662021983109735
0.10888713811406046
0.8182312497823244
-1.1547190565696241
0.4790481554928656
-0.5694815938512524
-0.16853753203955638
-0.3841048741615223
0.38631180826767736
1.6654039209139768
1.8347009145003434
1.5879593055735584
0.7249054876276952
-0.41547586944770915
0.3858197557132852
-0.32293517237651104
0.7868605632917259
3.4684672021418135
3.9457734859147666
4.870194505624543
32.621996109773406
31.030902328480582
28.842738132726865
25.496944498496095
27.010935916597308
25.37502339020075
24.190283906540866
21.548285786570595
20.170790394931686
19.680593270325097
19.841065560216258
20.414159711248296
20.218270021515302
19.884317414443018
19.569640398168634
18.91944388394499
17.85662550858046
16.853200796486625
16.440578935345744
16.20457117313996
15.889894156865582
15.141752797775434
14.395178329562272
13.64860386134911
12.802517657392467
11.58236077389075
10.24498345472463
8.69087396415063
7.491553622957473
6.648599273195717
5.722276924293493
4.8808913929678015
4.683434812357822
3.7972305359283878
3.60447462794936
2.299380926871111
1.5189559496930958
1.695570048628189
1.3022237782852129
0.693712821347971
-0.17008110308114333
-0.40452256834657757
-0.3852469775486748
0.40144537038136896
0.8927356988983022
0.9505624712920105
0.9104449927558537
0.693712821347971
0.497823131614975
0.34361859798766053
0.38530365771538805
0.6582964009545819
1.0516410979124764
0.9505624712920105
1.1047671976752331
1.600758985515659
1.2360899403663514
0.13158729196663765
-0.26959343276125797
0.4962562407379911
1.223554524216618
2.3827508535706587
4.074923261483947
6.041654613198826
8.164159509732992
10.248117236478599
11.996549525908613
13.351635544995649
14.1383280856816
14.531674356024576
14.1383280856816
13.53138342568471
13.060934792150123
12.747824666752724
11.70741566394007
10.569061816260914
9.035794807361802
8.387165184015139
8.072488167740756
7.8781634413256665
7.801061078134054
7.288921541883367
6.661134400211589
6.365732974735111
4.89185962910669
3.7519388905505515
1.2845150783642942
-2.1706645371459574
-3.4887662655141733
-3.849828917769279
-4.053553061887195
-4.3057026331369155
-2.596294425576804
-1.5283024773072296
3.6284508913782147
2.902718904839939
-1.3438539239872165
-1.3339792929394014
0.22169778666062426
0.460839627588694
-0.21176666036754954
-0.5441523765628491
-1.4689088140365372
-2.414506753736663
-0.8702703208253962
-0.6035454458969088
0.28109174689963295
1.8930266292381688
1.7309874484700265
2.27023109053721
4.906434547273641
36.34297231413019
32.58729420865648
27.381721420345034
26.679281680722433
24.69456430265019
18.139322203287797
18.878137653148965
20.445105625923787
19.14088258702296
17.29164188828589
16.748179699697417
16.273233586400405
15.81003790895286
15.062582965737734
14.457257655406401
13.796722176880825
12.938846897277209
12.03751188532882
11.617775940226053
11.25325016331753
10.790054485869987
10.166325786140572
9.443927185872138
8.54259217392375
7.554331510973636
5.738353739640693
4.43058868968676
3.572713410083146
3.0727109538394415
2.1095128201481965
1.7516399967882854
1.2081778081998071
0.7265799786166193
-0.8250967845180696
-1.7432793465489969
-0.1967003750307737
0.9888927907044818
1.0123934783695259
0.43722261191695894
-0.27852214012080445
-0.5678787961723003
-0.5310720173761379
0.04919654867594747
0.6729256497379188
0.6662723281215187
0.4254725441352779
0.005736908348119805
-0.3521356056961824
-0.3638862255795454
-0.017763654035209554
0.5256984425363219
0.9454332423936008
1.0006434105878446
0.9571834942091761
0.7281354498643745
0.7347881528495573
0.7347881528495573
0.9873371354228323
1.2163862329961748
1.6243717422494726
1.9520907403618333
2.4587461501541488
2.766506287620673
4.167843755812767
5.70465790334004
7.211318225619765
8.310001065297305
9.248142856041856
9.748145312285562
10.007348235106454
9.358563192430346
9.055900537264677
8.833504393239947
8.913770904380884
8.654567981559993
8.340154890544856
8.025735613217545
8.452130698181099
8.669429359904973
8.841712818036315
9.508901250110505
9.428634738969567
9.32996483843055
9.533957593057199
9.25790491174704
8.874975745440436
5.789590828224243
-0.10312801554479142
-0.6598961112304945
-1.9288687117775645
-3.5843119885574817
-1.8486023846705215
-1.3623370881155268
-1.8035873651118854
-3.025988421624023
1.7296945963371029
-0.16144875816675794
-0.2703143006908866
0.22148022410595244
-0.4825149867644003
-0.8153325204061587
-1.2785285659214882
-1.7836285044660487
-1.5678853139899311
-0.7769694011675939
2.3033106101731313
0.968933746024751
3.8279436213611344
6.279829388423825
6.582492043589493
7.074286075036828
34.03118500184706
29.139956318827306
25.70926482948392
25.085698151258644
23.035162113487377
22.524573937322828
20.899874499829284
18.84136249880586
16.814476183565006
14.950781037967424
14.150984486116286
13.250762599100064
11.538190993337066
10.134385819234534
9.523857844991849
9.045380891696817
8.63618912487126
8.201884095735783
7.383500562084669
6.042459967143631
4.991114540292819
4.197837340432978
2.881904334599901
1.7803462401665449
0.7229683841151214
0.9373426026629771
0.691827542567643
-0.20236052954424058
-0.8379952793667276
-1.398310586026871
-2.1915880369500504
-3.960891662286887
-4.48909574607751
-2.9085751612621684
-1.7256641250189855
-1.9967709304608756
-2.443622449036679
-2.613332970671243
-2.858848030766578
-2.695171324036355
-2.588226636879971
-1.9204811059764908
-0.5543337957938025
-0.40972960795051055
-0.642691563916043
-0.9384206145318166
-1.032812260324233
-0.8816885949579774
-0.2962656315686667
0.660688086723894
1.630193774505865
2.27234743453112
2.4234709743657064
2.3983646405744343
3.210714359321206
2.6880585533479713
3.1037696721648227
3.2865188977819764
3.4692681233991296
3.2548932119994096
3.2358206931124784
3.3929780478514067
3.921667668728983
5.168315488092585
6.011805355534971
7.29611267558548
8.259108580915221
9.480650066487552
9.934020685991312
9.436471213809348
8.888709074044842
8.441857806532376
8.020104688975847
7.787142795776148
7.717857609306673
7.472342549211339
7.894087482932531
8.756658053097187
9.694539440800318
11.117417133789779
11.39455787966768
10.871902073694445
11.293647007415638
12.414277620735927
14.101742892707652
15.310731211384342
17.445533287955488
13.028203099270597
4.773619036510477
2.2165867401945256
2.191965817958537
1.763701657777719
0.9011390203850639
-0.08792506979672346
1.9268927018893194
1.6864402569927508
2.707131072234902
2.732722943113128
1.3349517094466086
0.3398535834662165
1.1210624606655102
0.812295966239208
2.947097854512848
1.7441436018038345
1.649751956011418
2.745276110008764
4.815855740840867
5.288298879231558
8.801321187545652
11.225818432207022
11.666150347728193
29.0964238062432
26.916268201347943
22.498678867419134
22.921718976065414
21.831641173617786
19.339462146893396
17.676474074905357
15.58737511926082
14.080398758187348
13.07523605497
11.577472018927189
10.240325856314275
8.739491045261245
7.071888472786705
5.9076432836445685
5.4922801125238365
5.073846166392885
4.406808472591538
3.7397707787901915
2.654299138857893
1.1534643278048629
-0.1018366614369996
-1.2660826690223788
-1.1131417638257814
-1.2676180718813637
-2.178653366191651
-3.593037690509293
-3.8493183757052374
-4.513285294496365
-6.168596428958852
-7.760487889262601
-8.75643008301687
-9.491493613492286
-10.070545433053134
-10.073616208063354
-9.576408712722564
-9.079201217381774
-9.076130442371554
-8.75182392050154
-7.595263853317373
-6.427947889165017
-5.333263924202059
-4.9179007530813275
-4.178231060090582
-3.8508537632103472
-3.021662808473994
-2.5259907006383133
-2.1121629170226917
-1.1146771513308913
-0.3550457531794822
-0.18214477970870593
0.14983864897910742
0.6485815318250077
1.31561758873987
1.730980759860602
2.4041600036823882
2.7361434630779513
3.233350958418742
4.309610273320381
4.973577192111508
5.639079498407744
6.225808255494143
6.967013335989999
7.549135930561067
8.38447661975028
9.0545852421006
9.723158323407057
10.223436593758066
10.059747945317948
9.979439008603
9.801931872616896
9.389639476506384
9.221344665550935
9.136429566320658
8.717995620189706
8.55277158424448
8.884755043640043
9.720087548396837
10.390196017208403
11.225528521965195
11.810721891546486
11.889495440756324
11.889495440756324
13.310021315094405
15.389907945708286
17.63962477478272
20.482211910963994
24.14938383936629
26.82721572605157
21.84179107154691
15.375022857106417
11.582546967891751
10.588131823671421
9.58603989546429
7.347062594493203
6.658529475620317
4.130567749829165
6.693843388237845
4.189381261472574
3.293699857567262
4.277367135713073
5.32398530156839
4.958223317060408
5.114235027974976
3.784765802887612
5.951102920236879
5.779737334271213
10.949287799202823
14.134606107315431
18.27902549349209
16.728589495826306
24.309573899286452
21.110537490143177
20.98817624250093
18.755484904759076
16.448776922310234
14.869496403095157
13.825200070875683
12.991149824443951
11.891574792569957
10.99831123037264
9.979686939924887
8.89098062088122
7.307756997019318
5.440279131198439
3.7129653225693917
2.3547996019723887
1.4615360397750707
0.8377321751976667
0.15865001571945128
-0.745481854554487
-1.8341895752387267
-2.6090265059048683
-2.6090265059048683
-3.09266660935702
-4.056012200150254
-5.255275918502958
-5.724112693013713
-6.787146970285655
-8.514459298581812
-10.48161884267854
-13.286770257520926
-16.073183727310848
-18.379891709759686
-19.372843958435716
-18.661154959646232
-17.812301384273105
-16.37224978674698
-14.46036193410191
-13.308507683181583
-11.965145291525976
-10.252634811838327
-8.960616503726168
-7.2372457997439446
-6.723999038408999
-5.395439975694789
-4.1073562836937025
-3.3029126951447667
-2.5794198480220745
-2.114517689622389
-2.070107702798198
-1.5055168579198035
-1.5647301736853916
-2.0997143606809923
-2.3435017204626027
-1.5420576125218552
-0.44641549905177896
0.6610287650443555
1.7349300574394757
2.565045687760136
3.2253906030061703
3.745571461060374
4.1403915908641435
4.789867793279851
5.468950653578353
6.347410886834274
6.956411718536859
7.366035177282025
7.565412550239445
7.255477777972988
7.185395749377073
7.3442977516213706
8.019445995808804
7.6838391817706215
7.768724539307934
7.927626541552232
7.972036528376423
8.551437710399076
9.570063481179721
10.533409071972955
11.112803245792746
10.987442517542311
11.371393934515753
12.275526209543399
13.308953828932548
14.323643503269231
16.456646154532375
19.17297759572638
21.37999689169651
23.457720843305136
24.97085395003537
24.12986960688438
21.45101405579531
16.922483448434942
14.456873463741806
11.471082620994464
6.710560013649943
7.6739070847760695
7.385708257837373
8.703407096257008
10.541278304195094
11.179885793780473
10.22927918682333
10.144393829286017
10.334966834518417
10.010228733310562
10.12865536484174
11.324919602586256
15.656137182094511
17.080450315176357
15.456759809137088
19.058485580306275
17.72413574621325
17.0597341766711
14.904007211889798
12.96169054256086
12.111390165746721
11.553693743930754
11.404370431033536
10.999018657512918
10.075567291949236
9.015987899196533
7.7705083792775165
6.7211102519337524
5.794637550971938
4.336866314709426
2.4971198560434336
1.1155209439285958
0.16567273822643672
-0.8705269944921071
-1.6974513179334858
-2.2653253476089557
-2.50099859251335
-2.537574086888122
-3.301524531695084
-4.337723715781212
-5.005146620721493
-5.646171639146507
-7.064346045636116
-8.568866726583467
-10.51833469093001
-13.218559134269645
-16.04473033938936
-18.482883651309333
-20.61221272957537
-21.412738668757104
-20.52586279756819
-18.390491048505897
-16.30378013541089
-16.917293665655528
-15.775502935508324
-12.677082991109442
-11.013057731855938
-9.212908102962848
-7.4859180978125
-6.104319185697663
-5.264196416743026
-4.102050470876818
-3.7464731349886047
-2.27852429086659
-2.673698456527705
-2.168797807742275
-2.255147739749453
-3.219309536751148
-3.5006222822247066
-2.4644230981385786
-2.149556193688379
-1.987033937533527
-2.159733801547882
-1.7046075903948577
-1.8143340735191726
-1.6416342095048178
-1.4821332887480974
-1.4323578556269387
-1.2098835539801784
-0.48250860354798786
0.344414958170149
0.8757131277159035
1.3938127197589678
1.8123630707822767
2.1811393499281237
2.8587398627279077
3.2671129716466574
3.6988626316825446
4.080837854086026
4.522765121981416
5.582340857184681
6.655115535645582
7.50541591245972
8.455265164538671
9.405123051610824
10.281821314940231
10.946222884482381
11.587247902907395
12.450747222979167
13.782571697461599
14.460172210261385
15.213945047208844
16.572167408206546
18.607990282004028
20.719985479949187
21.892309033674902
22.556710603217052
22.716211523973772
21.873067419621005
18.00163302422077
15.590991200481172
13.362113246950328
11.69808798769682
11.840255028132665
12.391908779152368
11.740706152867853
12.893788092539669
14.415646311357332
16.65358827108257
17.562727091723506
17.815734216948776
20.018214283964355
20.56875443331895
18.29312337755383
16.27049944701398
15.718845695994272
16.658517340213724
13.362329973454077
11.319746719241612
10.921022454354453
10.378405737023758
10.003414102803315
9.333100853917703
8.670879180649822
7.298419699796147
5.4392832824717505
4.146683296700172
2.5907793709298534
1.4897241824906493
0.9391972267537051
0.4125896659975538
-0.05016938978399694
-0.5368484790289982
-0.9836007720782628
-1.3665035223847533
-1.7254863192719796
-2.1004779534924216
-2.467558710823957
-2.882478896599735
-3.568613899263161
-3.9275966961503874
-4.127052370371669
-5.0446607219228055
-6.472868116138209
-7.709530713021237
-9.552649516214416
-13.454369187751274
-15.7841760961846
-18.440761043283317
-17.23592903751132
-17.435384711732603
-16.52587432062577
-16.39026691218195
-15.792086973073506
-13.326672656196358
-12.823797406865598
-12.321483408201043
-10.119185947767233
-8.204308001907687
-5.523242089920642
-4.486035167258896
-4.557981393480662
-5.467678868142894
-3.959614370816818
-2.33986217926904
-1.4700932561621463
-3.0502910632653917
-4.190900636149127
-3.6243642045963105
-3.496854756596796
-3.84001579970621
-4.829383293923711
-5.204374928144154
-4.853303008145833
-4.653847333924552
-5.172544337033125
-5.3880088485876225
-5.132615785477789
-5.236392602810584
-4.773632988590562
-4.965177785922938
-4.741802397479534
-4.40673931481443
-3.7045954748177885
-2.7391476948224085
-2.020995017492553
-1.3028421009655549
-0.4330716616962031
0.6122327430155666
1.7053757776005483
3.0857437433717076
4.4900314233649885
5.83047083758081
6.931526026020014
7.73744668334945
8.702896855316252
9.708279571693547
10.474271677467646
11.04871898590937
11.471550048574056
12.580516113902165
14.024732345450783
15.046117514334716
16.211020968551377
16.897155971214804
18.141916528542136
19.506275656980083
21.261635256971683
21.780332260080257
22.29093130274452
22.89758336940808
23.184807023628938
22.211635450300058
20.75950834186253
18.517656496984188
17.83114732720996
18.381674921429564
18.91619367831595
20.591883258752276
22.746341290741846
26.63242629205629
30.214717551150457
29.84726262670812
25.961551792504476
22.059832120967613
19.1953193720925
18.748568595205693
17.248414974768526
10.15587122320429
9.903479892023075
9.531932557502504
8.447305907594776
7.667615965356418
7.303574697599042
6.4938634904344035
4.362153097511128
2.3937000478876147
0.7451879582092054
-0.11520099888797306
0.1531303635104105
0.4805752651506833
0.32482282993913064
-0.20247618926136932
-0.8339202369498191
-1.1388487817520239
-1.2805198331481402
-1.4296964259353129
-1.4897388807347094
-1.7496356782538198
-2.544336252955317
-2.730109544949791
-2.470212897537005
-2.373573593423983
-2.9083775207126945
-4.133737402358313
-4.378623417307958
-4.608498799794465
-6.337711536905129
-6.760865527617679
-6.9391335033805825
-6.166948877373795
-7.133341918504012
-6.167878684271181
-8.135401926997305
-9.101786805260359
-9.488344021712445
-8.991066675581584
-8.82780933228182
-8.010600971752776
-5.656520512574565
-3.1607688518939105
-1.578873018722486
-2.0761503648533486
-3.0641295477808894
-3.3015102464989656
-2.3660682771924137
-1.4381316241174313
-1.3414923200044093
-2.6709968219946183
-2.9684200505652534
-4.23130651336872
-4.758605124425862
-5.902336334421597
-6.370522222523566
-6.229780827918512
-6.586316779444319
-8.10909988966057
-8.562274394767778
-8.302377747354992
-8.548193569202024
-8.867202939569983
-8.852192307106844
-8.10909988966057
-7.655924634021742
-6.2813882346421135
-5.3600270909013155
-4.297924552555463
-3.2358220142096092
-1.9213281446825399
-0.5101940046494078
0.9159489101139441
2.5869786561136583
4.198895754211363
5.647555509009304
7.0962152638072435
8.537369702373613
9.362100455400178
10.32005837340144
10.966512237266313
11.404676860442002
11.597955468668047
12.110243447262048
12.489295347482566
13.692139280433473
15.103272454073565
16.202901573577265
17.621540063448926
19.225951845315063
20.63708501895515
21.55094084646438
22.96957933633604
24.66312510608363
26.000134924305407
28.488381268754495
29.476360451682034
28.41518772023356
30.976627613203576
31.860462175786527
32.855946674945635
34.31961706220672
34.99516238410048
34.920109221784784
32.691759524748484
29.928605900423474
26.608132400115043
21.94407357225065
20.99362097048096
20.16139381462161
17.933044117585315
8.333165669803158
8.46807877338022
7.8349817970578
6.794143373178938
5.576923304160121
4.585058763907283
3.5442203400284216
2.584817930862718
3.5247064506642767
5.56041155162123
6.9705250183188925
7.292327245924295
7.292327245924295
7.427240349501359
7.425739281088731
7.062468511920437
6.204016006832036
4.801407882197505
3.2593834487480313
2.08663405811736
1.4950056233578315
1.1317353139070037
0.7684650044561762
0.589080992632234
0.6795236476798852
0.4081959123956655
0.08939717074655096
0.00045536926347629705
0.8574063612324669
3.165938886733861
4.685447293993937
5.724784649460172
5.366017085529756
5.268069318277706
2.5073242071142574
0.6585077704681781
0.34571195333853405
-0.8300386847038228
-1.4201664957575089
-1.1473377070713464
-0.41929598973569654
-0.4162929634968758
0.13686998595994943
1.2236792672260153
1.4520360133823125
0.13686998595994943
0.7299985997185366
-0.2633665642401429
-0.6711080117965839
-0.22039719162870008
-1.1248216808819491
-2.210131672562524
-3.8825660043511805
-4.782487051002474
-5.867796153269481
-6.548365944805299
-6.956107392361741
-7.589204368684162
-9.037779642944784
-9.758312460563031
-10.840619426004785
-11.337302230337517
-11.340304367162771
-10.981536803232354
-9.572924404947317
-8.26226881815685
-6.269533327175416
-3.8705574570501686
-2.336038365663828
0.1888453318457094
1.9901873592779367
3.383789073436708
3.23836849097126
3.285841306184659
4.062857796559902
5.2950885497049835
6.657729201189249
8.37913741660393
10.143524286236648
11.632071630822217
12.760350343064744
13.434915860950056
13.571330032939747
13.934600802108042
14.38681292805263
14.930968547598757
15.790922121099786
17.146057430520916
18.63760691193174
20.357514058933795
21.804592861956472
22.6170736202441
23.342114090168064
24.15609591686832
25.92948015273428
26.743461979434535
28.236512529257986
29.274348816311598
29.728062010668804
30.45160141218014
30.67845800935875
31.18114508734199
31.818745268902287
30.19078161550178
28.424902721698952
25.930981221146904
22.630583235957737
20.906172883717804
19.95577688502786
18.41975672522889
17.19353024573432
7.530883039782813
7.246224345835068
5.716317894097782
4.596873767683706
3.2071639343545675
2.642644208803302
3.2460774383211617
3.824990150905109
3.9646545641004813
3.88256209903584
3.0040655002586893
2.4587364240843343
2.4443434370516517
2.4491410993958795
2.81109459606404
3.631487041497686
4.529174289651747
5.494561015837768
5.427393743018582
4.138967024130994
2.879326279308773
3.163984973256519
3.6997187247424193
3.7722158651186066
3.873498979560158
4.221059489195636
4.29835429191605
4.6699031132726665
5.591578673147866
7.410941481177124
9.84760746932313
14.408008645256846
17.926792702709673
16.84146441791797
14.495963183091261
14.00926998570695
15.915523400911313
15.355269132491502
13.236322438269042
9.375307258971498
7.570328748962182
6.127312424633765
4.399637406357604
4.1437646864752224
3.5211408075804527
2.961418744373415
1.3302291781945776
0.4229475222299591
0.8573981592743068
0.5098385185401028
0.3120691070882635
-0.6000102352088941
-1.540878278216798
-2.6699177293193284
-4.383199760562809
-5.121499740931812
-5.203592205996453
-5.483453237599973
-6.776677618831788
-7.891324082901635
-9.059276558204527
-10.695255097714849
-11.172884695857245
-9.908446288690795
-7.935035249212456
-4.7115696208213755
-2.3372824119293067
-1.0387281631404908
-0.8697447017657053
2.3249341796119833
4.592608310552253
6.228595539075318
6.875207729691224
7.806478614254877
9.094905333142465
10.277260444023248
10.991572112671115
11.334334959962366
10.750092379821416
11.07793003486721
12.10568637152819
13.548702695856605
14.475175918076031
14.837129414744194
14.82273642771151
14.658551497582225
15.295568363509679
16.76257299955923
17.25939324707854
18.378837373492612
19.49348383756246
20.400766410404977
21.578314690162554
22.03675363892804
23.03572400152365
24.15996579028196
25.236230955597986
25.52088964954573
26.235201318193596
25.62697042633151
25.660554062741102
26.259189629914733
25.709062891396155
24.85988447189714
24.30496007103433
22.91525023770519
20.618257831533537
19.894350838197216
18.953484628945105
17.949716604005264
17.568572457960194
4.176059318690433
3.6188713838930933
2.8154870959727143
1.515382749860721
0.8279042562660974
1.1576087894392615
0.029548768173472222
-1.200733219723106
-1.799676266756824
-2.686568734727328
-3.076740309424418
-3.2207155309984694
-3.1602484894745433
-2.9234086121009355
-2.4590853331031526
-2.273356021504039
-1.6557005340771154
-0.39734893180272685
0.9445097347457136
2.699581301646958
4.115592277166507
4.6677519232417515
5.020497594941114
5.754058365588135
6.3947544804356005
6.891475373709015
7.355798652706798
8.242691120677302
9.078477198282316
10.160460564657942
12.068864246423571
14.502058248710908
17.831501194718175
20.710305524504438
23.185253616816833
23.877060297438796
23.486888722741703
21.6619932210262
18.592431290918736
15.36520947646045
12.741957975546665
8.642219171123825
6.353000390410538
4.978743504916052
3.7808594552712473
3.037942208874793
1.8350298705078922
1.315267838708279
1.6262594203825798
1.3894195430089722
0.5399544177884108
0.1915373506572834
-0.3562941083906248
-0.18927795706082517
-0.32389649411499416
-1.619675345574568
-2.9334651895451285
-3.662697773164815
-3.7044518631898775
-4.507836151110256
-4.689237275682034
-3.050071085565645
-1.6527722264631592
-1.2302030374904385
-0.21804913452654742
0.16709415144844658
0.8826428389498522
2.633385869706175
4.862137608895535
5.9858699542396465
6.366685053187305
6.343643914661106
6.784926055132691
7.184454105579213
8.071346573549716
9.181399367173638
10.54197576530036
12.09260548664453
13.888731459416976
14.371767689913623
14.093173722514951
13.535985787717612
13.564055214965906
14.655389946034388
15.690585822606279
16.24777375740362
16.568121814827354
16.517011249052857
16.35432307597994
16.219704330155324
16.280171371679252
16.391748978977667
16.925895775248808
17.84085767046761
18.70903718693925
20.02282703090981
21.285506309105873
21.921874236926005
22.38619751592379
23.519286337017334
22.558242164746137
23.129814864015007
23.59846633004012
20.10270712562736
19.94434713958178
19.660724883461015
19.642011931962152
19.5261061376364
19.038741720112412
17.998517554818427
17.56226370306894
-1.720048721794706
-1.4395977761973706
-1.1601149823702186
-0.7856953775188612
-1.1601149823702186
-3.128596445969091
-4.729920368147948
-5.950532633805742
-7.453532148601238
-7.454984376256513
-7.828918970386294
-8.016854419221367
-8.298757592473978
-8.486208965423959
-8.016854419221367
-7.359564424183701
-6.515791207966238
-5.6705657640934986
-4.447533119010246
-2.6621463550770486
-0.5004036779113685
1.3784657948770296
2.974948958204971
4.19701345151804
5.230658420110943
6.357787037236292
7.3909479299441045
8.236657449701935
9.550762760664616
10.771375026322408
11.992955443750388
13.215504012948546
15.003311156307202
16.602698774945694
17.73176369561141
17.923087675642126
17.828635875339497
17.73176369561141
17.072053321148285
15.37869797809226
11.902860326413583
7.952333897023866
6.823268976358151
5.131849936842491
3.0650440755417745
2.9705922752391465
3.624977814966262
2.215461948703211
0.4373372578828732
0.06146683731248674
0.15107834376206228
0.2464982934144944
-0.4127280051635374
-0.880146247825763
-0.5996953022284276
-0.6011475298837025
-0.04024610610727443
-0.32118065533069984
-0.9789566056079453
-0.41805284474030385
0.7085917061814712
1.8366866005632738
3.3396861105180107
6.063297890971301
7.567265557536979
8.504038346401796
8.505974649942162
8.692941947007053
8.794654885586057
9.171493935026387
8.79271858204569
9.35410454912545
10.384370334887567
8.983558486191312
9.44420901482711
12.35188363703474
12.829951597576569
11.994407671405662
11.994407671405662
11.99682805083112
13.124924819726651
14.625019879211598
15.655276316608862
16.21666228368862
16.68504867812103
16.78192085784912
17.442115308197334
18.00737388235783
18.288792979725347
18.3817925523727
18.28637260029989
18.193373027652534
18.194341179422718
19.039082547410363
19.323406100088434
19.69927699775858
21.392632340814604
20.36092367576207
19.703633680724405
19.235247286291997
18.676765774522785
15.946861007563305
17.07398962468865
17.347663507894705
18.478664732100786
18.383728855913066
17.822342888833305
16.416215553765895
15.10066741192038
13.97257064302485
13.219376620029278
-5.402170081332119
-5.567584738890492
-5.6380075207669975
-5.607438395386235
-5.42673917513748
-4.951779796728148
-5.506446488128964
-6.805763622294331
-8.025373443468213
-9.330690609208984
-10.295884429530462
-10.911689371692805
-11.10167312305654
-11.006681247374674
-10.7768438395152
-10.206892585423999
-9.122137795615293
-7.697259660387296
-6.13753599298169
-4.617665982071827
-3.232641503339572
-2.0927389951571738
-1.1029657847696368
-0.12847683138122767
0.916432452663982
2.0563344094641876
3.3463670125145764
4.676253272060706
6.101131407288704
7.446302229525217
8.92631858393934
10.201076123486914
11.111141223809838
12.04577541793812
12.710718547711185
13.320523458298126
13.645352741839469
13.53507630346722
12.53001932746243
10.835450127879216
8.07139170280254
6.811928225132916
6.027424125872622
4.767960648202998
3.31851341916964
3.508497170533373
3.8180418913843335
3.1285296678059074
1.7189360952682915
-0.37088382127744934
-1.3513730519321998
-0.7967054106126257
-0.22675320660266987
-0.7262816788173629
-1.565925897101293
-1.7864787738457897
-1.6516332416681807
-1.1215356440727242
0.19906703427718467
2.6044321017858536
5.405050184631127
8.426221144220897
11.671238979282307
13.929759401381318
13.997466651221998
12.952556018721467
14.040035839753568
14.69897893795123
13.883905713310172
11.604100696945379
11.331694100554333
11.00686481701299
10.90587290975572
10.820165565188834
9.971238715627438
9.689542074299496
9.190013602084804
9.134875382898679
9.33414366537739
9.809103043786722
10.569043563063573
10.94901106579104
11.494393226076879
12.594442077763532
13.73434458594593
14.564702373277369
15.085515439757847
15.440913848679953
15.591043943547943
15.915873227089286
15.971011446275407
16.421401730879378
16.660523669853838
16.730946451730343
16.88107654659833
16.905645640403694
16.629954544473073
16.375548042808237
15.860735007903163
15.060946345952486
15.296783785387364
15.79631225760206
14.478426061206733
12.269612794222192
14.546133311047411
13.093970549978225
11.574100539068363
10.860019221684578
9.775249418866382
9.205298164775185
8.14509898421862
-8.233597910970436
-8.674244326586173
-8.519790066343546
-7.8287571688773925
-7.137724271411239
-6.370266498548904
-6.004440448879084
-5.619107052997653
-5.3492132249356255
-4.867947607446402
-4.59644926993411
-4.76720185748782
-5.991604373276976
-8.098904229747871
-10.267927501266586
-11.901984287499575
-12.388061482604966
-11.493679342962933
-9.654676447591344
-7.640101744562336
-5.93122459238343
-4.529651451239511
-3.224010531703383
-2.053316526198269
-0.9021291026560128
0.3254826271071328
1.629518077870781
2.8376222663488533
3.873369357822953
4.79367688147765
5.657066875947777
6.424524648810111
7.268407297068627
7.844000626715379
8.439101302573741
8.899255064401089
9.034201978432101
8.574048216604755
8.074879762354183
7.135064892487876
5.8521403380638874
5.856953866414678
6.681329168461582
6.796768736280986
6.856895284366082
7.547928181832236
8.198341877424905
6.830969900353417
1.2489982103401402
-1.6679831303168382
-2.0696148535093535
0.27017037162158053
0.943300237252925
1.019724348400352
1.1172610794584072
1.5969214232486126
2.767615428753726
4.49439541769398
6.413039849849818
8.887772216175417
11.323495581830715
13.450302784513218
14.084418152794804
14.819279271034969
17.120048080171713
18.20789917247959
16.959175782128032
14.177141355502066
12.029222297157688
10.993475205683588
9.975629000236214
8.938269756824312
7.614726000526835
6.538359707179251
5.061966200089414
5.003444161454581
4.888004593635178
4.676632804207983
5.28803180737743
5.883132483235792
6.039191252928681
6.787141679579404
8.0342605604807
7.959440194534782
8.535033524181532
9.302491297043867
10.011434673758908
10.835809975805816
11.48943464103363
12.409742164688328
12.775568214358147
13.390176236428122
13.85032999825547
13.67476388235097
12.869895926515674
12.276399760107576
11.931685566099633
12.125154518765479
12.721859704074104
13.409683582639735
13.795016978521163
12.564196424930952
11.738216613433783
10.258612136708802
9.434236834661894
7.500890942157697
6.653799274998654
5.752999097555568
4.967638487931886
4.5644022552891075
3.1449262773838402
-11.097898967037132
-10.530718696765145
-10.116532692796648
-9.108126729131683
-8.23706929784342
-7.2557030236029325
-6.011033640106742
-4.586320622466682
-3.314601871130108
-2.3332355968896232
-1.6016477479846536
-0.8138478561250465
-0.26019226977325177
-0.03746369619891311
-0.3954392442219999
-1.1811276292440744
-2.1468578479736755
-3.6370829136239964
-6.124310309025686
-8.478400884347769
-9.659669591424393
-9.276757050946053
-7.937414880008525
-6.402393019416245
-5.0338901090476424
-3.87248020066329
-2.7110702922789365
-1.8129632226566113
-0.9419059266151856
-0.2644161160430677
0.6763761064368449
1.4506485460983292
2.308181293466403
3.0554051978822567
3.6361101520744334
3.996197420362169
4.356284688649906
5.035885173464805
6.728124043541957
8.956271072869328
9.823114086923718
10.266460830323291
11.42998346276673
12.32597889030468
12.047039725538093
11.175982294249826
11.92320619866568
4.869366223241127
2.818295272584579
1.4142972375191427
-0.20187162350585297
1.0136360527176735
2.9920045214626887
4.045216958485515
4.254421332060458
4.695656703869339
5.911165347934455
7.738651057213517
10.075003883849927
12.481084528198863
14.470866444520215
15.601004241882801
16.2899066674365
16.260745928005427
15.650880234382178
14.696563327982073
12.69325672774053
10.757573547099941
9.23606804448034
7.507476513355611
5.958929968843139
4.31359926529864
2.9315716710098454
2.213508506025067
0.8023210048999493
-0.4152979076674312
-1.3560918629602656
-2.033580908561052
-2.3239333856571402
-1.7973271671457272
-0.8700596962094251
0.47139447604328827
1.7295877108649198
2.945096354930036
3.622585468154243
4.286549897458257
5.281440855618933
6.125448919066817
6.982981666434891
7.840514413802965
8.351484576803493
8.765671933240386
8.585628299096516
8.268225101691655
8.448268735835523
8.657473109410466
9.195493992719769
9.375537626863636
9.92709016757225
9.280863486953908
9.706464155720298
8.641837053899582
6.415801396162904
5.114921905395256
4.9775636946026545
3.8026291022981105
2.8639482514088908
2.2697186132965235
1.313290335305727
1.191568180024009
0.3340373683391157
-2.5292060617294854
-2.749772418041666
-3.4232605578527426
-3.9830415731181636
-3.7531583378836553
-1.9346289212747076
0.5039558134530425
2.062179874391753
2.8052592891473296
3.3184559098011097
2.837584558138233
2.154780608007832
1.46513134343702
0.1529540344936949
-1.5077561357233369
-2.262623993883158
-2.724861587701379
-3.1870991815196
-3.0013292175475272
-2.2998915095724706
-1.6866803441222855
-1.0734681100690966
-0.4161436733564756
0.14363724874015601
0.35735731517771047
0.49216781118151026
0.5201184479484947
0.6710920195804586
1.1053794177644078
1.8670934726300654
2.726349625544785
3.58560666072493
4.435546816982748
5.125196522686272
5.921706528759325
6.853027471968891
8.362763188288532
9.960730790148064
11.679249271835483
12.491921912403987
12.659058118531402
12.498767667977111
11.469903303320345
10.060176788782089
8.552907784484523
7.58679044893485
6.715745411483173
6.026095705779649
5.166838670599503
4.581578141916303
3.4296908423945576
2.5263205359519763
2.695927865428597
4.017422494426962
6.226124795372457
8.850480295524534
10.968494684938097
12.570831576006531
13.065394438815655
12.514930302472562
11.83212635234216
11.05177898076456
10.715035445160524
10.280743145094268
9.58862231604154
8.622500569164739
7.496092783060774
6.032941461352772
3.7987596469894975
2.1405214823870953
0.8283448009140614
-0.38628864544935104
-1.7171012219730484
-2.648423047448039
-3.595906625153056
-4.56202396070273
-5.270307424250911
-4.924247009724546
-4.499276931595637
-3.976763432019528
-3.3380727531515637
-2.7086989532059267
-2.1861854536298186
-1.4592677911042689
-0.8112597921812632
0.057314749391500955
0.8910912957196516
1.8478912180454952
2.5841253183606603
2.983615883071789
3.4713329903077894
3.905619947359026
4.411970812439683
4.997231341122883
5.563858111961428
5.004077096696006
4.74871434804372
5.403567661407136
4.971751827705103
4.258526117458514
4.233046604040735
2.442468625651024
1.5738947115485509
1.114128775381036
1.3719621130810267
1.0979660477167952
1.025902232856164
0.4058457529655679
0.3524156027808038
-0.39313493532397664
-1.4567971088877771
0.6236741742411912
1.5542254737029584
2.26742274948119
3.1512779084649125
4.35550582812299
5.115400483984296
4.722575968880419
4.629181208714268
4.556729454284745
3.4088216519293795
3.614856646700954
3.392690014802568
3.444198763495462
3.5520276294910667
2.5699663417313747
1.4285674392831846
1.108196127643919
0.198585869796205
-0.1636721778338631
-0.8768706451034394
-1.6786511836661324
-1.7511029380956549
-1.7092167978505253
-1.667330786377267
-1.4547874067860045
-0.7721546343590067
-0.18291726595751884
0.5350902675973706
1.914786714553213
3.4747645064517267
4.99455381817434
5.822088859855352
6.113593408870799
7.399895820178035
8.966382511983724
9.064588640759693
9.401093038560859
9.922696670572412
10.378350202886176
9.96939405065549
9.550807916029722
9.080720277886504
7.799229235189088
6.062084660177906
4.939931232168987
3.9578699444092953
3.197975288547988
2.531475392852833
2.624870153018984
2.954865650912974
4.308808448039914
5.854352134108974
6.759150298829326
7.343575702875324
7.436970463041476
7.390273082958399
7.478856474514733
7.3081985913092415
6.987825830634886
6.6674530699605326
5.912369782709044
5.762654905240181
5.369830390136304
4.532672611235657
3.674571826598381
2.6200587844091667
1.8344102692888995
0.5367890384997598
-0.5386675245135706
-2.3015679229062873
-2.549488929151119
-4.135221095396079
-5.077093902979871
-5.551992909732906
-7.53705849098892
-7.759225122887304
-7.263383110397641
-6.7465980921713475
-6.110663939432457
-6.307076196984395
-6.379527951413917
-5.862742933187624
-5.299260534878257
-4.88549301403775
-4.244747492689042
-3.386646708051766
-2.81835294113258
-2.0584582852712727
-1.2003575006339968
-0.6626280276359865
0.07632413757617829
0.557731062175101
0.5110346641533131
0.5882975296489098
0.557731062175101
0.5110346641533131
0.5834856940652912
0.27754691044851837
1.0793267244936673
0.16320937803263838
0.26622713296216877
0.3644333664531667
0.6332963963733398
1.0889494617133026
2.174027989315038
1.9309183516800241
0.41763917946961726
-0.529045254267736
-0.12489948858557787
-0.8123436296223936
-2.151853045437424
