111 72
1.4978638219567628
1.5135072684607858
1.5447932251740335
1.5760801181820796
1.5917213722916004
1.5807615921752212
1.5651181456711982
1.533831252663152
1.5119073076413891
1.4790213901087446
1.4570974450869818
1.4195300535611957
1.3726006503439248
1.3335498338741938
1.2788555709004392
1.2351232804375667
1.1897919654500957
1.1444606504626247
1.1038108094682952
1.0459184974453446
0.9943066839401334
0.9254523994063013
0.8738405859010904
0.8488341914107841
0.8285092709136193
0.7972223779055732
0.7659354848975269
0.7440115398757641
0.7330495673648827
0.7174061208608594
0.6970812003636948
0.6814377538596716
0.6814377538596716
0.6814377538596716
0.6704757813487903
0.6704757813487903
0.6704757813487903
0.6861192278528132
0.6970812003636948
0.7127246468677179
0.7080431728745762
0.7017626743568365
0.6798387293350734
0.668876756824192
0.6579147843133104
0.6266278913052642
0.6063029708080996
0.5750160778000534
0.5390477107988656
0.512442291783961
0.48583687276905646
0.47487490025817497
0.4951998207553397
0.5108432672593627
0.5108432672593627
0.5264867137633858
0.5468116342605506
0.6187483682629261
0.7110100227624665
0.8471195673055327
0.9582227173582927
0.9927076594155352
0.9130070019514748
0.7331651669455357
0.5391633103795187
0.4561490042856085
0.5639385057085188
0.856366915711163
1.2052042127928126
1.505626809123649
1.6668561553431727
1.7076215959181553
1.7185835684290365
1.7889212779068142
1.9781260608990363
2.247147100935972
2.5084042175112233
2.724330019099003
2.8667200621598092
2.926211398707358
2.90280402874165
2.882479108244485
2.846510741243297
2.8105423742421096
2.788618429220347
2.7776564567094653
2.7666944841985837
2.755732511687702
2.7354075911905373
2.6947577501962083
2.6165405176760927
2.527361312645096
2.4428635816072406
2.363047324562527
2.283231067517813
2.230020229488004
2.187771363969076
2.15648447096103
2.125197577952984
2.089229210951796
2.0469803454328686
2.000050005920799
1.9484381924155878
1.9077883514212588
1.8514950639229062
1.7998832504176956
1.7389084889262012
1.6872966754209906
1.6356857982105781
1.5684305382013441
1.5011774705866123
1.587303675284938
1.6039870096465436
1.6366318500180888
1.6685980700788334
1.6843798680978561
1.6825229709522365
1.6672857921386188
1.6349525613932554
1.6319584749383074
1.6266231832125195
1.6227351280013167
1.6031459135982913
1.5550110375565072
1.4670383354160137
1.3624621022127892
1.2581653880309034
1.1823987039884436
1.1062266270423158
1.0438355135277708
0.9932372825251484
0.9297460087941873
0.8773882033778828
0.8144633099130656
0.768868073141532
0.7378444808267581
0.7050019454177698
0.6724743368381934
0.669014816934134
0.6679936975467549
0.6518267839804235
0.6210406184405836
0.6053491185252594
0.6054888807937444
0.6053292756741291
0.6040211927520509
0.603945859428699
0.6046042016591221
0.6203435349942694
0.6203567703987676
0.636244387483236
0.6237416068074817
0.6356911084883188
0.6329453813494299
0.6320239193299788
0.6299887875665757
0.5980376905782832
0.5672697880371824
0.5350298207241837
0.4879252229055925
0.47028357187340564
0.45243916214396374
0.4511340826087157
0.481477751290432
0.4978162168883926
0.4980356317536436
0.5140180695847215
0.544502204725021
0.6384822939303585
0.7637622777227075
0.8941581267585215
0.9790382420168692
0.9552327228692945
0.8046734797814221
0.5700454600743126
0.39029964687980656
0.3936818164431251
0.6336606514921501
1.0244662404966516
1.394383775260326
1.6447643389298758
1.7223651395000616
1.6850218986146392
1.685767124338493
1.8074080560464547
2.072444626660329
2.390317056035803
2.650619927107585
2.8342223029351543
2.952066044960932
2.9728162125841004
2.898748247207986
2.8673823033598502
2.820846478311059
2.7742428341679037
2.771375680718915
2.7699893787107923
2.7685881121658467
2.7662969563162148
2.734102688860372
2.6723364356800356
2.59232742219048
2.5117140378309566
2.445546189167202
2.393372617554482
2.3403881019459876
2.3045306517086317
2.270743745849452
2.2384620152330017
2.2063523881631726
2.159387169807455
2.125307959477662
2.076516877297457
2.0126491852857797
1.9506845782314355
1.8722247237212408
1.8090847913446364
1.7165564273669485
1.6532281768785877
1.5906758372578103
1.51183169745594
1.4320942727423969
1.7827234587960117
1.8090689575125691
1.83876166853506
1.8532047864846442
1.8463001500010539
1.8220352974923593
1.798229690458212
1.7603338851249026
1.7426671699974028
1.727369516480212
1.6822286748916855
1.618198057760152
1.5536952406584152
1.492543499982312
1.416693949803863
1.3347017574355922
1.2686394830300778
1.1885631195325883
1.1059595492402603
1.018558087282411
0.9426709047949647
0.8667797220609045
0.7897497148311143
0.7292521953667594
0.6863207168700194
0.6453362711049638
0.5930293207211482
0.5754776212534023
0.5723214780495003
0.5555304393131156
0.5315186608200628
0.5240832419615062
0.5140167162972071
0.5150306497773887
0.5231216199866997
0.5315613759499557
0.5365950878658893
0.5526633609626661
0.5738108494282619
0.5889741531991701
0.5751586789464628
0.5948504651165284
0.6121170691353367
0.6049916331081854
0.5983439898555125
0.5657760655288818
0.5327132929446778
0.4896852236756688
0.44820831945412043
0.4315621267672266
0.4238551422901902
0.4416747914260906
0.45752453904778795
0.4642386100606173
0.46335328842291584
0.48940945477528786
0.5402497987699404
0.6671616565780302
0.817974472395749
0.9344805611804902
0.9579865124242603
0.8346993731376198
0.6153629955118474
0.3760527661624305
0.27435157559171686
0.4091221242893027
0.7490088915170372
1.158333700537534
1.4659988629817502
1.6216082955607078
1.6283209666564469
1.563454326258222
1.587922054530275
1.790094029533342
2.171101259982513
2.5558566323770098
2.781226120419447
2.905939880850785
2.9915353213795273
2.9467283908556916
2.858592284701784
2.7862266302623535
2.785181274748651
2.767676307174707
2.7491122557755956
2.7564264374169287
2.770146750725993
2.7764230985411964
2.7274963684599687
2.663194815525159
2.6020022550757567
2.5481225902401508
2.500329469021994
2.4587348190369696
2.4182277628968643
2.3759536492488573
2.3446312047721936
2.3106441214313795
2.268852050303317
2.216971378356284
2.163446605078035
2.1018258875564233
2.025231837122687
1.948432622626063
1.8670614451941874
1.7915883526660834
1.7029703440898385
1.630942805939787
1.5572975283131418
1.4734375121191716
1.3891416674364874
1.9870261170400405
2.0237305112634116
2.0600894867646438
2.0962286304914386
2.1090544428075413
2.0695790065871527
2.031580167465336
1.9711450343991197
1.9253869881935668
1.8797224286307537
1.806682081897283
1.704565848727041
1.6143668895727348
1.553663711711428
1.4798160057950682
1.3941313968171478
1.3210168978475163
1.2294761222682458
1.134418910439347
1.0324858088061744
0.9530058461423021
0.8622619924468233
0.7733474258086468
0.6966172012340093
0.640924472684553
0.5931128186240473
0.5300427614633983
0.49156411740589523
0.47876429856867136
0.45733544385029884
0.44193070834776116
0.437103618860294
0.4246202331834463
0.41903588450315477
0.4334669471969207
0.4469902951091088
0.45871672000446884
0.4780142428803391
0.5168683194716619
0.5445974554438475
0.5395625332459902
0.5547669627372034
0.5928110608843822
0.5811460689646538
0.5681328144458124
0.5328954908140923
0.4907265868021183
0.44341227893449825
0.4112881278009124
0.39841958121356036
0.4045037819058931
0.42784269529710167
0.4255859897688153
0.4221121915516711
0.42052586247736007
0.4660839778597396
0.5574115907068625
0.71745972434816
0.8718080401549153
0.9453951008477453
0.8774637763043791
0.6530917940770367
0.3765072140940916
0.16372252059678852
0.1701628904309351
0.4339004822935571
0.8275850541164947
1.1852420688453933
1.3939892203116198
1.4835139553344812
1.4988150634634614
1.4203243049701149
1.4431832918971599
1.827240164360295
2.3066475302963245
2.729917467696054
2.9422905017294734
2.885301188328318
2.9772426597497876
2.9032725967864375
2.8246305377913115
2.707674414941181
2.7305895297290297
2.7411296559927454
2.7239926229595923
2.752066759612326
2.781190165204585
2.788191216680682
2.7369407629392186
2.6796465363349453
2.628133774074075
2.572460385698886
2.5232226616107876
2.4884822049966946
2.45945194627255
2.418570238788325
2.3867520712162946
2.352579220960096
2.3019403822734628
2.2484216776028427
2.1817949486488173
2.1176004889003046
2.0406690501969806
1.9688039916377709
1.8932986678600758
1.8071036318748381
1.7221220849954135
1.63291290168034
1.5469565950237363
1.4592480139143449
1.372616721902095
2.1493485364526386
2.201650197894093
2.2660325001864603
2.337684709071836
2.316164271777294
2.259979512154748
2.2218296568277034
2.168548099375649
2.119609012411808
2.0442118672734373
1.970526856052965
1.8631072877519783
1.7377185016027483
1.6142176626870526
1.4923822921507515
1.363647547885164
1.272617348340706
1.185093888110237
1.10516220234461
1.0276704308000881
0.9373025748976569
0.8457097984361956
0.7420726946816002
0.6459792443522272
0.5768406187028984
0.5287599604110342
0.46736971925975
0.41363502946452413
0.36856382785753156
0.3393514065739924
0.33554208586310647
0.3338414593198127
0.33194209102855243
0.32841050129181104
0.34023838559676156
0.35084583115254203
0.37343227449917366
0.40544307275071156
0.4299742206234574
0.4763844301293496
0.5040411370151721
0.5275070340355242
0.5543388620356319
0.5555320535107462
0.541002489424977
0.502620749945781
0.44810278358158084
0.4085887429365317
0.37786636350700264
0.3756212343340419
0.390991471510252
0.3962909932244453
0.383857751101325
0.37446024382704124
0.3734009697309792
0.4438666443400968
0.5906357770891958
0.7688022790046051
0.8781183412515123
0.8571032225454407
0.6836688635060847
0.37747894368540535
0.08343052802049657
-0.04694455468002231
0.1086690205936519
0.46678825773700955
0.8284487812809801
1.0462947130100158
1.1243551618661975
1.2373946654022485
1.4282290599989513
1.3718804492419672
1.3567700074157045
2.0087069951399905
2.4742671070431475
2.890367650620468
3.162047510486673
2.7403320610624724
2.8755670571838174
2.8273672623967894
2.776876868557553
2.6632522127869738
2.6851590434797994
2.7451662396725314
2.7802030182266364
2.8182561275964346
2.816176656729472
2.7797721521418963
2.7687018367665863
2.7314934466083156
2.684836862441878
2.6128603037541045
2.550531368286757
2.519535322207659
2.492504643285385
2.461730502626228
2.437628289898402
2.400025354624497
2.3638942023621303
2.3105671078065138
2.2457443197471747
2.184217155963758
2.109869974986934
2.054792000136388
1.9798710454183943
1.87829244860076
1.7853502560081544
1.6822452329037738
1.594902889822908
1.5070191218505968
1.4181053339025071
2.5039801632877503
2.614236319779625
2.675094171076469
2.6264311430482854
2.4949525432431936
2.3386827747640804
2.298109463732158
2.2634763088671783
2.2014982569854227
2.1326492082918134
2.040267947037364
1.9223524562650558
1.8012908352604076
1.6665348667095803
1.5471381976497212
1.4182962897617164
1.3040986434849224
1.1767543372229425
1.0668495515852092
0.9632472781994055
0.8666145914172819
0.7740147611050443
0.6742272338035618
0.58531959850538
0.498574395212109
0.4380677389627563
0.37730100291486424
0.3228396749846868
0.2718742897147259
0.23106255861664174
0.21767290908996595
0.22070121500173354
0.2185644908314808
0.22889652776937022
0.23887019612722932
0.26188717567261083
0.2816504481785472
0.3287913051881618
0.3502309131525878
0.3863755875514259
0.43734684239034277
0.47552198979221966
0.5005883384101647
0.507881312728259
0.49988334939870055
0.46852333683573927
0.4213453587113031
0.3783313111881641
0.3533683213130285
0.35698422223720594
0.3702390596514996
0.3609496616034188
0.32820210545322703
0.2990511468365281
0.3184170116088985
0.43135420439838046
0.5977340935444866
0.7631371612072885
0.7859027175677655
0.6665838852572659
0.4169947837660492
0.1051587475862804
-0.1289426729002319
-0.14219743486145334
0.10230063681543497
0.43369272606209947
0.670380416454689
0.7467705425001957
0.7694033724408631
0.9241273732398363
1.2567193336416795
1.6005143768126748
1.84035531120651
2.0998532678483626
2.647305342372915
3.0467495104051885
3.1482723268207446
2.7937495695114936
2.7577804734504476
2.761997339549167
2.702958486277431
2.63584113394927
2.665882800505852
2.76761477268041
2.83047582073595
2.839780893196988
2.82428610219496
2.817984756299181
2.811561358145783
2.7674335579080074
2.706270096490757
2.6651346262329056
2.614724348685562
2.5911994103566953
2.568426467520619
2.5376107527835816
2.507548130979088
2.472079741075478
2.441048382750715
2.398345363629435
2.3500082465351153
2.3134851815083453
2.2508070375754787
2.1889081018489733
2.108555140167521
1.9986958983004448
1.882579190447959
1.742162729309403
1.6387586217550216
1.5254247707884132
1.433194904864453
2.856325447236153
2.934721243758002
2.8945638622441154
2.735979385219604
2.583264734434175
2.491554200807026
2.4964168748636175
2.4760817532341233
2.3877049133275157
2.2804818436444694
2.1448317555086307
2.0195854854637796
1.9047707515433074
1.7922826791106372
1.6735274364022246
1.5331534431219707
1.3814027003971012
1.1952547333117391
1.0241701310425186
0.8618907332157435
0.7412602298301221
0.6428195531033521
0.5473763749193611
0.46250130122404925
0.3769907202418397
0.3187661335224854
0.27597743449373435
0.2358423497941701
0.19807552434274714
0.1509551752969809
0.11736319237784296
0.1144563483800198
0.11419963296446681
0.125087127579812
0.13485712822620666
0.1613372066531747
0.18336534798805243
0.2348268983711655
0.2662917721660537
0.2962011447439463
0.3501761836657348
0.3943259060490149
0.4313092312730708
0.4462462252271362
0.4525014133104033
0.4361780646775061
0.40119680002392216
0.3562731572294849
0.3337105065566962
0.3381938675336648
0.3441537087451073
0.2969030700590758
0.22965797952338582
0.1880163409017086
0.23773828656221793
0.40028430412430543
0.5751427098414925
0.6874463478524929
0.6282711608432626
0.4345427241615604
0.16406816779712097
-0.09712530491046822
-0.23585809801084087
-0.1854727001642634
0.04102666260339559
0.25483624444108577
0.34772976484094487
0.3660564553030677
0.43990950156457387
0.6966858125040357
1.1659369379227842
1.770424380747157
2.226215979009185
2.3569755892360114
2.8082071016511514
3.1414796532555114
3.1044224234216364
2.9812939269624446
2.7892747567125644
2.7719756454047553
2.6880172552999264
2.572681793367352
2.6411837820613635
2.78706705096612
2.8384750038890454
2.848458069996777
2.8520434010191273
2.8560859011778583
2.8259125578868614
2.776615045060323
2.736126085301873
2.7167632516657405
2.687953624251523
2.67080988925484
2.6439299251169444
2.611670126224274
2.5881028264103407
2.564932200718491
2.5431294002584015
2.5094771375687492
2.4737274982955593
2.446874040255195
2.3858919347069683
2.3161688967330805
2.2449279800130926
2.118254337594621
1.976205322582273
1.817771110332722
1.6858162710742808
1.5518271003007524
1.450737860231417
3.1152022139544546
3.0150791354593363
2.8485518127618623
2.7523812097518268
2.709791528828236
2.7148569597193726
2.729254173502031
2.690160827422515
2.562650631318407
2.411013423707766
2.2341798149344063
2.1128946527513306
1.9777692808430727
1.8638762986638369
1.7299414950237424
1.5779288176084678
1.4125038388493434
1.2170971003815505
1.0276687061768148
0.8225757429663361
0.6574675530932516
0.5254389915032924
0.42880524970373207
0.3285796739000438
0.248514828376103
0.19996572683601974
0.15319987072547026
0.12384932984742487
0.09992362124320645
0.06636192729472508
0.052622363942340815
0.04906559083452456
0.04456094966231539
0.047064650969063475
0.05291999075434149
0.06151546655503142
0.0879926745515386
0.12884413227579666
0.17128555343629756
0.19844688885905143
0.2521845187537995
0.30022299178438877
0.3492452833469842
0.3826811379134414
0.40325483679374585
0.39163094720914854
0.37262356417559556
0.32499752473882565
0.28752011957317997
0.2938636317162918
0.29274932681742494
0.20444178603476068
0.0877071231681848
0.05010676434026537
0.1495365835398923
0.34390175882289087
0.51230137899991
0.553380118555954
0.43970502382135057
0.20897980406482963
-0.04200792095486007
-0.24824373924055812
-0.30347404659539196
-0.2600505707214602
-0.16961248194109052
-0.10514891403711359
-0.048228638678898504
0.0347079813940878
0.20472527096537818
0.5600961255426572
1.0475537189295918
1.6770319212889124
2.3330686867172963
2.680300927493634
2.9375770976674005
3.2259360756230846
3.222616147618594
3.14744105294326
2.932781117993888
2.8375113803478755
2.7398896139410107
2.58879961164047
2.6506443407173332
2.7885297005015848
2.825793314690074
2.828716766032867
2.856104811894552
2.8615997795647314
2.84101847844581
2.7927860341014012
2.7634987238523956
2.733849923826881
2.7290794457496466
2.737176904219611
2.7226788786316694
2.702682935091911
2.688436773720324
2.6767328463693905
2.6636386545331883
2.6403249262425565
2.6099578384081146
2.572448067031434
2.4995578538673406
2.4284404569066127
2.353251569328926
2.224824212573718
2.068431395436414
1.9172747862763295
1.751475119728389
1.609072936006792
1.4892279406640987
3.202303248241232
3.0680491312203295
2.994609863625647
2.96814629265418
2.9402637738951256
2.9373081205768767
2.8896263143117324
2.791075539586273
2.6347887606504217
2.470394594299905
2.2951182644033534
2.17394399547588
2.043960599716138
1.9311696925845443
1.7823594744012212
1.5787969727865951
1.395247654123527
1.1874994438486393
0.9990569662843305
0.781478525656625
0.5980667749276961
0.438695236673173
0.30843480223658776
0.187263149098542
0.10404917994749505
0.06109542626991029
0.029951189223665596
0.019060286708696104
0.012734575609461757
-0.006635720720742431
0.010098836204682826
0.012539065940377526
0.0011395923313103206
-0.01351761206923761
-0.015074178620280357
-0.00830210041602598
0.0011552110628651221
0.03645547851938787
0.07203528428808849
0.11004455760122527
0.15736160174683855
0.2146586126254309
0.26911968870047026
0.3013064265515618
0.339921556010939
0.33899550075504115
0.32328417966185335
0.2937046805963258
0.2453939466375556
0.22948888562568603
0.18235982928172542
0.05827195090977027
-0.0864162543313743
-0.10947802666123833
0.046724958179765075
0.27432707696248804
0.43182021589395303
0.4084144829325782
0.2420981083669152
-0.005900384675291623
-0.21045519729763823
-0.3377695900698604
-0.40799765065604165
-0.46421112758148847
-0.486278471189195
-0.44806509920059334
-0.3331231314918795
-0.16375248298096723
0.014979440164465571
0.3274462119285741
0.8217882769962138
1.4690733244465477
2.178538198540887
2.8066020027678595
3.129642599316199
3.2566390654308863
3.465386300089173
3.2109351649887525
3.0907256379542973
2.8939827231353634
2.826571409305486
2.7570798863117365
2.7042651457647398
2.737759590789308
2.7709973832583428
2.8011897657171505
2.8454735708186054
2.866694472659874
2.845364202697591
2.78636812665356
2.7284453942639963
2.7202604447618723
2.756100633707933
2.816952229810247
2.839044372011352
2.83008594280367
2.82268640515053
2.815857164757853
2.8294593176279115
2.8102467421378226
2.7684493513850237
2.703773778065134
2.6060697607751266
2.506082014987437
2.409925004091913
2.3105432129424655
2.1962406022692758
2.065398447751129
1.9020303267767042
1.7561511665728384
1.6165484124804046
3.2654689001672392
3.2484195020026227
3.2536592957879256
3.247620540394407
3.2072341330382774
3.1094337484846037
2.922346707609254
2.7430862124508173
2.595770892449105
2.4644388959578154
2.297664654960025
2.1508854324799955
1.9921371430216623
1.8378690758731022
1.684412319779437
1.494979104076227
1.3374459549050894
1.1630217057256709
1.0049443891721213
0.8063399576884219
0.6237547363472897
0.42307750748152234
0.2502595576230339
0.09930704794078234
-0.013608110191869565
-0.07640837970077807
-0.09701887395338812
-0.1127530367360776
-0.0885287310892265
-0.07896040985551196
-0.05814300369223254
-0.03931475476073385
-0.0404679983489135
-0.05808279953938419
-0.0675737960938189
-0.04594913725849468
-0.044541530109019636
-0.03564757267344451
-0.019570220786544208
0.02454840832475694
0.06875603245513341
0.12113696491371524
0.16527050521234563
0.19030511781485535
0.24069104055734233
0.24901253180765295
0.2402242810484182
0.22325164851063348
0.1935982413391192
0.14086941696000416
0.029368159562447937
-0.1583096413227315
-0.3030409663724886
-0.2690356218797767
-0.0622002650993051
0.19250184779890875
0.31620800284639317
0.2489423121708715
0.057292689880829625
-0.21832295555573325
-0.4098099860242705
-0.506137340713592
-0.5706420670391273
-0.700495451111216
-0.772434406326112
-0.6198527103633515
-0.3962418924687166
-0.2744287502557666
-0.2219748058339678
-0.04689474974500335
0.3852455736652519
1.08686003741551
1.876881762561179
2.6509637828107158
3.2055649821057806
3.3972273611966672
3.568884856147715
3.349210873259884
3.2158193859995103
3.029575677691448
2.9444117888407146
2.8555035170773477
2.814823855146124
2.7102914482431633
2.753078964687613
2.7979671217230213
2.83049558039889
2.8475376508828845
2.7963495689921
2.712686867724161
2.662453660071096
2.7151032865090894
2.831484373915371
2.945510273814026
2.999024887709819
2.9984263511252287
3.0057798020038105
3.01696545141201
3.023622227546991
3.0067295277613164
2.9490832483538334
2.8616299978662845
2.726413881295
2.5955984685483733
2.4864888284037128
2.3981848264111987
2.333582915720342
2.222739846237107
2.0995520856488823
1.952260913396668
1.8172567242953017
3.469374224758667
3.5250107091848193
3.5267049227064198
3.4943419382853995
3.4320907711489568
3.256021835341012
2.9955396461089543
2.7525132748215806
2.58438252399951
2.428507649790072
2.263761108973558
2.091212295596585
1.9119720403234581
1.733188954263507
1.5777479110804766
1.4095751914582197
1.2900725449892205
1.137974260079179
0.9773560877407071
0.7741101708265878
0.5911145955009596
0.39310842308910476
0.19663177630411255
0.034926591217653354
-0.1042305250699158
-0.18997743637183498
-0.22902494294800652
-0.22330678070502757
-0.18524895022845672
-0.17600169989238015
-0.15656815779593125
-0.1256533112181579
-0.11261608387792052
-0.12110235149504636
-0.10839315424130261
-0.0960004114930789
-0.08298930400086132
-0.08549859321374641
-0.06248133329073551
-0.017194079414115875
0.0011803546536442232
0.008182318241216359
0.015372424433802555
0.05255599487324872
0.09930435948805721
0.12221224205812208
0.11671930061819309
0.0897478602060422
0.09004660600968285
0.03078485637641539
-0.13502861052190593
-0.4056539349925643
-0.5524350129384274
-0.4502847903060516
-0.1755030575049405
0.07001094488774026
0.17233936325564667
0.10424891113230465
-0.059497518719495796
-0.325062212832471
-0.5351009254317138
-0.6555727155220594
-0.7541884534614267
-0.9206159317185532
-0.9348301075035081
-0.6754190898147681
-0.3890777185046227
-0.34356166422379775
-0.44695471337287873
-0.33534004795705863
0.04020718580168332
0.6543703206326111
1.3551231180887702
2.1500253162445317
2.9472252001436767
3.4471589686223685
3.5721257933328845
3.509615212587469
3.2877244418298073
3.1296377076866686
3.0310432423297917
2.9027594980194262
2.84223992316928
2.770538983429674
2.7467359299921283
2.751447377434899
2.781155562079696
2.766906814856046
2.7062587508375304
2.6543364406617176
2.691534374699945
2.82193244612377
2.9785457053710767
3.0853438213649707
3.136543698592938
3.1581867446062803
3.195104614915327
3.217371134693167
3.2293567480388528
3.223386544843379
3.169405515243147
3.058719045981916
2.9013329443038667
2.7616841112699753
2.627303919369925
2.520069520111357
2.4560606297192638
2.367994959124176
2.2881763458992777
2.1667495845873264
2.0363111467686745
3.7923741065634484
3.798260249265809
3.7301840052746122
3.629281296313987
3.5297567999823993
3.3835908227235083
3.250635632935872
3.1028417630473912
2.9608994393458774
2.777765169078052
2.560681235672881
2.3536512528622917
2.1328207336245337
1.9125098340850062
1.692287398608656
1.4926097730819265
1.314795872508138
1.1119637107472469
0.9250987382364346
0.717623036275512
0.5188814349988254
0.3274376420453829
0.12979076820352717
-0.036015705477576446
-0.17344511251328512
-0.2742921536993054
-0.32142544654902816
-0.31369765238276004
-0.2962111487053506
-0.2742193549141451
-0.23844385877842328
-0.21349004431169644
-0.2099980032064318
-0.1759636198000498
-0.1928217352821646
-0.16257674229555533
-0.12276339216976558
-0.10819458819423412
-0.10183153156131915
-0.10147775976668268
-0.06071379197082082
-0.0735853297510626
-0.09203154468439602
-0.07555683915096996
-0.0376103161439999
-0.0053502106733391164
-0.027031428200867944
-0.05969921105171777
-0.06739670168474388
-0.15929134117333762
-0.3579109375807361
-0.6363681649411785
-0.8069124103484391
-0.6621651530908141
-0.34797070672803093
-0.08738646908337282
0.03335042968855323
0.021752841819204324
-0.11521121793831596
-0.36953934590538595
-0.6404751026867992
-0.8118704452647514
-0.9866700200016805
-1.1969754666492511
-1.1865558443096758
-0.8777497282734525
-0.5088201661316196
-0.40781016300235384
-0.49790286617886914
-0.3972384781568949
-0.04518128932411354
0.4177868364731675
0.9243134910953348
1.61011368675469
2.5128637596667565
3.3476446178506363
3.605467011440756
3.578371948017404
3.3225334658167536
3.194493997907122
3.060441123155184
2.931831260703871
2.8231437088752367
2.792640437365363
2.7564769253976245
2.736141543778084
2.7202933600561594
2.693160295428622
2.6786262868409474
2.657157907276001
2.7374214163778565
2.876152494739038
3.019636923669685
3.118268118245537
3.196678432795523
3.263154936294045
3.3339134059907836
3.3824468943482255
3.41618966059447
3.423399673936067
3.395761138144423
3.318086596059342
3.210002720791196
3.0639290359015825
2.8904766355702747
2.7060801671584147
2.5788513638165598
2.4867073350442155
2.4352794762329966
2.357923540255662
2.2299006122478384
4.014552962656648
3.9216240651461334
3.8066187785740944
3.6872360001697913
3.5972736979608544
3.521150599025727
3.4573038086224415
3.3637520836969625
3.2173867241876004
3.025622056273738
2.7719606112843773
2.551896442471678
2.312773362625542
2.085643153452943
1.8545788251481743
1.621212442499447
1.3675115403663212
1.1019626780554925
0.8610098489785477
0.647647282341156
0.437591838938698
0.21849410545586118
0.022402792718492597
-0.10417856917952768
-0.1928033300721585
-0.2599670166845489
-0.3497671699083571
-0.36976184427666153
-0.3378944855768248
-0.30488518049450586
-0.27352960883782007
-0.25913251114707425
-0.25360940747874017
-0.23255846233577787
-0.2498773198208812
-0.20318543975070336
-0.19793975580943474
-0.17566912981283075
-0.1480060190564669
-0.14149603380773196
-0.1302416026896607
-0.13397718371042808
-0.16084722198080306
-0.15111811837789127
-0.1412516327714206
-0.1466053171563006
-0.20627513301183448
-0.2690212073260282
-0.30327604345015624
-0.37603036981507887
-0.5765076538697859
-0.8669953993873614
-1.0789020416799455
-0.9417145945161651
-0.6079273231222942
-0.2963147191347732
-0.12248240780946301
-0.07107010461127634
-0.13846043270912015
-0.35013943273994425
-0.6495443929471446
-0.8624157819046183
-1.0262435118843407
-1.1883033250805668
-1.3258806789047655
-1.21473967834888
-0.8949811022801938
-0.6249711203588525
-0.5476391590670663
-0.42891218724661617
-0.13321319007701604
0.30434725621873865
0.746773873209539
1.2283262545389553
1.9826114542591278
2.8914344431354766
3.533467612007128
3.6362300070728826
3.5078466623764957
3.3260337320179145
3.1437372609091856
2.942613867587498
2.796336535529099
2.77315402450125
2.7616820055533675
2.693383907131406
2.626410626854817
2.59011620628842
2.6005288143526033
2.612625487368614
2.6848566933244995
2.8170562593790454
2.9827427996813647
3.1045891488801427
3.2170334812595107
3.3228719466909165
3.4378889338434577
3.524408847562351
3.579451261053708
3.6014700746297987
3.61526088824338
3.6181300137320114
3.5749960512311123
3.4490567427300793
3.2609409893139976
3.0001806645710145
2.772823994077446
2.636697966071236
2.554030295908123
2.4999058858167174
2.3913289018477117
4.0439588475896455
3.9504316548549108
3.8516460898524123
3.777690259107573
3.7370836096549365
3.7110571734406883
3.641833568943383
3.542700174188247
3.3323056637486883
3.078552173093897
2.777346477871733
2.517256386987497
2.255448549588511
2.003528068149162
1.7625658700380156
1.5115614460323967
1.2572469754658857
1.0041052007036473
0.761903277461058
0.5614559993250187
0.38266297918614195
0.17671550161080557
-0.009459661154400412
-0.14978724325220708
-0.21849516567311295
-0.2589969624289637
-0.350608486657898
-0.39110445977991015
-0.36450854838970276
-0.3292864574176838
-0.31727443944624467
-0.2761696172528002
-0.26056726479983267
-0.24129853815210647
-0.24416899042704257
-0.21214079764420965
-0.22100596022895977
-0.22184575188642666
-0.2127623579136597
-0.1760201962352268
-0.17038450634049257
-0.19695833916959074
-0.20301655894412582
-0.22145492068066505
-0.2824549774378715
-0.3332108742990418
-0.40004729100808667
-0.4793316625704898
-0.5430436525475921
-0.6056872893216715
-0.7859980532174595
-1.108486644730287
-1.370170394077692
-1.2891651336319274
-0.9812969897183962
-0.6003726763283556
-0.33735870382273125
-0.17591236553274223
-0.12233592118462043
-0.2618412145811867
-0.5263764897609203
-0.7860944417451812
-1.003920885220053
-1.1939675273168047
-1.3419112495362036
-1.3915486372952226
-1.2442405044882294
-0.9136673635256859
-0.5721106178575905
-0.3412683034070914
-0.1568020272305635
0.1078915281155979
0.4415299466115307
0.7910329651921472
1.37600117123365
2.2332955055201995
3.1066400610416225
3.606099518533576
3.650197791357467
3.459518703053341
3.203204208118972
2.9302136769259937
2.751877072421632
2.6757500313308373
2.651254016002523
2.575681140415756
2.4824558196847497
2.4300831529661813
2.408212278447244
2.432404567626936
2.5094354519766715
2.6657218151377755
2.83579649353142
2.980011551577807
3.1305237974729616
3.298259262804878
3.442743804683729
3.590852978040931
3.7301510535098545
3.8300324913135295
3.8913855249748464
3.9208384816714426
3.8897791592172144
3.8019300903665187
3.664370994196002
3.432469360495491
3.142345990074829
2.9138313462888967
2.7592793336346255
2.673390221875157
2.597660468272084
4.152953896203561
4.079930932530019
4.1080889812852375
4.097704125342385
4.090402981334188
4.021797237477585
3.899889450214587
3.780351159254291
3.552020620035286
3.2848431494838266
2.9491444421479645
2.642022783791785
2.3060097953938268
1.9995869381675335
1.6702790805327994
1.3493963403546705
1.1093794690121666
0.8602594441528348
0.6922398245878802
0.49230699477505613
0.32245992035128157
0.17722499579308504
0.019463139434831384
-0.14098534170589366
-0.27588229568664513
-0.3490122339414968
-0.3932557465652635
-0.41896401812155437
-0.42107009933930517
-0.41835811407106477
-0.41261343140366635
-0.3531032417030841
-0.2980554835321607
-0.23351770921832474
-0.24422034618504157
-0.2275050843019275
-0.23787749255837354
-0.23832444196597297
-0.23476302051527653
-0.24399385141570482
-0.19698629601901307
-0.2148115427468773
-0.23708892141891386
-0.2948056099403183
-0.41030039237848037
-0.4853749705573581
-0.5619681597148121
-0.6892929462298945
-0.778084702317091
-0.8668950268864801
-0.9943700827402944
-1.2986167433527875
-1.63152426586533
-1.6832684254938468
-1.4387665813687018
-1.062247691609071
-0.7324577276218223
-0.4582006225050033
-0.2689051110957245
-0.20004823071677616
-0.29681389025537874
-0.49344654147386574
-0.7533719165130522
-0.9463168861767743
-1.1366714361372101
-1.2335527407745008
-1.2355613500470821
-1.1701769188114342
-0.9910155108868938
-0.6998402844953624
-0.3315899595662873
0.01110827541976202
0.2570760260582741
0.4008729377732839
0.6731207913400196
1.4857301920241446
2.5879607264946327
3.3886731879214365
3.6313131415818845
3.4087817442935093
3.0656281121631297
2.841562169337787
2.679076245426119
2.5831409353405137
2.4977554291665918
2.372079594724661
2.237319472325461
2.1383058655200298
2.0912821490098397
2.1477653740339155
2.2660480632322235
2.4220019166790627
2.5662111512451715
2.7459153480379044
2.9465852465266957
3.189701791863303
3.452353909885331
3.685531153208995
3.87653126357249
4.033134118897341
4.149155415037202
4.22110037942267
4.2206796270966525
4.182807422512244
4.092097409343114
3.9492861253280673
3.698400643477856
3.388719188024866
3.1079693566101105
2.923425006877512
2.797662768547931
4.435445997349719
4.433574419886522
4.460367830625606
4.535834439241836
4.5101802997697895
4.399007740309472
4.257502224533714
4.067283608835595
3.83231924255397
3.5462455833502604
3.236620454851295
2.8981431012655916
2.5260282757222625
2.190207322848164
1.863538478372276
1.5246661624210247
1.221488666550415
0.9311097318697353
0.6997454564437469
0.48033216624999403
0.29373745790612427
0.12685483053445593
-0.012643791633621627
-0.16403910183500967
-0.321896228804933
-0.40123738363756944
-0.44029370898566417
-0.48189133394621864
-0.496421989586313
-0.5182883498406007
-0.5060244631324923
-0.45557067275767316
-0.3812425913793086
-0.3468634956564587
-0.30838213919681495
-0.2616084459748974
-0.2498896846453023
-0.24641891478087705
-0.2482680916755328
-0.26239062844942695
-0.21189801890554055
-0.23487704206792734
-0.2750835478845419
-0.39644674828238663
-0.4935514748928152
-0.617665899998206
-0.7247169680257294
-0.868542434892914
-1.0052955318895982
-1.0894934938344174
-1.1888456201258166
-1.41964166413963
-1.759973149005178
-2.011321996269356
-1.9625115620137392
-1.6255830397980844
-1.25858776515637
-0.9381414287671473
-0.7137408553190052
-0.4863386063390428
-0.30442467685659785
-0.2618034814606749
-0.3166806491547898
-0.4419753628348235
-0.6389474993976427
-0.8022693890293351
-0.8699368767480797
-0.8605625191584644
-0.8363002669632094
-0.8477671574553121
-0.8007272652618153
-0.5264729425921314
-0.08032892649902736
0.2995988255365694
0.49171726471683935
0.8324061879123898
1.647454509285147
2.5772968365144964
3.312790048127731
3.404340234738345
3.043578771684949
2.7212430568718258
2.5212534883583713
2.405742058943047
2.2594833177265228
2.0247712495545946
1.8242358457767873
1.6860827611341134
1.6348735798154825
1.696333816261923
1.8386052033568052
2.0360830574484345
2.2541533216990057
2.515022832204526
2.8071996336025107
3.140116023134632
3.4753336745669707
3.7662820361293288
4.004887969660085
4.241971553976487
4.4278851897320255
4.592393113216445
4.674642857224847
4.672948440847889
4.6072894914291425
4.485243306354862
4.30615913800758
4.071929957642562
3.788454613224946
3.460792174802739
3.183380471165423
4.787253030445126
4.7885473375168734
4.844879517560242
4.885823052539477
4.913336832196115
4.7869294233746125
4.640600580382392
4.357456312955323
4.03794597224563
3.6307091126473354
3.2307994869157604
2.8868911330642932
2.60790157373427
2.3131381379268285
2.0135152871776127
1.6915074895025668
1.4267770486991798
1.148024230068047
0.8931646146213725
0.5915047935081402
0.34202766357512626
0.13523461241069462
-0.054131865206107084
-0.23335150818153394
-0.38026353616420194
-0.4612055418442366
-0.521702665448835
-0.5852595718588641
-0.5755365615016809
-0.5725844077703259
-0.5448576687380475
-0.5163313022374031
-0.48461542923467427
-0.4533578043476523
-0.362708988517687
-0.33685690482211306
-0.3307138804790776
-0.2697590860456509
-0.2626529916471226
-0.24446638802317686
-0.2270983076713042
-0.24985344530677678
-0.3215566716764519
-0.4144059184711924
-0.5388334230253723
-0.7198615336911807
-0.8745172763721477
-1.0348177407374952
-1.1719598852822064
-1.2981283894685751
-1.3957929706785457
-1.537885447237398
-1.7817712836561188
-2.102701913715505
-2.3062815270892196
-2.204357247757585
-1.8823627347845262
-1.5021994003194186
-1.1794904368082364
-0.9526917770127731
-0.7316144622621592
-0.5538441874376068
-0.3822831152442289
-0.18107475941637396
-0.03360567572367816
0.0005052484657757459
-0.04877041440050994
-0.15687034811710499
-0.24470223485829254
-0.34037565874171277
-0.4915547197311251
-0.6385759617581523
-0.6852862951425529
-0.5077200929947322
-0.07091925846216715
0.3976577329413324
0.8352202534201453
1.5759838163993882
2.604123536833864
3.17048445772967
3.039060851810808
2.618907505936126
2.2910472538820095
2.126946303745634
1.8919924152710856
1.5707011679714384
1.2795312479521759
1.075581104868618
1.0050153839823743
1.0237856945793777
1.1790057583557654
1.446329421771818
1.8133514709162957
2.244232412316589
2.6318242515796095
3.017642839729044
3.4249903627561458
3.8352337940751546
4.227155578943725
4.560431445554977
4.816793644172717
5.027939754163396
5.213966910536808
5.281952416193012
5.266150881044968
5.127733744162612
4.935680787502773
4.746233309174009
4.514264144246543
4.220629838085679
3.8536167418413996
5.192662731916167
5.220824504812118
5.278920728059033
5.275914733711897
5.270342535835879
5.185107117663823
4.938674186001232
4.591514292604856
4.213565287715903
3.7191955962513346
3.2908462504789258
2.962582755413606
2.6538463637926486
2.3700849411417013
2.0596573688764845
1.7653167453049037
1.5223589554458872
1.2734897574716513
1.0285206254761956
0.6940726389338417
0.43425079914903725
0.18985340477706636
-0.018130073848704163
-0.19801714960052064
-0.3494426458174232
-0.4975907064836108
-0.6643270532397562
-0.7273817858976053
-0.7031407146876884
-0.6633062248085096
-0.6699748719986228
-0.6236798146853102
-0.5743238491553572
-0.46982691799461895
-0.44382387247089927
-0.4494645460404327
-0.37637222132633524
-0.2938436353065606
-0.2101199221325489
-0.2014010509311536
-0.22768527478416992
-0.22585634722877618
-0.23567743244327827
-0.35040364180093553
-0.5283817020491449
-0.7158271476545868
-0.8964954110249131
-1.0917848029663668
-1.231118708295916
-1.397375471043467
-1.5243199296799765
-1.6245176941960962
-1.7619336447760539
-1.9754949812587224
-2.3013749701983435
-2.49919759152028
-2.4533084283778543
-2.1472236052430693
-1.7212989783322832
-1.3863160132847245
-1.1037152866475968
-0.8960389347373703
-0.6740468136034927
-0.4196475142670318
-0.0913021139364439
0.25667612706562326
0.525232654354122
0.6269845932479134
0.521041282105151
0.3003361303575208
0.049310584137704255
-0.19319898203415092
-0.49075249149097006
-0.7764232738113555
-0.8907981679185347
-0.5569161404189582
-0.05070543650338177
0.6583167974996527
1.6811315818168715
2.632942480350585
2.8693405580196356
2.508367104749368
2.0497810805797365
1.7434215206443273
1.4157926616963334
1.050152711357695
0.6593648253676758
0.3468953501875007
0.22322920842076346
0.2178040398015187
0.36409224342644975
0.7411874986818847
1.2934111030662216
1.8809918095293263
2.350172079606139
2.8323083675813683
3.3165157196768726
3.820882702034373
4.293336239367674
4.7321518987669515
5.107744699839488
5.418672378651839
5.676226112564764
5.8258682919875815
5.880763313811659
5.7860285405680045
5.609453092348544
5.405748158762584
5.146787963308052
4.867849280896893
4.512075202318254
5.595902704974754
5.686089620314716
5.803987854252165
5.824686654685221
5.698966171674519
5.449769425431953
5.017950492295606
4.574768724880436
4.1288823372740655
3.746892439374839
3.3770883563976937
3.005661444604522
2.6117347025781568
2.3231387636899417
2.0863045999323644
1.8808648227626181
1.6320632130347752
1.3527425617696547
1.0769129397548893
0.7648462200738172
0.5212832531625218
0.25286125957315964
0.021381363563680526
-0.2026508351497546
-0.3742971141530713
-0.5465111965201265
-0.750455561960464
-0.9013071113634137
-0.9006766675583434
-0.8640098513427003
-0.8401633141480652
-0.7717182786544243
-0.5915893852844948
-0.5786957181664008
-0.4810678053526967
-0.38588079173380896
-0.3119117513223945
-0.2566053946135015
-0.20664783777815
-0.12890083747880648
-0.10996930811619551
-0.13351493967148084
-0.19437929649952315
-0.29335987219384974
-0.437396086507942
-0.6188605753761912
-0.8224686163149039
-1.026745773974899
-1.1876208123661565
-1.3794867683666234
-1.5309367526076476
-1.7080487240216689
-1.8365103741865358
-1.9343425051651235
-2.1064449762005064
-2.349986311182638
-2.5289239918124267
-2.557284826259477
-2.30001927193452
-1.9200267675778697
-1.5292517933153142
-1.2142353276640967
-0.9678226337969313
-0.7224606797296745
-0.36514574768765495
0.0906556767941874
0.5298257111570999
0.8260464356461419
0.8848051259720986
0.7454508414018881
0.44971313101732585
0.13750504625125026
-0.16969494216396502
-0.5193435652333589
-0.9557400768443408
-1.175561403409705
-1.0398089145160934
-0.47394213952280295
0.5234321112362583
1.6713996108494282
2.441508311026405
2.364978773885067
1.8480754263425623
1.392602728362075
0.9934929709488107
0.5708226457994031
0.1398483427665952
-0.2250854599767834
-0.5138135435430309
-0.6393837845478156
-0.47678861486230933
0.17310948184228053
0.9812937602682823
1.5256619476323696
2.017032832706229
2.550714331912221
3.1137700569576614
3.6497193618907664
4.184860610075624
4.708028712591047
5.194815227113139
5.656050947969341
6.019314684416891
6.318447992304873
6.453713883883764
6.452033650608263
6.274728535989436
6.03784357609328
5.785543876632218
5.520385613324716
5.186324546572424
5.99689400749321
6.1730454207830245
6.335176440132235
6.311192701009427
6.089694110880943
5.764902575713272
5.154633858304765
4.718894966791546
4.304977312497047
3.8315766533170836
3.3242700671642145
2.9296003167008626
2.6266773482320636
2.4067687138893015
2.2038059940094414
1.9899437212357098
1.7500163619895404
1.4913145828731253
1.228942241213708
0.9457285336673468
0.6173537174526658
0.2633811361424465
-0.06605960523040161
-0.3215823089647601
-0.5299092054085676
-0.7372510628827353
-0.9702533559661616
-1.097323856533603
-1.1007680770847836
-1.0932388124292787
-0.9748504273494666
-0.849583653625103
-0.6933746411617715
-0.5632798814013996
-0.3818537275620789
-0.3288777450943721
-0.2200332684531032
-0.11751427152399613
0.02240409311909663
0.0472975707149453
-0.010346895095159738
-0.03221092976887458
-0.0759341403882433
-0.1669644696893517
-0.29923917864061933
-0.5095131816988179
-0.7213435506220063
-0.9256339348066395
-1.1191731172245984
-1.3217158369583675
-1.513679522308285
-1.7148281931335008
-1.8819428798352644
-2.030773107476765
-2.105942979778922
-2.1822074746925133
-2.3122519894555493
-2.45780233369167
-2.510366015074164
-2.3417947891727153
-2.0176642577727932
-1.6138910749026174
-1.2518686629178597
-0.9410350979366703
-0.6296124388616424
-0.18035385691360678
0.3883197775297076
0.7743099948272577
0.9423006580775366
0.9001293305453665
0.7023289147072808
0.38679585645492526
0.057974602242063376
-0.2758586350786307
-0.7466185365529715
-1.3154323707186386
-1.6573594727304997
-1.5184346706524905
-0.7827017444723956
0.4182982831834365
1.6348652428484747
2.0858843320976352
1.722904491715494
1.2172073806409847
0.7427371797597011
0.2064872920573781
-0.29270905402873426
-0.6848546384211726
-1.1111130839196892
-1.4954834028867934
-1.2758746008518433
-0.21864931705870758
0.7611669307413224
1.3430299072425793
1.9263462133690663
2.4947983288171636
2.9745755577111543
3.481155965512197
4.045141821327611
4.587636598413787
5.118172761176123
5.671232814373978
6.220196875888015
6.67098528891136
6.97023694972337
7.057095886498962
6.938779689449671
6.698881558981466
6.377513353154238
6.028740326965961
5.7310617573310845
6.653989376371438
6.843459698390446
6.861867983156655
6.625419943107571
6.29115154123229
5.870078048992046
5.298104355385942
5.098158708048473
4.645353264237373
4.127152656865714
3.7259265914325415
3.415298155151803
3.0997272703933376
2.7539066758477193
2.452251608200865
2.1663745460983423
1.9047798327963958
1.6140990150055479
1.298540276391845
0.9637975952852026
0.6233415684147252
0.23766461112652948
-0.15902291495932402
-0.5124467813545116
-0.815786211611679
-1.1125478971416083
-1.2694263147796891
-1.3328825750060724
-1.2908506275192422
-1.2320176165808054
-1.0998265999246297
-0.97047649951832
-0.750590224857961
-0.5750315264025672
-0.2974394919243922
-0.13171721761692526
-0.1092520381126819
0.04742888726133972
0.17899265474972223
0.2163789742785379
0.2753156580575106
0.2731519064596468
0.16752702537187544
0.04816045605663753
-0.09589358494859866
-0.33728328482935244
-0.58230672841746
-0.8382536371001896
-1.0831882029958453
-1.335082630927469
-1.5129642342763934
-1.7033503612663334
-1.8756600068526397
-2.070935059660103
-2.178482272899989
-2.2383947607241392
-2.2674715637854073
-2.3221265001337446
-2.4033246699780633
-2.442268624445938
-2.331883565521492
-2.086166898040473
-1.7034909481639577
-1.3356302178788462
-0.9410872182928458
-0.427469423136017
0.16029036132940633
0.6521864839405593
0.9109850078605994
0.9437938048455468
0.8147343781549575
0.5857964648709979
0.26997868085556015
-0.12140629403116826
-0.5912979941784049
-1.2051741463757522
-1.8330804594747994
-2.1225679984473125
-1.8123085819751064
-0.8653460454921585
0.4793585459572216
1.4649386742200579
1.5202056230161716
1.0666776042141877
0.5698178856993825
-0.050374587772760736
-0.6485098686379172
-1.1322687364076718
-1.7276131603879228
-2.316616394697946
-1.9562325071712763
-0.6763181764431041
0.36602135967512506
1.0911824698792638
1.8856612634223324
2.5288815285055266
2.9840543485595683
3.4169649750270743
3.8755258640216375
4.34733477029075
4.892370346244455
5.506619153644457
6.1411085596194335
6.756387109487292
7.2671773537594
7.559845375123907
7.554897224248785
7.378131708713317
7.123740299777751
6.685317400960052
6.15989270610577
7.387402615054355
7.535291233264691
7.314739143645785
6.822034923245033
6.382347888742187
6.057025726422747
5.681092600495187
5.545292714745787
4.825448543790285
4.332569402430871
3.939139596099323
3.5093204549509966
3.0884841261378497
2.7284307276922486
2.470515735583655
2.2379467736289005
1.9519605204629513
1.5815230570075942
1.1345791738457058
0.7247197629965872
0.3525840196335073
-0.013688290923156793
-0.39034039112221713
-0.796968771138529
-1.171374638643668
-1.5509316287813355
-1.699001570277503
-1.6222430598530013
-1.4961579171545836
-1.433878135458485
-1.2086084155280443
-1.0525567217439133
-0.7384291842642212
-0.5566044805626523
-0.32139689267177757
-0.05871145015351696
0.17340278554699762
0.3938049962644979
0.470953308329129
0.565041440753843
0.5895983424949924
0.4730884172838797
0.40078235135792056
0.2491908682593187
0.06795331383128252
-0.16562217285403202
-0.3800991590294712
-0.6164313610658988
-0.8468730434358194
-1.1088857361320135
-1.3165123974200172
-1.5430538009680115
-1.7206642957344387
-1.8991574783545286
-2.0710011562715622
-2.2136600957657864
-2.30234648039784
-2.354894210542301
-2.377308101655096
-2.410415091098013
-2.432144964367532
-2.342170395318123
-2.0935766993673797
-1.7866806777152109
-1.3584853279307725
-0.814901208109159
-0.2071187274069418
0.37463063314535666
0.7353438871048122
0.8563151848989944
0.7894737659247023
0.6393799308368536
0.3917723724931162
0.000609862889947169
-0.47389575173312537
-1.004679394953278
-1.733816623875155
-2.2670634166423578
-2.322247041871853
-1.8297900772985696
-0.7507299283001412
0.45780841591766114
1.0516638453593978
0.8763390426711904
0.4242776530704925
-0.1792771139095779
-0.8851358639383408
-1.402508669170032
-1.9805023834649507
-2.862975622845836
-2.9423421872266196
-1.646544194122314
-0.3762020189911869
0.5178760658186023
1.3553173197355373
2.1836273940542394
2.8914219327514172
3.3831081582397524
3.78592331777613
4.256378115614784
4.7845271945250625
5.348310676940498
5.956404721409898
6.57359391585896
7.230618095549325
7.795972346589306
8.088451809920866
8.02610579597573
7.752240417261092
7.379301421748757
6.833243239733992
8.020612981164756
7.854660161308276
7.266297017027644
6.836725767265765
6.668903090146514
6.681304461231766
6.633761242049139
5.932474135044746
5.2109164514398625
4.662491847010603
3.995365156525663
3.4295401998492485
3.036018660938937
2.772991854743263
2.5552180761499255
2.2907220705401428
1.9391768000674043
1.534850436409743
1.0294597712462086
0.5314018381647135
0.06489595045161568
-0.3472678619739905
-0.7390789049085223
-1.1723659467639325
-1.6202187691934384
-2.0095808993545994
-2.1444148767501834
-2.0274008267803216
-1.8560699756051877
-1.6037350953208875
-1.3316498301784228
-0.9908806018485342
-0.661017041189783
-0.3188520768186256
-0.0717686273860299
0.25763646484952135
0.5727791728399758
0.7378987796911176
0.8850071717850914
0.8423980553392869
0.7491861032704438
0.6586259713978823
0.5564894962174507
0.39240032161004385
0.23964794214748275
0.07325789993238661
-0.12363825745980535
-0.3161744356856717
-0.5089873518041307
-0.7522999599433624
-1.0160298405795947
-1.2797828356428482
-1.5415414363511588
-1.7739693150128304
-1.9812854812923326
-2.1701496280770245
-2.306325734630557
-2.3986298609796477
-2.43327460157368
-2.446993767902796
-2.4570151184738975
-2.414685925912564
-2.3195616162228947
-2.0973133380085303
-1.7537553309003515
-1.260041104448793
-0.7032526165036883
-0.06038663109167069
0.46403057856973956
0.7084873194583461
0.6419692910949437
0.5162316127853364
0.3425808416163714
0.09249117983361954
-0.21824887208251292
-0.6822236073710483
-1.490791538987847
-2.1907166317745723
-2.4362876445514043
-2.3480467203667317
-1.7421374039903057
-0.719416003590453
0.3417182487999986
0.6927989715320327
0.4890718746712187
0.020732873433009367
-0.7362599916705487
-1.485341702748666
-1.9259589625376388
-2.402834633908386
-2.871418636126073
-2.686295798538955
-1.7486433931547976
-0.3374657943131404
0.7147836581167647
1.470452328595099
2.259217136771146
2.945657081146174
3.5680409622359597
4.175368512016869
4.736593877911699
5.2570434027054285
5.77459575498451
6.295840841754345
6.982599519987788
7.774508164210336
8.430092980597024
8.629256529510414
8.436956709701349
7.961413267199838
7.4070735644745085
8.46603479985254
7.873673503380511
7.212656192996239
7.204370709238448
7.442222110870515
7.57385207302491
7.08656982642864
6.196316469330759
5.398671955999863
4.625265168048748
3.8626295370842665
3.3421693907351027
3.0749245539497783
2.7948777065023935
2.441452136037769
2.1099409816503036
1.770536884225015
1.4441726031108224
1.0057244178384726
0.441337935112591
-0.1445736464622265
-0.6132229087548781
-1.0313992517361688
-1.5034309475121268
-2.0380326285218486
-2.3915760985828505
-2.411135376182627
-2.2523409224136492
-2.0880572324287203
-1.6618677935139605
-1.1424778864275331
-0.7414293588798729
-0.42413983852600057
0.010540542232565881
0.3882493106326929
0.6225896275751909
0.7824368664721203
0.9821674792001046
1.0247138712227355
0.967451199836871
0.9284718565665928
0.8389848643326631
0.658633106737905
0.4788227661184814
0.33704287699915003
0.19408994223979417
0.026269406166090328
-0.15019059614669852
-0.3414417853473883
-0.5365033313945555
-0.7432860650239363
-0.9940012894939357
-1.2247935817687434
-1.5013108935407853
-1.787313484495325
-2.0464121653644427
-2.242423912121468
-2.362667890694402
-2.4469103439067363
-2.4579515493225474
-2.451021841923604
-2.4505409905477933
-2.403112539026574
-2.291358414423867
-2.0932765923352865
-1.7248880983600028
-1.2653453536937682
-0.6328033831534321
0.04751178646916909
0.47753541764839735
0.46544553413636264
0.2777250299917675
0.2413155267303836
0.32782724676147157
0.188474985308218
-0.49248070551520845
-1.3935453147717802
-2.112539939335059
-2.5429329311446245
-2.648362548398282
-2.1971207095532908
-1.551769307409288
-0.45341829223377683
0.20197672088536148
0.38769069206592555
0.19431796787177333
-0.39857502651213833
-1.1518864876459005
-1.9341172810078275
-2.179223810250149
-2.138146585576785
-2.721576631052183
-2.8931438856242755
-1.5026656774010774
0.15791267032579287
1.0800042094047353
1.742155848685415
2.5153597900529086
3.3663759883617357
4.137510312255423
4.768886054452754
5.26216716376862
5.6915357409493055
6.14455917535197
6.753326218138086
7.670354621186733
8.589114166217268
9.10652154275444
9.139275323665784
8.611675944263661
7.869396021587575
8.68608627128756
7.879146572099861
7.652363848178378
8.032261968970797
8.262798905760313
8.066999728075954
7.308685980366915
6.388415835983246
5.434096186946892
4.420016573994114
3.6353156051112236
3.0784547693317177
2.646879282345125
2.329046235719466
2.0571998806289113
1.8277583791951217
1.571850885092873
1.2182301267102964
0.7946699386813016
0.19680433595165867
-0.3653339922181552
-0.8560221250070692
-1.3047409075517704
-1.888450992426005
-2.3785527035821925
-2.622995763166138
-2.6002146093605503
-2.429348907032378
-1.9949947724976402
-1.3794957013862728
-0.7568535330390305
-0.3030281052151596
-0.104165654457195
0.28849009836494843
0.6283636174722063
0.8399504815043277
1.0194020923760179
1.1061986942540702
1.107230063070967
1.1448175471804416
1.0491449792982737
0.8828133569660672
0.7202000802175914
0.5541408076748132
0.42472566765182573
0.31404638411054697
0.2451129437122712
0.18092395413854528
0.07340973204874965
-0.06924954733007417
-0.290239511062127
-0.5636223296448054
-0.8345229040180665
-1.114580749079739
-1.3771011537208588
-1.6421575123281946
-1.847278735823652
-2.04968360489283
-2.1788374278081304
-2.301905292608172
-2.3461353638411677
-2.3879137705696096
-2.38490781976194
-2.3670689762273605
-2.2708598310242274
-2.0751115231508352
-1.7730359322592024
-1.2424411553269108
-0.5763222833313575
0.040713316027024854
0.2963668726168782
0.2979863867031592
0.3458777323723763
0.47318933210387315
0.14809878070320556
-0.6048270774140241
-1.2795149290643795
-1.9291891568174344
-2.6176915651198427
-2.668548530452906
-2.49933636467864
-2.2078130856612317
-1.1365468864123474
0.03615478620857946
0.26070478783889633
0.015558522453000628
-0.10499233298108218
-0.5904753228419847
-1.5713473462871994
-2.4300258906171925
-2.470353220373368
-2.7323174990694947
-3.286670991111296
-2.446985171935123
-0.6718707489841269
0.726288523162327
1.5754028287310835
2.459226589217215
3.344707092433381
4.092400151423839
4.70892152404012
5.298241989455579
5.777850869937427
6.1621312670755435
6.750336437568452
7.65240427274808
8.713857495222808
9.54489133889634
9.839050350218699
9.33343788658248
8.32985391922249
8.811097168286492
8.079472636384512
8.353159979558788
8.936844532899473
8.948219799536384
8.501730995499788
7.616798643929914
6.518325194255492
5.468926948315796
4.344425992170931
3.3821951289177927
2.906988259441308
2.470586035338731
2.2130818454574896
2.0215780995048216
1.821008072339116
1.5260996158225724
1.0617160523818743
0.5574307555561583
0.015341855348940506
-0.5490618205374467
-1.1458212374592804
-1.7569354998013733
-2.2861166796077024
-2.6523531872818507
-2.7142077507352074
-2.73182319073508
-2.506376754903521
-1.7710577008269137
-0.8652941178020866
-0.33215072422609454
-0.05250546507726304
0.1964350181615823
0.5085033144894001
0.7050578679239252
0.9225671053079157
1.146328286433025
1.2820381247136177
1.3561293761307025
1.3187127441348923
1.2227899933066486
1.071758935702321
0.9411001524420285
0.8239539251333197
0.7234051782518384
0.6301747318478572
0.5689521745855097
0.4933880488180576
0.40391725903153813
0.2557078768114151
0.06541966397844542
-0.15215665216855212
-0.39186250854669774
-0.6544924260009519
-0.9531385013429701
-1.2381942257397818
-1.483684502742731
-1.6601746011104541
-1.8293473939963487
-1.9767252257262315
-2.118943960497376
-2.1938656234963205
-2.2866581314117647
-2.3420539990800755
-2.341366014339213
-2.307619586017426
-2.1225787609688
-1.820580253714212
-1.3012770792169033
-0.5569110706058508
0.1512927765094594
0.5097903228617093
0.43926868209091235
0.02382172689444392
-0.4698861288694836
-0.7716182455346919
-0.9911874117687243
-1.469959756345067
-1.9786139754188108
-2.1943933909738673
-2.662457559915538
-2.476122536335184
-1.1618965739502902
-0.30305215058073753
0.043968822167920966
0.29528381482301286
0.38187828367560545
0.25108717619917603
-0.34392437668551834
-1.7577658356027839
-3.0523540476998616
-3.464332826464129
-3.4151088324115113
-2.9095345371287276
-1.5967834473586584
-0.12523684837085045
1.2059578205202457
2.4612929799311805
3.4213671202917566
4.114106452446042
4.630164417710737
5.20715253277824
5.856782829681418
6.285164863173749
6.814092489259644
7.711808069149878
8.942363283871776
10.00105213458508
10.452481756732151
9.898068525915017
8.70694922357856
9.021345645976394
8.528304413693387
9.094862123872115
9.760837788272445
9.627168126890325
8.790567610998167
7.380357382447822
6.182622148495441
5.1533980046690155
3.9211741078773836
2.858405297410923
2.529204459970891
2.449912592147115
2.1798504007240167
1.8448919946808822
1.866126333991458
1.7235981145331007
1.260427086070153
0.6462110743410652
-0.1269917129147558
-0.9123593690379422
-1.593177210040682
-2.166600448274093
-2.5722329815912097
-2.7160728605442284
-2.7851127642743347
-2.7366479729331865
-2.2408046684820535
-1.5611040488962051
-0.7278448548935237
-0.2188978960182219
0.16850154033591735
0.5005524507110448
0.7641082099451766
1.049836897046961
1.2101648002279415
1.3784394383618928
1.4945327495366802
1.5526622839285755
1.515582607825638
1.4399920366183296
1.371956507516512
1.2532538682825158
1.1677970281425054
1.0411616982035168
0.9326769164918078
0.849914349287375
0.7466251867122102
0.6276535194399475
0.44749377213764474
0.2551241210195447
0.06700915643820374
-0.18288478464470165
-0.3998579555744048
-0.617455206402966
-0.8190668071216674
-1.0146165132263278
-1.2035360871320109
-1.3807016485446286
-1.51396263019227
-1.6556834908807083
-1.799888513602984
-1.9587706117615855
-2.1193108173688877
-2.2768617533430984
-2.3826669265148284
-2.4173121712797574
-2.3098605064128663
-1.9404377130206165
-1.243596983817443
-0.4090099522735604
0.16603098079519055
0.10856533805887292
-0.321462525406198
-0.6705990389402389
-0.6017816635859136
-0.5354456580081364
-1.0046736423898566
-1.5198506088289985
-2.315112210494928
-2.7291523905317723
-1.47285469589368
-0.5414844235580842
-0.7404270511759952
-0.3467587254164927
0.7825545669474732
1.4634382997494155
0.676594022513553
-0.3467050421768077
-1.2337650700528884
-2.6145667729008304
-4.011899673481315
-4.287744302305408
-3.0972873377405854
-1.9307357459938428
-0.949336257230736
0.655957254390904
2.2536508930985955
3.4296983612567544
4.269075459568
4.859306548940317
5.5014488573237745
6.135802881312053
6.59214861067298
7.0308668997274575
7.945425798985622
9.266354020796216
10.527315267207154
10.956701217416036
10.186773732880084
8.823673347163172
9.325711988791639
8.97830397609767
9.646717381576263
10.175955806313999
10.074837795224767
8.92430131584848
7.082206642528833
5.563579453686299
4.715100620760545
3.6306646577442825
2.875194583518581
2.2606965337450293
2.172911486607624
1.7993265353968393
1.808824971505099
2.0493577194682837
1.9560781080193939
1.4253975013015745
0.6986349826824003
-0.04125989333018327
-0.8919455210976667
-1.6721114811836184
-2.2365926225199595
-2.539512938121564
-2.6503296617932066
-2.681140513458981
-2.565602416860037
-1.9672321340539236
-1.1893774716616412
-0.4607149672056442
0.038855052332695164
0.4461508622749299
0.7857010842864712
1.0923521726261318
1.37339426043935
1.4905473939061742
1.5662641575582654
1.6037221589314976
1.6254014574509654
1.668290347140586
1.7899486508397768
1.8027015685243817
1.7725831705218549
1.7381138690202136
1.6715775098783336
1.487406922820622
1.3289927038958456
1.1462280732779584
0.9308978352770039
0.6536037157539755
0.38576497750433386
0.09249643292300372
-0.1217377970099831
-0.322828183559643
-0.46642792265104077
-0.5939197188259836
-0.7214923728975787
-0.82195530880511
-0.9416560750064706
-1.0875907733702235
-1.2742547196389813
-1.4673385844883062
-1.6765204318456441
-1.8585297756524295
-2.0536281628867075
-2.2455667861532422
-2.4326692759799937
-2.5942655126831315
-2.491231538392039
-2.1238678810506997
-1.5429535755102632
-0.9816330044542945
-0.5432349954684831
-0.15675305651804874
-0.061724588608131556
-0.18141436485071968
-0.5363015712986162
-1.1712652861636332
-1.5182511446204587
-1.6765087572748938
-1.74329182605254
-1.041836401478258
-0.9531905409804237
-1.159087698330934
0.0789168748358764
1.639918301295196
1.6203067592492444
0.4707849201244944
-0.5742400308355886
-1.6431252695761924
-2.817053449690463
-4.117993349191345
-4.483058973784583
-3.689240925118456
-2.8861289244680943
-1.4065447798479802
0.7056164128521705
2.197274427657343
3.1194552704101777
3.979828149397356
4.921006256647063
5.750876016176058
6.469358307247617
7.046026930649375
7.598687589098157
8.721040081253541
10.077990653364525
11.232963275402573
11.250615722993945
10.163348186890131
8.785207075177032
9.448256925897137
9.171464970145859
9.610214796104005
10.236621184384482
10.389101804711071
9.068407346187811
6.974412378208704
5.376783810199915
4.718377835643834
3.7773129053306578
2.8835280399685375
1.9713639193676318
1.4339918551241324
1.4615226482622092
1.8745688864818262
2.048363865377462
2.0754432502984814
1.5344974431667702
0.6273674308639828
-0.1439708231411149
-0.8640718437453505
-1.5249842208386557
-2.0701498617873235
-2.4515138947317814
-2.508205935878196
-2.319584859528346
-1.9806915636771587
-1.2940251701289431
-0.7510470606223838
-0.2324465089596347
0.2603929698269949
0.7166241870699939
1.09881976419287
1.2821890951270747
1.3109241581450708
1.3861431816415999
1.5885437415705495
1.6930663139181135
1.7815347555277035
2.1176453749103556
2.4132300532190634
2.3485964727919937
2.3175452398827745
2.2326519391810438
2.0790611754892057
2.104637935807156
1.9986973291654098
1.8451632435439527
1.6877632671965417
1.3808421519860965
1.0260847830377489
0.6668532606323022
0.3069056855235797
-0.004622586380431646
-0.27459442511690557
-0.47578833738991183
-0.6315780508958527
-0.7486726370584931
-0.8377009629608421
-0.9510759675077908
-1.1054666222729543
-1.2765838765455004
-1.4658043600670947
-1.6877617596937533
-1.9192566491473961
-2.115991516391328
-2.358308955094184
-2.541009915875075
-2.6437305803382802
-2.749719115948211
-2.77497365480064
-2.524115362346928
-1.8101613378370236
-0.9144328020811616
-0.4147283006901803
-0.5542592792524474
-0.8362897245240294
-1.025334835931476
-0.8566166216219172
-0.6213972476453199
-0.7123467827384384
-1.1002196834486944
-1.8488786763161769
-1.2473641398251984
0.3520435792912674
1.4635125365073451
1.4770722552956792
0.7834918780763611
-0.2795024074830115
-1.8401096593978816
-3.623693579871229
-4.558598191644648
-4.450841212677728
-3.8609399614710265
-2.5647662545336183
-0.5320076032972063
1.248145561979774
2.2133107515420343
3.058050520041776
4.259247605762305
5.462708017109281
6.337384751526119
7.094281211578672
7.6462080892531485
8.478650085617293
9.875765310950484
11.47404325152801
11.996029596477868
11.30571122403044
9.980612128279542
8.920204755178439
9.418221015001548
9.035861161272813
9.169824189170614
10.006670112023135
10.76582111710533
9.438124574095923
7.259699055975367
5.558854426927864
4.874268583579042
3.787910935395012
2.1451126348701552
1.1711911243960653
0.8777193246269047
1.5600032320599702
2.100925664015551
2.501953875602184
2.2956556996143145
1.5592492252106327
0.8366384843594323
0.13364611777077054
-0.6163056721608312
-1.4503901573821978
-1.9945122115084528
-2.268906162061441
-2.138575602533679
-1.8854871176305474
-1.3246470437420412
-0.9838778926962861
-0.6200192393310952
-0.12816058279172232
0.290705869903931
0.47020123321319424
0.47021373778973025
0.589341394293529
1.020215658766895
1.580309933232184
1.740720518589093
1.5098611111375524
1.6411797362179823
2.139684241267625
2.3611210520252475
2.2707675303820216
2.659141505322941
2.634080755811295
2.2808710778627406
2.4749843834821865
2.6774585878751718
2.5347927999493756
2.3925263486097403
2.2099157863223686
1.8725268549022134
1.4962020847403534
1.1335826192384018
0.7564551923491386
0.43530125135543024
0.14289434888210256
-0.07788518645980862
-0.24834455811352685
-0.3945428791866166
-0.5821207054533306
-0.8086084829544439
-1.0497053368127134
-1.3136465865364295
-1.5782879024008605
-1.83452907235616
-2.002746691870096
-2.2600242192086664
-2.4190174042163366
-2.68249755799562
-2.9733849031859396
-3.241622493914017
-3.366559644410825
-2.7529806076388534
-2.364700010465603
-1.7310545170952414
-1.5248199072858561
-0.7395721767424253
-0.2828567616346256
-0.3502837661026652
-0.42887549286608145
-0.9392623058709324
-1.401719599076616
-1.3437528179160516
-0.7696668937457003
0.06203061426888658
0.8626599981076529
1.2544021589294578
0.5969379897629583
-0.8126366266991437
-2.585800359959559
-4.259901275779562
-4.524151263640355
-4.231692191971257
-3.421219846160429
-1.6725091524923965
0.5465305161311528
1.6167359420765517
2.0162867378574085
3.2373217270491863
4.885321867847555
6.262800141387542
7.307183430937989
8.031832137525823
8.747731363167977
9.819105929115942
11.4575329822506
12.51264679083034
12.063788083704255
11.094211355143738
10.22435733335146
9.291013201546983
9.33222060537601
8.656261959350559
8.572065605701727
9.60883130975442
11.092549332349199
9.899241248324072
7.549010697802291
6.10583251738484
4.510183525649205
3.158431740397597
1.8772668915940252
0.917567654529893
0.8063051196411927
0.8088927289116358
1.703375184673621
2.932290460396549
1.8767869932770092
1.3530661455148187
0.8518323842779074
0.45427432768989257
-0.400304070663545
-0.9392775592166883
-1.3053377432007316
-1.6892833523785442
-1.7882399773211073
-1.6754881420545416
-1.5096465979938196
-1.2452361635397917
-0.9328805392439171
-0.8033968853784367
-0.9000948018642261
-0.9136193485557818
-0.4883810280758836
0.07699833106335877
0.6328717214022797
1.2364758421786222
1.4661657637104377
1.4260924828968853
1.2590645199551453
1.1864697762920509
1.5792628424041708
2.4242412260967297
3.340140211625382
3.723335530907403
3.4336485083540778
3.3192257047988725
3.386435813960386
3.3990265604739025
3.1629479065488435
2.8522482937351747
2.6056688080243102
2.383496206036725
2.1825631617800147
2.0305888316863063
1.7757895040675715
1.479870906561592
1.1542625697334605
0.8093742422845849
0.4852829490820725
0.15151164542002704
-0.1751927266303397
-0.5317216800618672
-0.865953240992571
-1.2087393917530669
-1.6323232411779907
-1.9551308475277995
-2.2721365540702743
-2.5150069520945784
-2.754002003439302
-2.9507449986279486
-3.294661176455148
-3.4897282729965333
-3.5498263463753927
-3.33164333805016
-3.419508885750944
-2.6271906081094953
-1.3842975276140506
-0.7900124246300634
-0.8305218352765203
-1.0838765126079828
-1.419492628206718
-1.0775816725450595
-0.5179255051523368
-0.15225781078462775
0.29806120474521974
0.6502648162208615
0.43952716712498185
-0.6407791546766581
-1.7911897728970583
-2.6902726329346613
-3.502344449839672
-3.650395444039464
-2.9990658745759324
-2.2338428874029095
-0.7075278661911537
0.7492617925279852
0.9585699560640003
1.861218976803365
3.8461353437841
5.833356703634663
7.463092335587457
8.416343935279768
8.935252880971197
9.750645368645388
11.265226530919676
12.76007493244053
12.716845340395896
12.055899985483565
11.522249193966038
10.665548077352305
9.639272808870047
9.859174471070034
8.800554293396171
8.223457336754556
9.178401661228257
11.189230904053268
10.391983082579392
8.039909435309525
5.938752586402911
4.246487214206132
2.936552143591982
1.9144051485200069
0.8671425485994122
0.7661458585794704
0.7867944202378246
0.9424559848143689
2.3233682845252646
1.9349146592230577
1.488860054300743
1.0097872400898475
0.6678600199459076
0.09058033021289683
-0.7538725080499228
-1.2027192854087323
-1.576455128361524
-1.779614791070017
-1.82383212067558
-1.9654088968508947
-2.0632160832246673
-2.2056727287165883
-2.361094651148516
-2.126795041028324
-1.6629709828845085
-1.5337557367556565
-1.1574921894523829
0.0681263205712716
1.039760331597519
0.9845754630167203
0.3560145751384423
0.8835173032486505
1.9389814687280864
2.91348558835895
3.156059752344625
3.3628869485027306
4.316938915533168
4.020271568560537
3.8171333753595436
3.873164670900589
3.5451759948202266
3.4187276275212497
3.279634790351168
3.1429394209822257
2.868546312848279
2.56044555424963
2.3225587794283724
2.1895086292004726
2.1383999320070224
2.142980853039106
2.1183595248081697
1.9775059267267625
1.7120568222982273
1.283132668283645
0.819169621203796
0.2406887934025022
-0.332439694565315
-0.9615220651554236
-1.5667704686159534
-2.090769118598782
-2.5190761681473446
-2.964754177982919
-3.177036549861609
-3.3166527842445235
-3.55464990948247
-3.818805499608745
-3.9754658640011784
-4.323476510300355
-3.747164835070608
-2.839537176052181
-2.541866558923918
-2.2287399360561793
-1.8403767280128145
-1.566880374921105
-1.0971009403580874
-0.34680038336958213
0.25154206578525706
0.369601475289106
0.1661729104892577
-0.05587661993941467
-0.6633926943179815
-1.4395541722191674
-1.9567749693224687
-2.2880102989747804
-2.0700629407984446
-1.7826935357769607
-1.6039902238558823
-0.826646013213931
-0.40436088138496457
0.3077788797819764
2.333023551119903
4.806937999090996
6.9128194904033355
8.385534573505211
8.950180198532092
9.408219317362612
10.992438935093183
12.701542952508882
12.924639797933139
12.575300376117807
12.24155373675536
11.534451783436989
10.694506078674438
9.774478529941035
10.691910784962172
9.960835584423865
8.767528309679143
8.95521651768692
11.016031049662548
10.812305020887313
8.839146348826127
6.512771409066767
4.498091034269201
2.930050438871449
1.831878502663294
0.45295237858309445
0.414529553196301
1.5131468694443257
1.0632563173417409
0.917160019942007
1.13001621885517
1.1160065847932286
0.318126072425901
-0.038558195378380615
-0.27721455343196466
-0.9412117047643486
-1.2864102030571918
-1.6224950567567356
-2.2506420991518272
-2.707656117980793
-3.0513207976984864
-3.374102406045158
-3.547842950243492
-3.227239868609815
-3.207044782946787
-3.42374935113758
-2.67675445375565
-1.2068619935342957
-0.35372425794593026
-0.21822264155539794
0.10044344805438706
0.9689919743937406
2.0834523096841493
2.279466295464464
2.755943601726783
3.8706455436352485
4.1385994659934955
4.154092595055291
4.038626702058324
3.837573568418776
4.424567899133232
4.584905530979133
4.153139899802315
3.8675526564593463
3.7835309492178317
3.7713838109000544
3.7547710012170716
3.48005037450777
3.068306565002342
2.6854141961188103
2.325126210587609
2.1111018340399954
2.2529447349643914
2.4344360804555345
2.4506165976593524
2.299961119536617
1.9515584170887759
1.3898308794243655
0.5692415758825345
-0.40818091778841953
-1.3617888323069052
-2.158658141811942
-2.853346092740997
-3.2061387758291855
-3.7111777263994283
-3.7838022811592147
-3.9431637888425506
-3.9450366583560585
-4.350859603806824
-4.098457220976345
-3.9450552504075893
-4.132264906009527
-4.225051722296624
-3.4642827258855053
-2.9302232527343253
-2.4712017891265887
-1.745945705706616
-0.9887668810733865
-0.4156807447634967
-0.49764326710973095
-0.39631218319827055
-0.35634357216699075
-0.4927981392841336
-0.8032969950236263
-1.076575824098617
-1.2462502576342953
-1.3294126168991869
-1.4856473243015043
-1.5819734919281931
-0.535555765132759
1.7713167525527318
4.219270201976093
6.444265776671268
7.882029950166805
8.597355160193974
8.683095398636985
9.900850950225156
12.165126089368378
12.879851077488691
12.512410972713846
12.261457938504053
11.877501410410064
11.257874776889253
10.521597222968367
9.611911391504533
10.833797987259459
10.431767224574962
9.630521915778761
9.253690756881776
10.318884331807983
11.044031755551316
10.0453350545178
7.613693354573088
5.167460925212748
3.093200633926505
2.2233725447579094
1.1165261139338438
0.7282254991580271
1.1840137304808263
0.47034364436657
-0.37948094925179127
0.741657642458384
0.402404937476169
-0.7884897034599013
-1.2030698200324697
-1.1739700500959862
-1.4677235182373383
-1.9797403925421975
-2.516988299331546
-3.2371161818646534
-3.845713337812085
-4.280981987852469
-4.609018140927753
-4.741032777240109
-5.101788605443114
-5.039207497678055
-3.683302846167396
-3.055274963347278
-2.853054876040124
-1.8300589893325638
-0.623706932438581
0.7203384872762812
1.7998810224249586
2.5409331146226535
3.6857232656562706
4.450023421464452
4.687622386528361
5.053442142244972
4.9353133277180135
4.817389888076806
4.475210880885969
4.268635835780109
3.9801686211830445
4.010985056145561
4.360698194626706
4.493703129319688
4.4033923680482925
4.221789127327113
4.1486609343258145
4.120520528759388
4.20031430180626
4.280343567563183
3.914925204135477
3.2526926191294803
2.654091169569129
2.4432543998983007
2.4954558336659862
2.564293902956032
2.445409930909671
2.1039560331822718
1.4334787936147904
0.40046971999111786
-0.8114211030997682
-1.9320130412403818
-2.8607252217174457
-3.5228856074675763
-4.0119583203049975
-4.384958223261868
-4.369008526763206
-4.494835027653315
-4.5372346140293285
-4.481755467763018
-4.454884596730231
-4.595116755817808
-4.105490322052629
-3.812235783246363
-3.90121439769806
-3.3113627895804947
-2.916181273906901
-2.304951733471002
-1.3246182974624305
-0.9741893842116344
-0.8897217149093728
-0.7294263213322318
-0.7982874429461387
-1.0153180703711073
-1.223935185094696
-1.1432830789825412
-0.5699905843813743
0.7687143086796452
2.7673599253735426
4.665776748296534
6.129399530064823
7.059355133615223
7.57076406696296
7.770916731270834
9.122619308070695
11.548086210909744
12.401322229579309
11.839629225989238
11.589067581222904
11.477820223442286
11.302930537504995
10.865327685704166
10.253167024165883
9.615185249764224
10.760957674815296
10.239695792958134
9.077873458301537
8.761853383446208
9.573394885188899
10.453848524746137
10.70408623984584
8.925777165053656
6.024169469866389
3.66427632382262
2.4602273981226688
2.074219667728763
1.7420363029079555
1.2372834064823666
-0.31299184814420833
-1.066425243237927
0.058732582617325155
-0.7937592899183984
-1.553243942701943
-2.1331508162812467
-2.212096256710194
-2.3947243765049793
-2.9027512586043738
-3.514689021678795
-4.214085481021065
-4.850300441789661
-5.342773842578774
-5.666155776977963
-6.122150461809641
-6.0794120560158005
-4.8745403776743
-4.770868663469369
-5.313668513954158
-3.674280162679599
-1.5254645282704247
0.3789477398701335
2.348030852213631
3.977831208679443
4.629546529329426
4.595390317208411
4.791899177335277
5.309075343068756
5.514656995544787
5.398723947206272
4.9659235669576525
4.723976733581191
4.766526516622396
4.755667071925451
4.733997816250696
4.618177150405059
4.48163436415358
4.558652077088323
4.747162549765718
4.869619920735134
5.219744548363829
5.473174214141841
5.239591248206976
4.599411613205005
4.3562773859698645
3.998227521388248
3.4626478964255973
3.0375493318348408
2.6572731844120256
2.387311840690659
2.077134806328797
1.8188214028968732
1.7141683675774135
1.023878945693936
-0.03326643139069564
-1.4718273691300454
-2.592018680669489
-3.6605617289440757
-4.362105281136612
-4.721814823477298
-5.012009760846889
-4.979201135460466
-4.827204835060279
-4.6145366863702435
-4.5759994563622115
-4.361642416826377
-3.8989138961686582
-3.762140906814922
-3.6965898662624954
-3.3849575666222176
-3.056918508274525
-2.6060780590467525
-2.407060934179547
-2.250500788579935
-1.8720013033379037
-1.1106910581309408
-0.5609653095216087
-0.34896166770457726
0.3805247344571681
1.7405767988882563
3.3598861885084066
4.581061700727802
5.511576166427024
6.232909436772963
6.5111813358684865
6.783713711742515
8.051606059195114
10.621484278673035
11.681658255886793
11.058643051268886
10.821196512040743
10.819224987907928
10.983025313018308
10.89161148889383
10.46265626211543
9.807066991021223
8.907887571249953
9.689367489350412
9.731421682381107
8.659591808943865
7.642733615707798
8.76406761223746
9.535925354931246
10.309007507159661
10.487938756187988
7.832798056724039
4.764295506521172
2.8529421733231772
2.107528518674719
3.018882007834445
1.4519222521559356
-0.13336203265249977
-1.0693104560545554
-0.520108255157138
-1.1613556140242514
-1.920473918913836
-2.333139320708176
-2.4163187589713266
-2.8811270151406907
-3.543325768820337
-4.330279812375765
-5.107446204482571
-5.720028722407511
-6.23722066928083
-6.755406510640703
-6.854328735636445
-5.919927361285193
-4.61870183360169
-5.458623731046173
-5.723966251651288
-3.063730515153924
-0.387610708638211
2.501375479877111
4.301971700655839
5.023209786423949
5.392221945137661
5.631462177607125
5.9831909260123375
6.370601909379892
6.519111161498627
6.357147697431304
6.046824841696915
5.644161465775515
5.30088487857089
5.089240449070669
4.9178343812044
4.6455227661103144
4.2718126913539605
3.7179859183956507
3.367217680528565
3.846037434258805
4.712020292039166
5.5846877060405316
6.715592993731597
6.264579947684231
5.622200791244733
4.8529530035724635
4.024876262996185
3.287085239610451
2.840610418444678
2.6736404885010305
2.3621795601296967
1.7613642795292312
1.3676954860904549
1.3096764756480832
0.9345988730191814
0.09789161809409586
-1.2709923812658555
-2.7100228739287
-4.0003535253130105
-4.685617538985364
-4.914117538623197
-5.286480594951809
-5.159179114225142
-4.709443698219995
-4.397980459432413
-4.138287740311369
-3.7349730645123027
-3.3524734309614255
-3.0975288246419272
-2.8453846816604074
-2.6392153126741755
-2.3187737610043104
-2.072772067073751
-1.8584889344274071
-1.4438306757553785
-0.9828789184830422
-0.6198690239875481
0.06832850722407338
0.9231639438831954
1.9693770927861123
2.72062591768117
3.5044704501631316
4.407529558617733
5.088843411472611
5.310508521560743
6.848049981760538
9.824170802813128
11.151410179591757
10.556626769621888
10.261176342269136
10.208385710681842
10.327489383336044
10.671703364625932
10.5847407604738
9.962394274399612
9.158794932408956
8.237425950755696
7.922643907950697
8.332831761956621
8.013388559409298
7.512576070843579
7.618078611322432
8.626492055144027
9.224528124755956
10.13526442828463
9.240326474562803
6.948295946467631
4.298899059431367
1.6862068339692131
2.1158906333484477
1.9906511482335403
0.5490414381221489
-0.5488539040510344
-1.3892943382695393
-2.2286598253808014
-2.099743295721056
-2.4179398731092645
-3.1684940312330023
-3.827906715695696
-4.15931150915564
-4.4486290459047195
-4.8143731606027345
-5.056124849471495
-5.345753816620694
-5.738927597183237
-5.753919834120869
-4.900829240311166
-3.3019934062798546
-2.745997309694644
-2.5860381440004097
-1.0663466030905648
1.5126810754665094
3.3791516579881993
4.039900021620143
4.811674731956228
6.097417509561104
7.224346954386883
7.879866373044312
8.17717272532236
8.160828739740838
8.017956932682667
7.682819935242316
6.98474009481628
6.208020927209925
5.408951248933986
4.692186374624278
4.256082241887227
3.8994789263890657
4.004189105159396
4.174143997516767
4.245091775992815
4.813537224697435
5.3587871913922145
4.916610085987775
5.5335241339369245
7.203004210166449
7.030268574716611
6.216818520184483
4.776189667231586
3.224882733391813
2.0717902574329767
1.8127580018028182
1.9693194320938134
1.6407399193115508
1.082697557078988
0.6595298013981532
0.2028814907420329
-0.3191617558705939
-1.2844431763369684
-2.7172680205538993
-4.179856716480015
-4.974923765381906
-5.267181243598677
-5.088780633554029
-4.8174310159958695
-4.5047345237303285
-4.027747774350361
-3.498054218845759
-2.9941406729118643
-2.765094881497072
-2.415802218336765
-1.9617768895681278
-1.7270569312687312
-1.7413149048735326
-1.5925374540091886
-1.2125874884835717
-0.8477961197061663
-0.4234611044429885
0.2890534196397329
0.89020685607838
1.3667582723781195
1.840439810550278
2.4866154046182394
3.2771553231369115
3.6559962564264423
6.191568403602695
9.55123470517699
10.726294094749603
9.954899243754245
9.599252245981303
9.549559841287374
9.66744217228673
10.305994582508163
10.63978308098808
10.077163786087278
9.440439058876414
8.800462031363885
7.576968694746421
4.835992354998795
6.5253826824445325
6.880598768151144
6.0158938343054125
5.834094381439717
7.373717365031481
8.448782222648186
8.144752329209282
8.722334093787564
8.677378068251524
6.565123049634377
3.885073422067079
1.201298092573178
0.5546784024657357
0.04175601015685084
-1.2339455712991088
-1.0747854757675475
-1.9015704135796874
-2.500988495906319
-3.115625821228874
-3.3601862803769276
-3.4576135682169653
-3.555015105420496
-3.92089764251801
-3.974972945135659
-3.956118345087006
-4.09746843898541
-4.451339225789949
-4.264893474832118
-3.481107501039444
-2.7788177674939916
-2.427932670676198
-1.959693814111066
-0.41090471572757803
1.1330749270382947
2.688777635291209
4.381011711307357
5.851624782012175
7.268974394204675
8.69552478821586
9.758590157008502
10.444576031658578
10.636864800611344
10.405270922766732
9.606494362347211
8.516401579767834
7.203262620684832
5.858294946004436
4.716561462506345
3.9500065538537945
3.582398032460217
3.627112846237881
4.238991798409489
5.02713600041726
5.698951653117969
5.880338756298538
5.890517689531964
5.573688410269319
5.031153253866043
5.8426689859954735
6.6970270772845355
6.728995306350956
5.096804918883805
3.015447144036273
1.3326605760602253
0.39789883577823165
0.16319031873512338
0.5111767536827497
0.39853173584052654
0.037216260322009156
-0.5713326840863099
-1.199029246711637
-1.838265397816138
-2.862558762590445
-4.181681933046376
-5.069763164183432
-5.2688265487065635
-4.9778347847137185
-4.587401331100292
-4.2449772206682015
-3.7496341616472404
-3.125912186776503
-2.651151863716909
-2.3729893690712407
-2.1530220221113607
-1.9560732448793958
-1.4967252751571005
-1.1719350734103076
-0.9368225636240631
-0.3804377908292234
0.11117323960830369
0.3717042897553891
0.8600632360395136
1.3149088152936694
1.654961532871163
1.8114598342215071
2.60282582793505
5.957967936372368
9.153866379035266
9.819668216554517
9.150848150141595
8.734165386702946
8.855835747978983
9.190472265821542
9.916186380143891
10.690505162249039
10.250224319153618
9.557923796263857
9.051789091332711
8.200488809161891
6.799577777882041
2.9346790995642764
4.041175959282226
5.041392353670226
5.128459479123756
4.433458676410295
3.2416250655048024
5.184924957579163
7.046160839963202
6.446525702190051
6.168343872697642
6.224149835361663
4.8653897563427035
2.049690970512702
0.2154028516605391
-1.668349896982469
-3.173868332152739
-2.208740528902946
-2.421547844377362
-2.388037764227606
-2.617174707200497
-2.4394018302776432
-2.49409778483456
-2.7414823260081262
-2.651959157640143
-2.5570293130666197
-2.628772402110144
-2.6026509533968216
-2.4138792563252083
-2.204573990561504
-2.097347991827273
-1.9326663538694828
-1.1931648987755776
-0.08016988398347782
0.9913738602350154
2.054690045164774
3.397123347254115
5.111550919996502
7.182138831927752
9.135524487152425
10.837413397385568
12.027469937325202
12.590782423514398
12.392711864741658
11.79768374120977
10.842253592833785
9.576417456566567
7.926524518319268
6.259191555246152
4.7117796590573935
3.56044544675258
2.92566620572678
2.876430025611185
3.0122521150345296
2.9915290299528796
3.677025130492537
3.6170218193843837
3.841823195749553
4.623823649848272
5.535481474170885
5.748557015463578
5.289437787850589
5.213623958295807
5.004370213481206
3.2469789416142243
1.1159277253062383
-0.02238968423026124
-0.8269915211127564
-1.0724168261685445
-0.9773668719025717
-0.9426305326749602
-1.0220015520184933
-1.4912629807781732
-1.9742748017918053
-2.3818474350964105
-3.0390472772834145
-4.260160520735074
-5.3978734032404105
-5.671001814383115
-5.190342426253579
-4.72223844544935
-4.237907700714389
-3.5338355534460466
-3.0263414483547
-2.6577793883086236
-2.4892795163998955
-2.347380073635043
-2.018666835439865
-1.2134688131152795
-0.785911585400618
-0.14063231830378065
0.358489804599143
0.5772276553350031
0.47730239049850404
0.38990251226804695
0.1249278922476062
1.6975604328137188
5.299696661535242
8.232787856129331
8.862976081827595
8.333186067944851
7.994701231235669
8.199000096234084
9.059397733865984
9.782520156184098
10.398827355979131
10.201812769926468
9.604178026540888
9.344260933245815
8.80278300968731
7.717760522289128
6.074063879474291
1.8561608936114997
2.2112936751090047
2.802944515823914
3.0820202215316206
3.0892713979910127
2.168523516725527
0.4368861308316387
0.8974682830014237
2.738243821129099
3.390250311595265
3.4652668555437836
3.0895155371176823
2.467636274598904
1.292736788767848
0.1045324507109764
-0.9051138026826103
-1.219954092061934
-1.7257088669793548
-1.7573730448875893
-1.8288885716540022
-1.6810578357108363
-1.704566706698467
-1.766248047270262
-1.2958830254404363
-1.0204645925244784
-0.690479470772445
-0.31539589504203885
-0.3279470904470341
-0.4709702543421708
-0.4938890060066643
-0.6461178305591155
-0.6590945638869091
-0.10824512157263938
0.8876871352116189
2.7705317893978183
5.1974498016536215
7.806354323817711
10.625160690746934
12.866111555533307
14.043385377778167
14.342417381806948
13.967160837737984
12.395615450260811
10.507099725399591
8.758346004989876
7.215364952375164
5.7825295784788455
4.5141707728078195
3.4598001394897837
2.766516765761661
2.263086407026366
1.8211468386629834
2.04087113310632
2.594316266896199
3.5037741353614376
4.025394310737912
4.499106326473736
5.016084128491595
5.398052095587585
5.602048494637285
4.619343877179581
4.325951158482288
3.555137738690345
1.2732811301589826
-0.014767279014920809
-0.31844240268688373
-0.6221709599844062
-1.116730146565103
-1.731247279212466
-1.9487142590841506
-2.0135717679616256
-2.2622207246254247
-2.711375087537659
-3.0137600569796645
-3.0560466843857736
-3.5667140149785834
-4.888358301080181
-6.299913157935003
-6.592268840008449
-5.969371856125926
-5.090783969627637
-4.349799603045165
-3.699391806333213
-2.85066743243943
-2.37175871665856
-1.9898947359530241
-1.4813770162366893
-1.1632826297696424
-0.9548688913420417
-0.6272966648846675
-0.40553966410421294
-0.581020468539548
-0.8554214669809377
-1.493849215223487
0.8604646920907472
4.466071168921469
7.2378359138832735
7.813226288031679
7.3403253215285185
7.171800973923579
8.071005838227054
9.05934643307797
9.941465867650658
9.824711680421661
9.727169527884994
9.26485328421721
9.51040821377758
9.301102928164195
8.307348826267273
7.053674127508984
5.516048980969488
0.7987705769712375
0.858759672465347
0.9972713244386375
1.1826310016085546
1.0965867334579635
0.928055468205608
0.2934381677737112
-1.463398087352406
-1.8151543452072505
-0.5991672815158847
-1.179434465689455
-0.8058376911245031
0.31395099800414444
0.5129027496001101
0.13359491419526234
-0.35886706707759936
-0.9496991522260467
-2.1772669896214607
-3.0949120746271257
-3.238929174152534
-2.8904047460878
-2.4687687306290145
-1.7081004184287143
-1.0124985706272276
-0.55505746787377
0.20617498408608717
0.8123374249314208
1.2243395536536903
1.0913166663927916
0.9051067534478678
1.345472693153623
1.0853896554387903
1.525428235987293
3.203027138036214
6.761008335637043
10.59232230055415
13.580130496315508
16.098642234548624
18.245176171628167
18.470928114962092
16.520753722763946
13.803806216182155
10.796554841270677
8.568320248035176
6.689234486849644
4.958608609923283
3.6475502535020805
2.4525269290967158
2.172421287239292
2.6034412741602138
3.3879262271494754
4.141038580222135
5.010178344736866
5.86863449502094
6.275175247215906
6.597735475797674
6.489151062888568
5.485167496807499
4.187069665158633
3.3964077265695476
3.3094413414966826
2.099716459711611
2.3772519437425164
0.7830436918324571
-2.068248877489318
-2.580305843076557
-1.7968554259237404
-1.3392393674119267
-1.838254585024263
-2.3905252609319185
-2.424313345378559
-2.2548084505558603
-2.3695001379893044
-3.094205366119434
-3.973673049969915
-4.370017379995084
-4.880646402272144
-6.360310413077843
-7.688559812876596
-8.10535358413609
-7.555305276268969
-6.313402118530017
-4.753352013407865
-3.36486640882848
-2.6458819458920373
-1.9587822975872546
-1.593055979966641
-1.5438289348925887
-1.7467801346262093
-1.7403275619211778
-1.903446767053303
-2.1245195659159797
-2.8251646770367187
0.08206179061216068
3.8261016798236454
6.360479732365339
7.038009025092709
6.516351009064323
6.349342606918509
7.754822668292567
8.923667814453157
9.999517954478645
9.656186892789162
8.939520435965397
8.863589616088353
9.138502398005476
9.635247956277151
8.956047267974425
7.930006238080763
6.730703246597907
5.202168770043262
-0.06161563734436394
-0.8990701852617573
-1.3250114510767703
-1.4979098801043262
-1.4304362412925793
-1.3188627656100387
-1.0631602967586173
-1.4393079586190662
-2.5786614705517312
-4.163593386180214
-3.277637977713453
-2.0679185452210644
-2.5054586560830168
-3.3405908314338912
-3.364954852449286
-2.9372739088515396
-2.7555904291093474
-2.9385338124642004
-2.9385715730714437
-2.738699359287128
-2.2984330148248677
-1.4338778973181399
-0.2857808348732918
1.2306078824718185
2.416957488420953
2.902864408652671
3.402347765856981
2.7883361140806024
2.1348410973152423
1.8309140837002476
2.0472145793489895
3.0129587853805857
4.404295431800375
7.634531789790722
12.641212333296162
18.328212117234585
20.575223695538767
18.408737032546664
15.25676964843653
13.669065852155748
13.311769213690733
12.651283164909554
10.953192039206625
9.08295677714104
7.011766703204557
4.856892116848557
3.050485258982763
2.0312099945551734
2.20612642021311
3.2760201788579133
4.4640349705582425
5.220308983539555
5.232960244791914
4.951881370855067
5.049291126146186
4.941522882850931
4.497443727054782
4.046347591631451
2.229625534827593
0.5445131961111744
0.003293514551178031
-0.5798680035064752
-0.9535873594980827
-0.6942390004469072
-1.8518889635066187
-2.806896798053935
-3.2411626178804345
-2.915719778574339
-2.617979273621623
-1.9665524856514294
-1.4722666131510473
-1.494524502093934
-2.2904895938255763
-3.491774799135513
-4.536004650116628
-5.642048866499938
-6.504027378525541
-7.242651850675232
-8.536112205154586
-9.441526101320576
-9.643578447391755
-8.387489283286415
-6.155323586390161
-4.9873289215936225
-4.2558360676574285
-3.0999106440407016
-2.365698735309274
-2.5227664624511728
-3.015794201069844
-3.54975593812348
-3.816362424065534
-4.402030569952532
-1.2827855026264212
2.62555551827743
5.624645075771574
6.302583638785427
6.190568023652014
5.691440825061859
6.746803098766084
8.061449997070193
8.907282950377894
9.640698925695117
8.923351342421832
8.691456877876483
8.518177990959884
9.630611505180768
9.331082236995977
8.406150450188871
7.619112376394609
6.693366047655944
5.340017540488541
0.6223097338442747
-0.32483463346282526
-1.434142215421499
-2.5864023154693387
-3.5102229295308356
-3.836004195603743
-3.8495518085143527
-3.4084428024448967
-3.330322187382431
-4.03257781554829
-4.926593298271402
-5.624565141368007
-5.487812791412738
-5.015174575237399
-4.28264687485201
-3.7573782068185766
-3.338874668474397
-2.6992280134145115
-1.8580164289215082
-1.211469797856046
-0.8495049521523852
-0.42668240305750904
0.14453402968012985
0.6213649691432013
0.9865286554696504
1.3217794939089185
1.6645769687613345
2.323668173433296
2.956658292969833
3.4555219652970837
4.119758723573512
4.6269764725608
5.880169091814042
14.528590183385749
19.589020963570814
17.64479131034938
15.964853970913037
16.998022643649747
17.189722526655697
15.844127758529032
14.451607812654053
12.802456279882424
10.81240574473548
9.0037199608051
7.429760564490185
6.3754847396582655
5.77064447992264
5.38069637950806
5.11943149238969
5.4318594110663945
5.995034218033263
6.207872428751839
6.175731237047053
6.1717274437427525
5.356610903462787
4.401322152652409
3.324843124862094
3.3831602528187963
0.8344551056992427
-1.1507951998071024
-1.357011019989798
-1.7848227690205176
-1.7997592043743897
-1.940181973882532
-2.588212126634009
-3.2932384086001054
-3.2800598994073717
-2.321523187881176
-0.9983255606234266
-0.684446494316537
-1.3563751133996942
-2.741378129216087
-3.983142763604339
-4.92901371938415
-6.0428606299234255
-7.3358323567741035
-8.12582358093213
-8.551136637452542
-9.261693641966067
-9.942824894018704
-10.1841103466566
-9.667771234772715
-8.545581091551819
-7.296414405390163
-6.3957290430935965
-5.222770311621169
-4.395721633306973
-4.517901953239597
-5.043918031176986
-5.5665233804539405
-6.445053748878478
-3.937076968414263
0.7656346270019885
4.293802626036466
6.315329059068053
5.688129596557331
5.5368876577788795
5.734488392149377
6.667613578764173
7.888163997146189
8.712918497821676
9.268861426345964
9.212027407069579
7.720248309962777
8.416294497447664
9.787337255183617
8.597632711129503
8.344849070223018
8.07473913636884
6.866412944741152
5.3513237231018005
2.631925866108292
1.3181629401752348
0.029638244199446453
-1.330069741119098
-2.93044338436309
-4.213289755480377
-5.335822106174416
-6.236188095826848
-6.454778092589734
-6.000569390908512
-5.973191444774112
-6.1422969905215155
-5.882065555762687
-5.526921534176397
-5.1377474475816225
-4.4937431251756
-3.2247219122316455
-1.8642241081800621
-0.958439909383481
-0.6884411465711089
-0.8846568681756442
-0.5907500175283005
-0.20941756777746154
-0.13298692931066528
0.19955645718932166
0.7769832740649687
1.6540837509096369
2.8674299326394714
3.6922958561012487
4.259817089667882
4.562413243073264
3.047270785345598
9.55286475830157
16.45466920679494
17.104145218860538
18.850549078489774
19.564804442607887
19.28452554919692
17.918225651964534
16.578486373432515
17.23398943457314
16.998460120251345
14.779570639054217
12.15857235965273
10.401139490821459
8.995132176154101
7.791100730612366
7.057650849924758
6.513888853897352
5.8475398466491475
5.479437655924851
5.1862904555623315
4.793766269462497
4.37118601328126
3.2318878304767056
2.5329564395491344
1.180069369795272
0.5689929473175379
-1.2245877776948881
-2.19931837297497
-2.718454114611475
-2.227247029055925
-2.0570126385499887
-2.3562974236475083
-2.8444641623887286
-2.978441264834624
-1.924826840447195
-0.8686085541234826
-0.7541011404445314
-1.7980190810929046
-3.1870565924266576
-4.037959651007317
-4.758073849608147
-5.51482928397606
-6.332947694655393
-7.274894504311579
-7.991958391504474
-8.304704950635507
-8.42954679703138
-8.731555745936063
-9.637361568077466
-10.227059186606306
-9.97117308173308
-9.224625640404787
-8.451747217905625
-7.536347128415544
-6.84880691667042
-6.930553512641083
-7.1831170400648405
-8.07733221550398
-8.079429822084583
-2.2947370908428404
2.103790799858126
5.651093654298532
6.105622961733934
5.4304377786119975
5.667090599482466
6.352407671800275
7.232460584223942
8.411966196013521
8.99248000527259
8.944122333419799
8.36018522934845
6.303411805642513
9.025834430420899
9.218683590644384
7.8585933005799475
8.05977173082034
7.813879105986151
6.8550614923733555
5.58965019211495
3.765212956008488
2.7171792251192866
1.6645803434626594
0.45358432204005644
-0.891912053391999
-2.315778618313683
-4.118332826290171
-5.830944503166771
-7.160794414364603
-7.776462804076614
-7.429187674969207
-6.56837355760472
-5.924513685943563
-5.519225101256403
-4.78178498111443
-3.6697710351855077
-2.7449675221834045
-2.163447568844023
-1.9588452182159046
-2.002682047015335
-2.2976604195964594
-2.4136459896671503
-2.0816415480416564
-1.8650529056034217
-1.5208119453132187
-0.06802946229345894
1.8650816492190199
3.3552029132581525
3.7747711466209815
3.967331541411298
3.885331787261724
4.057764162952735
10.072079316922746
14.737181806919343
18.40538710256972
21.21045032555139
21.184011739493567
21.045111817287435
22.414555879387635
22.345569696675224
21.333743516138703
19.93376666654154
17.445002526498794
14.778033819949751
12.520103109277079
10.666014729629197
8.944325269612957
7.022389059694785
5.379192565431018
4.016750662557085
2.743160391195356
1.6729874848807857
1.0214071226407364
0.77917029742534
0.8378840064153142
-0.01754249481916568
-0.42562735002332264
-1.2972003248631856
-1.9392509877522013
-2.3025527769725804
-2.336065293931218
-2.740707463422857
-3.171735476098951
-3.271160882217365
-3.4425595174151082
-1.7724119540071852
-0.6609258926679529
-1.3914806504528157
-3.9315290522365336
-5.24845361718687
-5.583279272397773
-5.658349690854941
-5.377164371680778
-5.489189933764634
-6.21504600559693
-7.047268115667701
-7.514237686271295
-7.410127253610158
-7.462867193600797
-7.964981460828061
-9.097992501891229
-10.474636643988264
-11.005397642167894
-10.612984408167726
-9.900423339481703
-9.307725768222408
-9.176142033611967
-9.254387414966857
-9.298135781255791
-10.528369560152125
-8.157950112117184
-0.8764258335675655
3.243257678503053
5.996640572802912
6.042884331946055
6.306811896802297
6.785824261375524
7.223069437219077
7.770687013778819
7.9181679692227815
7.8159586493309
7.757789708164177
5.85514249703178
4.457862967167582
8.266561278905524
7.720614901786683
6.942017632780528
6.833593752041569
6.768482438654522
6.678394995815671
6.274076255678237
5.078644100413499
4.299698575050149
3.2840483447598925
1.97551835480082
0.9052428644450798
0.029835733802219107
-1.4186542101533126
-2.999423241125964
-4.616917710216105
-6.079964309317256
-7.051519415463669
-7.407082759737111
-7.171341166188812
-6.5116255200100674
-5.703278285714655
-4.684274681015927
-3.588451229189472
-2.5674971837435816
-1.6925252006313327
-1.1613858408316406
-1.6927146677618212
-2.5244571905585476
-3.1033947453081865
-2.8878736612624984
-1.4947917427428168
0.7751152889834779
2.396474934298089
2.967430577538379
2.7494125998424512
2.9015154698452914
4.32304474313718
7.328572662402099
10.719421273950614
14.921682801137608
19.781644297684807
22.39932212550037
24.891676975788425
23.19072900465014
22.898792493032165
24.60606595893998
21.619941292203286
17.237242097065433
15.060028920204156
13.566520220384268
11.649197386590771
9.517151799704633
8.179555463399831
6.975443608038752
4.904447706238288
2.9111887222619544
2.1891508503735233
2.0121330221769753
1.808865080454343
1.2145603912024345
0.11440540117868649
-0.7964847228107915
-1.5167700914508988
-2.7983372132593654
-3.678907216192985
-4.07350855109528
-5.053752110596133
-5.222291799067292
-4.586826433412468
-4.427203344664897
-2.7081146454731435
-1.3993763363564857
-3.1462490112522867
-5.772636965114195
-6.340960332217672
-6.211685596015839
-5.937782180089387
-6.114547743325617
-6.218581671388706
-6.042314241474658
-6.256009419800458
-6.4794911219596125
-5.891804772252727
-5.572941091507871
-5.408762663045719
-5.976527266587514
-7.725325831135679
-9.942822035179477
-11.448168702497654
-11.632495565693478
-11.16878016511881
-11.162035870384042
-11.410715029527685
-11.272742559200978
-11.071344397500233
-12.306378748072579
-7.18514921816135
-0.026237979392441893
4.053485220819167
6.132815707336037
6.864232197837655
7.877650373593504
8.218433696602755
7.908473685813764
7.713379369235387
6.350950542700878
5.348840640521309
5.76331464051616
2.47320810557468
1.9595576594365092
5.149677601214592
5.427223226423709
6.068054818171711
7.074827774433226
8.143427940009701
8.394471547943969
7.932069270809163
5.2899608788078165
4.482364779407595
3.877766839215223
3.362072015394053
3.028922489544985
2.6117389846415935
1.9336149121590835
0.785922593199942
-0.7325395148725434
-2.381439777740584
-3.8370750752544622
-4.968213349758337
-5.880484267751202
-6.448086543405612
-6.952434323021459
-7.244608797034098
-6.720460940807238
-5.232157255963741
-3.492153558909613
-2.424895288077868
-2.324930324104608
-2.9114455585395804
-3.0977432391754722
-2.145701509321197
-0.06686298318907541
2.1553988340179804
3.4983284882148804
4.02354061426307
4.48090388665475
5.327892275530964
7.089412352101349
10.275498944355581
15.04252795461445
20.50510809380296
23.16670095299937
23.840149043252776
22.186044532124544
21.04390628934153
19.771889179438485
17.716544317973813
18.478742999349215
18.5127271207797
18.330946928760138
13.424194170731164
10.34173928572161
8.926513731648201
6.980378700527515
5.196009647101337
4.555599661255656
4.017680346520336
2.9597284326923488
1.4861481112874158
0.31459069168149895
-0.5393672598904823
-1.293956765897221
-1.9733694928692318
-3.18748972072842
-4.693010508109677
-5.692803836426432
-6.233006113879571
-6.339215837173602
-6.476562286218596
-6.486691159042332
-4.340612573529053
-2.6476670255438552
-4.218937361414764
-6.3965812172467835
-7.783334092022991
-7.8079616174809425
-7.5834774155735545
-7.003885911312668
-5.630169728199012
-5.047824807108132
-5.086181752874179
-5.721579271071566
-6.226246753211215
-5.872016279265073
-5.111855140486406
-4.693396513401522
-5.375893977172042
-7.0806829549207615
-9.159249153009041
-11.051075668262243
-12.281485732973966
-12.552552403225164
-12.864569907533932
-13.495539317463924
-12.836302466851514
-12.352617016039392
-13.069178235553746
-6.461595372115525
0.5296464754295065
4.202752136443928
6.470533615689443
8.888277184151432
9.709578007298438
9.097739677804459
7.586761146649655
6.3204690262785315
4.400257395727794
3.944712900505795
3.920661186101771
0.14977960903838694
-1.314598889870178
2.517914768445169
2.754254552231104
4.671258991087876
6.420009709602959
8.257398895239056
9.71517576711664
9.955962705387117
6.650141542223202
6.314670016595636
5.522422223487512
5.100357913861481
4.93098339468139
5.738777391580142
6.510191250879015
6.5259006796086645
5.763234696580709
4.039675403286017
1.8041080429841725
-0.5174938311050253
-2.486437777115022
-4.217557246383401
-5.879281649199081
-7.507919117635928
-8.823372311956243
-9.185484169181985
-8.17957231879001
-6.417631188667021
-4.921930332409305
-3.900385931918609
-2.9732888703478486
-1.5309764571484312
0.36582389306460417
2.067157994480341
3.7812465424090242
5.555165381978995
7.621303783264118
10.136072529949208
12.713871463892202
15.334126328580817
17.840126732770763
19.424853305079612
18.91430916881227
17.642750003947906
17.517962631506553
17.946221536050942
17.90238522132751
16.82344181086707
16.626636204580116
14.044653918839472
10.371311120213084
10.203974623755803
9.420256254793276
8.118504366976932
6.692515546583509
5.942997009991195
5.210324222782226
4.040731448721604
2.7425760090551004
1.7081976914385173
0.8412136216946141
-0.22920248570559346
-1.2286459784557808
-2.248819068384077
-3.4677364837090203
-4.495775286885691
-5.941619808384246
-7.441818368386995
-8.676395922135605
-8.884289861068861
-7.995531109644424
-4.852821955645341
-5.128619331700817
-7.940274189539074
-9.092807750186479
-9.915744877892655
-9.822656485015699
-7.964047111548727
-4.577005821948465
-3.632627074910125
-4.670829810339157
-5.567450086287649
-6.2084929598693614
-6.335084917348669
-6.156940524937589
-5.389937741607767
-4.919124215517405
-5.88064431861019
-7.430800573904556
-9.131075706509842
-11.346740869359039
-12.979649597283947
-13.978595612709514
-14.954954296174455
-14.964951474121792
-13.56052707942681
-13.130244734529475
-12.737147752477547
-6.159641410373684
0.21347507579242242
3.454337168410688
7.7685700722083775
11.590851463663261
11.347484846595805
9.558613107124433
7.30583732919985
4.853944441635513
2.0057869945227016
1.311672680863199
2.081030370462326
0.41920240194301744
-1.9996651051429586
-2.0492070463899172
1.013385888749051
2.3588121438781577
4.966048089641771
7.699348887147021
9.565564187540886
10.552834379108456
2.528086599804325
1.7281261351445323
1.4145278560900183
1.8699446337812766
3.869524881485716
8.033888453627059
11.343466965556159
12.343335005700112
12.119015150363413
11.255481808422209
9.460560255174599
7.163343666373795
4.882644365160421
2.6802453396023513
0.6856606184364479
-1.4149945572944511
-3.6566834641238137
-5.61605593991339
-6.576359371535516
-6.463335319844069
-5.466245374173581
-4.118567534908059
-2.586296952287754
-0.8524569602927106
1.2059465772556588
3.441689590623865
5.734779944688089
8.040603084376773
10.48126801707429
12.09736761626628
12.904166453767692
13.707851818498538
14.94915151577065
14.850410954148119
15.337857115446687
16.077643269492718
15.937502970986337
15.321442703501754
13.932363749026411
12.429370557070609
11.768857425732225
9.868693885574121
8.779902545945543
8.158487202970978
7.792725793549322
7.353450719857412
7.183364334511971
6.9110357425900615
6.081644049304728
4.720847744707553
3.1962185490605703
1.7482186251655925
0.33051354828858687
-0.9979360208315804
-2.1330544895787273
-2.9441086530419556
-3.832908562939115
-5.160906098757509
-7.490060477118693
-9.141191861478198
-10.696952779880732
-10.705379118324084
-8.608856127927162
-6.056762541250008
-8.51776453421654
-11.36174197640938
-12.557134174866231
-12.117737892977475
-10.409021460222162
-6.9584677334034915
-3.2916761329240245
-3.4168039727390402
-4.613451582461677
-5.2379135281200195
-4.350351588322883
-4.406144188523469
-5.013964287099579
-5.432347748007297
-5.90258344975773
-6.592372537638398
-8.089772503820765
-10.235648175246864
-12.392636839334475
-13.906275461931724
-15.039506913827864
-15.597026786147799
-15.096640958788553
-13.002673386025013
-12.591119304339186
-11.77418382410294
-5.775155129953473
-0.3529145440866231
3.9851939919215624
10.207168776428235
11.269938697260558
10.519465177312487
9.042599553505521
7.076211711684107
4.738359473446168
1.625181733896156
-0.8053602853315918
-1.144893120798871
0.04471558756685631
0.7873022152277203
-0.7815711033651679
-1.6707430438181141
1.0434603034672063
4.330320100251133
6.704800106879699
8.184101851795454
8.524473977618316
3.4741046513681564
4.243597985825671
6.070253699482056
7.560869607559069
9.989440128900052
12.979642723499698
14.218511130726558
13.294148982089766
11.44516801663101
9.776703395076483
8.077418367468681
6.763499734537746
5.816524141292406
4.83178762840543
3.628104919916996
1.8000061446562607
-0.26313166314579495
-1.888371917971347
-2.4459533300214655
-2.0362034026003837
-1.2653291925459778
-0.31283888660629355
0.5886519748808287
1.5970999938575812
2.7849440981475015
4.1160697712536205
5.524330666770546
6.667127233120946
7.8199998700605065
8.808009568465026
10.110662960038324
11.879757525394867
13.054739116273494
13.96505561864816
14.025739037258651
12.668506394767428
12.418271798628172
10.922162289474041
11.135935873984202
9.328214757279937
8.135714640020336
8.906178045767742
8.847330035382036
9.040914579685964
9.23258184563234
8.865349434406653
7.888306257434937
6.725038531179466
5.613717458988383
4.431809641604764
2.9673555940809497
1.3924059808741125
-0.13661809330867639
-1.673820415459995
-3.1847857631394274
-4.2388269505700436
-5.31821978344776
-6.87697489978945
-8.962930485227433
-10.789505869543058
-11.834004408687099
-11.491217306607814
-9.602728223608231
-8.832473890294724
-12.870444694643295
-14.206659838164644
-14.28643379815779
-14.48428598668102
-13.236368567656893
-6.978483609610122
-4.908266143415356
-3.4123711341389775
-3.202187255028355
-2.6813162880251737
-4.182313262472341
-4.344099156220873
-3.75723159871117
-4.282823420038664
-6.0407711997323785
-6.743901627387144
-8.656693740812608
-11.062796086248238
-13.296778057999596
-14.84621770782548
-15.613064299392024
-15.568092248335327
-14.353181342400937
-12.583964966843919
-11.855700207298405
-9.661365717026948
-4.423943982717336
1.040814102090694
7.829475520242558
9.402908721531727
9.066632137354755
7.986245933767415
7.466511806594361
6.6857314808926676
4.787174159096233
2.1014919726611776
-0.4859309027236192
-1.967325649952359
-1.5842112050602677
-0.39737142160880845
0.7412358864167969
1.0257777505348777
2.24255295598563
3.4712093771771255
5.039773527458387
6.731767794849059
7.212471891591713
13.454686807128262
17.290962636119076
22.029704918735153
22.758883763103427
23.84952372118512
20.599199614486302
17.01436914530581
13.894507048194507
11.282569121885329
9.621878604202633
8.684855726159354
7.550828046987126
7.085922759907223
7.239660643143361
6.86458105934939
5.185511118102926
2.6386346688482054
0.21457428419165395
-1.3868455994151443
-1.841529512302764
-1.1278946146232147
0.1530295351740244
1.632791066032601
2.9343655025064352
4.168404231988382
5.197631059523513
5.996146106898251
6.678188896473741
7.22902161780704
8.264546367606055
9.304651778775288
10.05753542447952
10.77309493857975
10.047591669957747
9.999876224044023
9.490008838032798
8.153733352287142
8.863090951633296
7.214215575286012
7.919985196655541
8.516040038845253
8.526172028995992
8.860381796960382
8.390857491446251
6.92982434343408
5.960410821468364
6.055653608759904
6.274284495516499
5.993716180258703
5.0134034720875755
3.891487402456946
2.335643212386377
0.3779120020282668
-1.6537288225273081
-3.537757080883431
-5.033338864437853
-6.485523109443673
-7.788796866061912
-8.996310116889862
-10.778810141584275
-11.948747787714973
-12.105886254027514
-11.047027042169764
-11.04337422370444
-15.581214813867495
-18.993328238756348
-16.542374447662766
-14.456671834654934
-12.311511619385882
-10.692483230791286
-7.2566623195755415
-3.396052137936741
-0.7322416569051203
1.4890811390636691
0.2196358100593442
-1.7971384145858753
-2.5037124927354255
-3.6614172058178176
-5.530714204239797
-6.247277286712334
-8.175706638011807
-10.973610760371285
-13.117203878187107
-14.799544286900877
-15.22650047208836
-14.753745938623403
-13.399279960082362
-12.18175215595795
-10.854562789983762
-6.314212641657705
0.04219607624799589
6.7142192666708205
7.496575705553715
7.198845846081178
6.560354200591724
6.792003699533789
6.486379034980725
5.5449920207338215
4.360857163583979
3.1015800531645223
1.2180028698766752
0.38293193324045305
0.5038517881992493
1.3123874512021292
1.0932635288644006
1.7661149431118486
2.210717526718747
3.574679894848419
3.792648443363407
4.231129094426896
4.6151466361389915
15.181343841826317
21.087999494359135
26.558644787098984
30.612408564995157
33.191932051477316
29.32995322882023
22.621950804752316
17.290452903777723
11.756008618682957
8.784632014715692
7.704660991678006
7.601813318693952
7.140974623423397
6.161947348499075
5.444719306749252
5.0490272923091535
4.288417454388236
3.188376244132815
2.3349448618323154
1.9814143143240484
2.2366214432003275
2.7163642279176448
3.066533918381235
3.33615175784801
3.609443444046714
4.05921751594653
4.645083101653715
5.189429828394319
5.803623335553958
6.598765284706718
7.450313663665806
8.00850969765314
7.817431086801222
7.591666736324747
7.074988554601076
6.902616785434627
6.69072800707918
6.986986452154169
8.008062669379326
8.49933267710076
7.8621728596416345
7.156514950847421
6.4946451904258975
5.937780112886794
5.517932466670838
5.012898015547123
4.53301314667943
4.07950387806049
3.8507431962442276
3.85461334064795
3.7731622779660126
3.3924934922141077
2.0360377848354356
-0.6734304220296008
-2.9800867453546425
-5.338051215648273
-6.743175415787763
-7.796340528815056
-9.219522421099605
-10.626195007579039
-11.895638350110394
-12.85930276659081
-12.66449188648764
-12.179774885785589
-17.564157155504404
-24.353803909234976
-23.593254570792855
-14.4715180418361
-15.13246748129853
-12.964061373382037
-6.977127006575315
-1.7687277882077337
1.2973298954257766
3.2677996124193127
2.5777203076245896
0.7801104523833873
-2.131488719290132
-4.038905322027346
-5.3703245221046645
-6.327716098120979
-7.350616383614848
-10.635557988371726
-13.328995334909886
-15.024323350251487
-15.227416001456845
-14.016983726380081
-12.758060858327235
-11.547297994100969
-6.763558516230962
0.7060948521318609
5.4597469228249205
6.056611875042746
6.461023687312607
5.61193474894478
5.48882709647578
6.26033813344498
6.213057900387417
4.873335247633043
3.600594291303618
2.6089409269548067
1.5487386269339767
1.469493749109239
1.3207026793729666
1.3489717597180406
2.6797823931663687
2.715566177676848
3.059555548887395
3.5667123234612523
3.6838193429825514
3.7663198923866767
3.4789302916232443
13.162549511687077
18.56569610464912
27.01419133039365
31.27614927256749
31.20727919175366
30.72485376233309
30.548145632048918
25.175981651930762
18.330202074393963
13.46924210587657
11.86332884689772
10.97437940423411
9.540670657129441
8.104873638642612
6.776133554238935
5.4455167812645335
4.196649035922523
3.2437452103234525
2.688237705695482
2.689054750144677
3.1150145618481737
3.4696427314808482
3.4212921605486852
3.1844343386033724
3.2680947731792616
3.4164543843119186
3.5534494801091427
3.923188959174322
4.4439834394900295
4.771396546877043
4.988356594374391
5.030202885203313
5.11096667982765
5.087761257173244
4.7932865231118456
4.9474673459049745
5.515891289605062
6.493286275382516
5.656127007767367
5.856942019387058
6.791685125532649
6.551944501100184
5.644140159231178
4.889731298253677
4.345409195769162
3.89192082201131
3.6183568537197432
3.412267698961956
2.826769946253107
1.6363759043192239
1.4809954543282655
2.1388282941013
2.409173844938283
1.1364925736084106
-1.4159597927282832
-4.11059400489293
-6.099021453696906
-7.75151742774946
-8.824810609936021
-9.65322741849334
-10.86202867259195
-12.039957701101029
-13.382234076553788
-13.406271892575576
-15.993190875869544
-22.100712172124446
-27.4248995320088
-22.98182746611837
-16.232392681355186
-11.467571989707107
-5.365022687099721
-0.5894405134316756
1.7367380811198516
2.136796563646921
1.8545543383158665
-0.3269479637002641
-3.168273145245499
-5.873616163932755
-6.885548968644225
-7.445380274850155
-8.323064258727213
-10.15785461883845
-13.357699910695294
-15.832648246982693
-15.577057488809345
-14.248909376319327
-12.792541909475254
-8.577449821477131
1.432386721172114
4.265509015332061
4.644205178905006
5.231881649141942
3.721015743060613
3.896758607967088
6.500287073901723
6.48405902380597
6.2938886907100455
5.325932363724923
3.934568372995022
2.2113610933587093
1.600054599170548
2.460847956106528
1.795603672540229
2.128117106796847
2.635154522101993
3.5919086150575694
4.268208079437041
4.82089255249947
3.849517083545877
2.827808599852794
3.550906196521901
16.03857332175973
28.29295512814233
33.77564542642593
33.109184757435415
28.202549758951687
27.89475538042189
27.60561903013147
25.765972057377475
22.958505025789076
20.542219647760913
17.518645910206576
14.256401559404878
11.777766351499078
10.004661551624194
8.364471039792706
6.841820831708154
5.416750596928031
4.04791180558244
2.9154763501435808
2.191907569394891
1.9959561930491783
1.9697792069263185
1.9196459184180545
1.7531826327558087
1.4428064582877187
1.2144353793885607
0.9439171952481876
1.220489188803848
1.7055274143710348
2.2759371937324766
2.611715461421948
2.6426643158510403
2.7692651398109493
2.920868839249156
2.6868345147869155
3.40640914650672
3.1589852988842315
3.6472769276799255
5.200996265312489
4.52683288871096
4.577738540669875
4.729843657727312
4.610475713999778
4.38481411849661
3.881819007470057
3.520243547342969
3.229725814538724
3.2815015544974204
3.0985740110123703
2.2743270579621413
0.711177471453162
-0.4566290783835881
-0.08713232978290478
1.0659659077786472
0.6886688825734776
-0.7149258203017209
-3.754906469559839
-6.31072023749243
-8.129816145055559
-8.91791267993166
-9.54382604888295
-10.971778640426583
-12.659174422668174
-13.99822828081918
-15.432840859688772
-18.511277685379245
-21.767525801386608
-21.156675267652705
-17.5911986667533
-12.861979289925698
-7.636318703510627
-3.4872058393959358
-1.801218138444634
-2.0305850706746287
-2.5260369173432213
-3.106902025818532
-4.52392215358143
-7.961091701131204
-10.120991556613093
-10.301869687450926
-9.671804034691851
-11.063970374076282
-13.888168641011712
-16.04861953641239
-16.881762161596093
-16.448587202517498
-13.908132033693397
0.031142029585188705
3.0941907526496646
1.993629597955473
3.0729200293279555
3.419402033550627
4.645388062939411
5.69125502107717
5.501483453556962
6.343036995886239
6.687737058891764
5.2653413595981915
4.422831381272444
3.187893400928874
1.7163792239187083
0.8814984624493559
2.3631894873528205
3.4521160792473395
3.7614956358088136
3.97200742685967
4.005023966798769
3.942107932382975
3.424518449427488
3.921200567171731
4.9989337097681705
27.68235259733038
33.663114102955
33.54674685691005
30.16266775013148
25.926163089747337
23.224304093402555
21.994226986648822
21.12572572708592
19.70874337452049
18.498041434457782
16.15500118856279
13.199547449384921
10.543028620182533
8.577131510354791
6.963526223966506
5.445099844462881
3.9215924028302536
2.6581056842590356
1.6155220851839318
1.0112591238703779
0.9408092110373824
1.0203712860269771
0.6427073162870076
-0.11733652770554621
-0.8891537914819467
-1.3722543847482092
-1.3595332158474815
-1.0136730048590286
-0.5614430623519501
-0.1399964455092776
0.49840804367953645
1.276297942915934
0.7360104119442439
1.2922911635084535
1.4404159959014309
1.5925734854233906
2.978026859565129
2.2761714690880765
2.650496977870331
3.58886301500139
3.6014108110658496
3.785409882190922
4.7008381385685025
5.307849938356276
4.496446178688916
4.213726249114638
3.9209362152860368
3.372047855397413
2.616694691403586
1.9291205680463313
1.1057473703970049
0.18451949095009912
-0.4126336938709971
-0.8582689947807899
-1.4009818153241222
-1.9556811446407654
-2.161818752572574
-3.436384872302613
-5.551395255036735
-7.151270450177389
-8.048629382527036
-8.666326502560207
-10.178248681465732
-11.963300563815224
-13.566542086443548
-14.860747597296161
-16.11104849163259
-16.3265966780339
-15.033303184361385
-12.492833229713007
-9.11934081188742
-6.9170827842950215
-6.326671023009871
-6.6773785769623535
-7.147813157054626
-7.283309155883352
-7.836275749246155
-9.409021777292038
-12.318415466260385
-12.987049256750728
-11.717160541520004
-11.952475437356219
-14.56736617536115
-16.97657438380184
-18.599884745402758
-19.38895184109168
-13.699643206593326
1.9265475225398736
-1.172179955176849
-1.4663011860752766
0.5148898907595859
4.553033377140105
6.251306650670235
6.56687792469201
3.4154908291593187
5.583544691193532
6.005154161733008
4.501895300419997
3.3918205469437672
2.326545765240398
1.6817474178475043
1.1580967747074935
1.6409833201725785
2.3962237622961156
2.6047250897992327
3.6508891051027432
5.023710177691564
4.675118213425059
6.782050508725293
3.9003660800802376
6.562693470912616
30.106944413833446
31.10318813164131
28.69061898330764
25.121633538964847
21.410968819375803
19.611311811327525
17.964327087512405
15.72298057600564
14.3562035518672
13.845297951391524
12.855745576920844
11.412498932871683
9.940320520193932
8.340904778187419
6.443212152550257
4.208730401831246
2.156550216796774
0.9826272275861021
0.9164252369660894
1.403505869904998
1.5663238265724002
0.8685000693900109
-0.5161256417056284
-1.9865436520285213
-2.641653168307185
-2.9301294732981873
-3.3880841987815007
-3.5658958362486253
-3.1574275967374166
-1.688198603296412
-1.1188339678622707
0.22643360490705583
0.3716443481480314
0.8352138009540064
1.0858251350732846
0.29594915557541523
0.6321749664682654
2.116546224056576
2.8979293764460605
3.4150936932111424
3.6971760808541356
3.4286831385826613
3.7961654213078195
5.249127486678479
5.258579890291444
5.0641214678019
4.473111559434443
3.7213023181148044
3.1391161471324343
2.5933941703083243
1.9887550228859112
1.3287030041307215
0.5391852095855849
-0.661404823379051
-1.6611858390722474
-2.493961087492912
-3.5739694081705644
-4.854171442462617
-5.028448071029335
-5.573481392132879
-6.130716211408052
-6.802193955503366
-7.649000845422817
-8.970381905670656
-10.152831726415226
-10.978478032549317
-11.625055891577464
-11.748267905093243
-11.362494030701342
-10.314260139591466
-8.828239199450616
-7.996748245375084
-7.650321185142899
-7.893587514198775
-8.607401711314523
-9.236763005223994
-10.194476967814591
-11.848861261736298
-13.638373688839987
-13.944867996090853
-12.976723159131758
-12.823770266906667
-14.72167612345998
-17.553255704270537
-19.500510294831386
-22.201411162955228
-18.42785303322459
-4.080942520035251
-3.2039371114100605
-1.5801792975177702
1.2538099805991976
6.361592971439141
3.7362445453704844
6.214558860422085
8.198803521572449
8.284553434848018
5.981629947578744
3.8547690638547074
2.2096328756903607
0.24137937706199455
-0.9487107473659246
-0.12579980064493013
0.20391285439952475
2.041676362169152
4.857006109081537
4.3980545267119915
6.299054406407417
6.498141559004464
10.544607348636818
7.5743726281445465
8.897943628315309
24.024720805686705
22.826545659529643
21.141428512777594
19.538622691336478
16.60816715882986
13.970718022533966
15.121168473060328
14.051370386860887
12.812060952284863
11.677869265295453
11.184498970482375
10.413651923356554
9.405003212106857
7.9959154022846
6.1609998823854815
4.103485578151806
2.323639620675358
1.2192051356022429
1.1767596445386213
1.2746146539647234
0.5088763700560218
-0.8297609111143612
-2.1634486240886055
-3.2725573989843597
-4.4665000247479005
-5.693592893129337
-6.313428234725048
-5.3733962031366795
-4.1817903590595895
-2.6064484401277057
-1.006341740931318
-0.4334228835184525
-0.585225907258505
-1.281950844170048
-0.5039252765835561
1.0215967171425666
1.4815551945467864
1.6336628560005495
2.3614635704424063
2.8447689525283897
2.931436484076671
2.3223806007218477
3.5674298073514725
5.498718369560979
6.0528840529472
5.993464756589061
4.758446782632334
3.2148371410440877
2.8780635722499497
2.779948319678473
2.4141922290433158
1.675867536461652
0.7745360864653449
-0.41219118579697994
-1.5400559597661625
-2.227179522286111
-2.9328867717117593
-4.059492573653273
-4.845693012678453
-5.326247524446223
-5.777958791856271
-6.364275432970043
-6.933840853008287
-7.611759263649006
-8.067604856917411
-8.654921914123035
-9.053614131777945
-9.263980090297101
-8.967893464881652
-8.447439748687348
-7.96272412362829
-7.839468223149856
-7.676735893608057
-7.7621385293435115
-8.819302521147717
-9.847587917865207
-11.302207322192807
-12.411475648181323
-13.517677073339943
-13.792150214686378
-12.300196982439854
-12.380544767603293
-13.625424529264203
-16.76194996811373
-20.267278041913496
-21.89824035600048
-26.810311194854126
-16.63420340629941
-4.322265419782083
-2.0310975487069305
0.6622956235484544
4.11663592180082
6.574260348156927
7.187734396319608
7.383894143752517
10.195734960617948
5.096927156470229
2.6410874506188478
2.6269293785577386
0.29627471304794545
-1.2316810876040722
-1.4404313008499108
-1.3299805265727824
2.4865183198579346
4.335510077138946
7.213444122373011
11.577575001963194
8.787783673020218
13.54576481081007
10.171378939087827
9.677339336363463
15.741560035999552
15.283447658046752
14.417223140504499
10.899321349900163
11.473192052727445
12.269329779875823
12.205710346725041
11.950330650070368
10.97697070342295
10.355141069136572
9.89381828396528
8.748150172168945
7.592548068510145
6.930169971701514
5.890071071267198
3.9248238984941453
2.053167498624661
0.7210275071265144
-0.2552401304140307
-1.060398296034501
-1.7685951260445496
-2.7039902820648685
-4.097637260278641
-5.764273865868906
-6.536132091935207
-6.995785240944495
-6.839092822022376
-6.5323620966013
-4.101175348424545
-3.220592740807044
-3.150874902404466
-3.3779873932333713
-1.5538685560805743
0.0419916536677364
0.029794947601723673
-0.2945571357444891
0.3260765994600828
1.715920301348151
2.809795270323657
3.2813325019037802
3.1708941153578785
3.0607138531150504
4.340674533335258
4.672139370988291
5.350391817777492
5.52270466581074
4.672916123803603
3.377289662336637
3.789353769070261
4.6443286030356985
4.307867600633514
2.973707787219634
1.472122520806807
0.0323203781620983
-1.3854227460615964
-2.8254871912981794
-3.412984275453198
-4.23771200514543
-5.490579741089093
-5.934582401499065
-6.133965576133521
-6.195521191002916
-6.479532720927655
-6.639218694379463
-6.976944120389336
-7.169105689434247
-7.262444956257133
-7.438915185409104
-7.756813462754062
-8.668948679135264
-8.871981678733047
-8.593724142910853
-8.522831467847078
-8.462053399775474
-8.794135455382474
-10.042688998645614
-11.210272349807386
-11.93272043809776
-12.27867540083049
-11.793293923275192
-11.675209752567671
-12.307510781022996
-12.607060404958496
-14.065410647261423
-17.36887519522187
-20.271242170482516
-22.603138867456977
-22.67516049882548
-20.089177854841594
-11.094754871646783
-1.8387575578968978
2.596384005286659
5.338387506690877
7.880828518762275
10.182826473442173
8.706475575391206
5.948644917315097
3.107265223971403
2.5571859043524534
1.0847224538245073
-1.0006573094870643
-2.6806955163037434
-0.8912289063252652
2.5410276183011913
4.425429264296394
8.540677441207354
16.39819304680731
15.674791266215344
15.725961434056845
14.605077632001764
12.59981536293608
10.636012186720645
9.62130738273144
9.339602156810264
8.691193468410717
9.571284961042519
9.076431506536151
8.659968307168414
8.240321678914041
7.969691572290106
7.580688079577695
7.001541877987062
6.4243163222224595
5.7877744342995285
5.013022648179946
4.084461027091185
3.016615890989136
1.389864052851708
-0.4070788815860275
-1.759939705739476
-2.7322940864148766
-3.5407599620915855
-4.951019327979397
-6.298530953237556
-7.311000052210741
-7.929508580247165
-8.543683438156052
-8.17247648215937
-6.134309227020139
-6.306096523444824
-6.814673562262108
-5.887614893842856
-4.152707202205533
-2.3062368847835004
-1.3301186572626555
-0.6067513617981697
0.49074465462421946
1.4939880975396653
2.6992730867490558
3.6668011098388362
4.3876862823752525
4.761881461208372
4.957213805091474
5.759913503503321
6.316084691393721
6.42553840105812
6.594814087227248
5.809015735000617
4.243674179122389
5.873613241462555
6.4728808878712165
5.000865759174823
3.6965524109677723
2.876283579151069
1.6074543822745437
-0.21289108667540277
-1.436351800364414
-2.157322568639083
-3.222181099804564
-4.164893119665818
-4.988430726297651
-5.460212446155059
-5.762931382034511
-6.058715738236149
-6.237331287574391
-6.433290930584716
-6.510800464268829
-6.736481357391374
-7.099568306448218
-7.668649053308865
-8.486262706623053
-8.882239430900473
-9.159887961484227
-8.905893186414263
-8.96940168905912
-9.510533102135229
-10.077900745211503
-10.754847051572018
-11.261932699632029
-11.384034590600079
-10.889793640294467
-10.501738953634515
-11.258920922506407
-12.091467867092842
-12.385843759304986
-13.347298248878179
-15.870126226159751
-17.85928821112427
-19.084854643377174
-17.79695916030049
-15.041733478113485
-11.680993008410308
-7.254537593520004
-1.965536333775293
2.786163368782961
5.440182615217713
6.6557496462351615
4.278272637777618
3.1728381619206307
-1.6796803369653996
-0.9135855763216973
-0.4994451853372446
-0.7881853416095231
-0.7772924366221696
1.1692901123825805
4.542292745635887
9.475807362519797
18.083317234152275
21.800804288544356
21.7108792350091
18.235888995283908
16.056033357376712
6.402468575868941
6.844938892522272
6.480533734608855
6.597166572293811
6.527269541621254
6.34994868703161
6.167864219186093
6.080292683978864
6.0328945555584665
5.786687709814082
5.293889823626638
4.721423022772355
3.5438579785379103
2.1216060205522562
1.1875413114063174
0.44693728842559083
-0.4650864741629035
-1.5747193467701655
-2.948896808136955
-4.271514866085788
-5.48824081096969
-6.637337630366655
-7.680502678028464
-9.028644233020161
-10.208775492667336
-9.676768363189021
-8.061620336560669
-8.68110851362712
-9.84402347953069
-10.426581483600518
-9.589841887969817
-7.815640857752033
-5.786046866236468
-3.6059598525694736
-1.0321230151756007
1.8891235886916866
4.871210890887426
6.761039881244474
7.197951145598851
8.089788041508845
8.774914586942296
8.571928862731781
8.497068820411485
8.407058870882874
8.599559568383162
8.364798083612019
7.870667636967351
5.876845418445097
6.61866828482559
6.752165864138306
5.599330776006683
4.329147188129545
2.760972248385888
1.9477999782587352
1.1532408936016934
0.7255218504030174
0.009090707616357248
-1.1454351904242854
-2.2066303002964847
-3.340180354728253
-4.105650510240592
-4.52911524453855
-4.7843557882928796
-5.085829733999485
-5.493595573379066
-6.036862099115226
-6.83299602432594
-7.671675391630847
-8.165834528962083
-8.355584067631627
-7.929647017044104
-8.034635311786174
-8.503994613992129
-8.940196542488657
-9.292966776198579
-9.70398178370494
-10.07684184848891
-10.46959932857554
-10.498782854072026
-10.02157508007878
-9.712644623511231
-9.705671515449023
-10.195860328308372
-11.12842925795749
-11.768556437868963
-11.988166875950109
-12.555740592925918
-13.83002770235609
-14.322819241033775
-13.459846063177318
-11.82176371229414
-9.378255956716655
-8.929628658073561
-6.56454101404711
-2.9454613108418553
-0.9527753654919033
2.9419780377671327
2.0922945056732476
-0.09715371233572102
0.7125578477349032
0.21811176267145044
-0.8331271970130838
-0.7919780457466277
1.2332723600830282
4.679430100123998
9.822729001691005
19.164029772340385
22.568795986730727
19.123792767624597
16.337381650692038
14.75990375447102
3.638824500286199
3.6117524355946538
3.9787804661620907
4.7615786538683045
4.964201841598008
5.178078307994053
5.3975987331460775
5.221516333022207
4.982336770880475
4.563031446135796
3.920717315640126
3.1014794872134765
1.910984111251169
0.15388906962694981
-1.062633109667801
-1.48282090881944
-2.024223902003515
-3.0442412392954106
-4.179247400809097
-5.4695143118182825
-6.51639788982584
-7.5430321574919805
-9.176225847461687
-10.87626509842993
-10.911671108471714
-9.812004821618231
-9.586674013528874
-11.613784999653156
-13.651096878073577
-14.072238249619161
-13.871329795549435
-12.25587833652098
-9.431918991840293
-5.134029667038067
-0.23483035007449193
3.706404089361138
7.039168401948649
9.365646106371653
11.82898783604189
11.21656116167458
11.123895140242183
10.60230891876872
10.119298350470556
9.861438823273012
10.3219520551136
10.609870512538395
9.574118111821873
8.082506036597897
6.4230078900587815
7.149765157889976
6.18739252082959
5.229699287757735
3.916551159298357
4.018634058517695
2.714331610094458
1.0620476067588693
0.2726133098185485
-0.7897679775937416
-1.7229643099833154
-2.952890010525085
-3.6858047121023065
-3.9788438895817904
-4.162169948273374
-3.9249159095933757
-4.365330347226014
-5.213681267229679
-6.0271544706169715
-6.564637199527074
-6.559653360182675
-6.289133724662837
-6.482765491266638
-6.636525402623978
-6.743599653170108
-6.979692302523362
-7.185142770660794
-7.652500970740808
-8.308990479559657
-8.778404921286695
-9.141928214817764
-9.129654373588853
-9.058243012913495
-8.852037890470099
-8.729648553697753
-9.007608884693811
-9.857855261707202
-10.308362294531387
-10.076365965532903
-10.301796901882371
-10.427652290061685
-10.848840158559794
-11.081048749405817
-10.240887389638113
-9.425803597330585
-10.51177496468503
-8.361030331671344
-5.694222375663716
-1.9457212384614753
0.744828322538722
1.512228272113758
0.9239801237292244
0.5115364687681644
0.6082280833978093
2.035491811021462
3.533456751360722
5.764861582465713
13.560878891940325
22.582304610065318
21.98296929077521
19.514171566733552
16.308996910207927
13.205828969895673
1.6109933019568996
2.3588361011557426
2.4045276905718147
2.838848023373897
4.2624859874699
4.1483494552259605
3.7543345388098492
3.0738739104922974
2.641136970683111
2.344606322309974
1.7988921103707476
1.2296432413855742
0.638893395880696
-0.006575600107583635
-0.8639923519514356
-1.5984154248425073
-2.2161965424497048
-2.819655180604671
-3.9086841152404097
-5.636122468229844
-7.217304471152983
-8.578191688851312
-10.502565421603265
-11.7233640139358
-11.276195043367045
-10.497062843726509
-10.990369915607685
-13.729598673293049
-16.867426898899424
-18.214927606482608
-18.833572831158573
-16.715251107063455
-10.461090202889054
-5.371326638415758
-1.4623974021890966
3.1264616007599737
6.871808400541576
11.590871391462223
13.85962090974997
14.804150452581036
14.421979803858264
13.729798739642435
12.714642669738023
11.33140365788609
10.529324688211894
10.666293699227735
10.44535131772351
9.725781483360443
8.511105442923448
6.871508483167442
5.626727462191676
4.165041557269024
4.1969193090063355
4.136254891415396
2.361844446404945
1.339784325259451
0.60920131201326
-0.5101063265985699
-1.5189803479199715
-2.7101201351774047
-3.8101517736253596
-4.217793877619381
-4.581688609118996
-4.7761450643857675
-5.0370408893276
-5.172447661959184
-5.407457146799539
-5.38094939632145
-5.210686700058425
-4.931930509191987
-4.6478291492609785
-4.329331232395445
-3.9478770679725157
-3.8969444114498586
-4.1255881047154475
-4.533879590237593
-5.287957326820694
-6.376192190125657
-7.252644301067763
-8.014868090294081
-8.293744511631338
-8.000978758796371
-7.905977286255315
-7.916346541576029
-7.919566860657615
-8.841526120639905
-9.442403313176555
-9.449698174279481
-8.96686034159072
-8.946143117659958
-8.861222942582408
-8.895862092318199
-9.235861559334717
-8.87561795005069
-7.700116457001552
-6.490713151318687
-5.139317238931534
-2.540411756442099
-0.9666789969752468
0.6372133043282234
1.9833996820836788
2.8545566186294646
4.288533331083169
7.023212812635136
12.673222263753985
17.092334246231776
17.835013729682867
16.24838292799421
14.273420534338715
11.973010119959628
10.195137556129447
0.7202918656691769
0.45557439788131265
1.6559849772221036
2.832983239029944
3.230584461917212
2.9024062010869685
1.8167794689228853
0.3734217193878977
-0.16869355605752276
0.047193534053459406
0.8952392878935683
1.7579802215739968
1.16050876082738
-0.06379191677539925
-1.3109338353157134
-2.164826406994932
-2.5201755593722392
-2.8836087145252045
-3.7860861536317234
-5.407368800324763
-7.587204848199387
-9.42181416081317
-10.81160939103876
-11.607829611890324
-11.578669980249217
-10.987570848430673
-11.27844835123629
-13.183774590372353
-16.09470592914658
-19.942836447937907
-21.10086098502571
-18.791751943324677
-11.062889128207043
-4.746461468575126
0.4954486784474544
1.3389788772481923
5.054999184669455
9.929643889760078
17.497308534238158
19.23958944225392
18.691175449014924
17.567872770890173
15.895839465007581
13.165852974415536
11.006653095705792
11.242737347866067
12.31982059478637
10.518117298200998
8.454710524273738
6.692806862341755
5.313876331903506
4.286488779522242
3.346210001436862
2.964952794886739
1.2734834671126698
0.3547752993964327
-0.3526385392266897
-1.6857156026118567
-2.651351330542319
-3.792712649556602
-4.628481994725748
-4.947060739086475
-5.278124975361713
-5.2001311346669725
-5.138857282638925
-4.9135134508599965
-4.520639076812021
-3.892124954920171
-2.838532802601939
-2.268523082004733
-1.4102432271101415
-1.105423412636018
-0.611377661795398
-0.9417205542525134
-1.4861433459098854
-2.1518408265543814
-3.0130950343877294
-4.125099908715338
-5.473760500812137
-6.408411636817455
-7.049969367000904
-7.287933244590677
-7.18693761394922
-7.118287500964732
-7.194965627463419
-7.336966413531777
-7.394422345191796
-7.650630204637684
-7.578794515953077
-7.499102117089779
-7.174909135806592
-7.039595259938089
-6.567265144306527
-5.757083039752029
-5.046445267382423
-3.7849628077174726
-2.161590827824541
-1.149606695752878
0.2020438124116637
1.0550575777365248
2.321851361645557
4.669630207278633
7.381900578191266
9.458076076996136
10.476825983906028
10.714756805677375
9.75773191467702
9.037440611954437
8.594154094544905
8.192284848073454
7.851009502584494
0.6051514690351196
1.240106533221812
1.1362055976208894
1.0010376968003725
0.6395140073820086
0.8296283039884977
-0.33471127725613425
-0.018371801438688787
1.7256454245995876
2.9017086595453216
3.322929543950448
2.9453650519695964
2.1312092078560125
1.0116833478783482
-0.7524384466051894
-2.6567314026598745
-4.623678698173693
-6.6268412475434495
-7.688074334813256
-8.05777730012546
-8.667213797270716
-10.290177108533587
-11.655769629406391
-12.130956074508271
-12.113097519439505
-11.961029305337616
-11.633463179077292
-11.932716802407462
-13.399040951224743
-15.375957116735718
-17.678850473844847
-18.461082138315536
-15.26690367254973
-7.7312379670141285
-3.045122385053538
0.649893721189623
4.2225693380106994
9.733052761981414
16.74948933532989
20.33232232427978
20.695400156254244
19.24478299055453
17.25666011201786
14.544352533287425
11.003290714275728
10.04426110085752
11.78468263339829
10.47949237160065
7.581951841933829
5.807458914286624
3.575698233121696
2.2593241713352574
1.3650399892014415
0.8003436222838767
0.3471476962732016
-0.8966726730303172
-1.9109774833414048
-3.1428443471978684
-4.191477223047664
-5.369201974637517
-6.360793208952877
-6.382425706053067
-6.150989118307844
-5.2257536170076175
-3.120166044091741
-1.7770406122209421
-0.22429696489868262
0.5590410410324271
1.0961888157437192
1.3762182553717692
1.6869928136993821
1.4465481326933198
0.5808238910829433
-0.006117707037687563
-0.7933091077953365
-1.7395508194214202
-2.1439012201865086
-2.4953833716703944
-3.0312535365136126
-4.110269329813037
-5.387322107139881
-6.532958449250666
-7.153528969842813
-7.391803153543014
-7.213548598527566
-6.681873480556693
-5.94359244160125
-5.335587237732589
-4.880039800326891
-4.9421288279256
-5.090055747603004
-5.154050129150955
-5.13298569030896
-4.709844497788032
-3.7253069677669735
-2.4383622370378495
-1.0269317492540313
0.38868668874379136
1.1244916774693179
2.3299971558668955
4.21825033542698
5.222030483387995
6.3333796536235445
7.074531674585232
7.01840812516931
6.744022996452078
6.448973879907818
5.568793216026517
5.159101572611265
5.658979395926142
5.993666679364988
1.948023120367688
0.15324050520997623
-1.3153485180624094
-1.5489506134482993
-1.6006148973883296
-0.9015404284647603
0.39064005405914554
2.3128087782311337
3.036681849000198
3.6581285281614297
2.783783915959808
2.15330622903063
1.7217192553444958
0.8465158313949271
-0.2758040029436705
-1.2187630814921506
-2.7406545245598326
-5.166382204582075
-7.87272769811662
-10.542265787114152
-11.338561678796832
-10.807327191826687
-11.146785563164574
-12.111258952527047
-12.531141951943617
-12.15067290473934
-11.701175487027466
-11.595858007188465
-11.864487935157898
-12.289671403711948
-13.277378087159473
-13.370537070272812
-12.59443448065047
-10.58850666536827
-6.65075919078417
-1.7638181179804122
3.7463223089931055
8.722875794932182
12.289264818365458
13.874152180491437
15.083710446516609
15.0625612278909
13.434824281100697
11.282592319415148
8.75237159429359
8.2070112069189
9.046497870371677
9.52311676167566
7.7128916550572235
4.954527177585427
3.046066637786049
0.7731575896384989
-0.3472250407025348
-0.9763753289852134
-1.8834580443517845
-1.710679862747017
-2.5276914621691
-4.6491893393856465
-6.0927231009969285
-6.930782290039922
-8.743086273838431
-9.047303120465301
-6.951156061610716
-4.174684901335101
0.2653346204663863
4.291602868399626
5.3918444371247345
4.379340915129164
2.961988954238814
5.509559036781851
6.370102818283094
5.691843731649223
3.912997369315737
2.7387584278264296
1.1091802451224542
-0.6168959312730189
-1.9585757839472373
-3.120840149130544
-4.542168765727422
-4.765627712992336
-5.091288920355746
-5.364757860875069
-6.365160431072707
-7.288328224007367
-7.433259937359887
-7.287436678525661
-6.833891896037268
-5.745876575329297
-4.834299736928569
-3.4769594746567014
-2.444780245834426
-2.1265182180345104
-2.449179275808331
-2.6857196988058187
-2.4931152944280988
-1.6908076109926082
-0.7839188328264441
0.5952855171739401
1.9951156506777414
2.6666419081366155
3.8147611744683765
4.857782266765273
4.9236292365742536
6.172920173351746
5.441217009217014
5.151482632537709
5.198532784856663
5.195088635017402
5.4530555118306445
5.062761153459449
5.3831361720446536
1.0930358334684394
-0.7125789174051815
-2.4587751851556208
-2.9758075253027627
-2.262845820416334
-0.8297313523880812
-0.4464601002428455
0.7581267585015449
2.293560121851048
2.2501303438065228
2.5286556793263633
2.3901248592565434
2.6102206711543
2.150757871395768
1.2001075086352224
0.03795873537876029
-1.0568607224349988
-2.472351867799892
-4.636842985864862
-6.881110920052757
-8.917748534311325
-9.635195629660132
-10.039014460916775
-10.478418322769645
-10.964981738716606
-11.063999384412039
-10.873319616378552
-10.55655765146578
-10.401978849278647
-10.174009815149429
-9.729574623164787
-9.045016049524142
-7.66913439182576
-5.831461038502988
-2.9822359770497844
0.08317491979427546
2.784325638929699
5.2988226617967875
7.283651121789554
8.38256292332915
9.339701644883734
9.364665627537457
8.716463810647026
7.120596540009176
6.059349407257643
6.013185611267138
7.262493202242739
8.773403410652772
7.734250571558808
5.331533998497414
2.527472804587525
-0.029432063436524623
-0.993173585040741
-0.6723172575101617
-1.9293306294225632
-3.2317410249667824
-4.247630818362526
-5.174309158300384
-5.783190904045111
-8.647634841450786
-9.554091167948492
-7.393737164209207
-6.188614185446705
-3.7505114476510206
1.0883745753229719
3.602708309942645
7.337378295527522
9.046446392646967
8.362151393051024
8.401084313228155
7.897373414094783
6.422804070613602
5.335937437996839
4.709500448588658
2.8581974520424107
1.2504258085591835
1.6462772924087024
0.08707171876875515
-2.788035956792479
-4.275687208698499
-5.675850027715629
-6.415632153381334
-6.845271851308873
-7.021193452672008
-6.928519400553962
-6.696324409206657
-6.344871902074699
-5.787239010352175
-5.272125621452598
-4.454529524967323
-3.513264212737121
-2.522315040380864
-1.7475899857804384
-0.9616685670673008
-0.2208652123080171
0.8227034248813321
1.0974041105256136
2.462798264407158
3.0233172866096774
3.44213356972837
3.8062260148436393
3.5941739987439965
3.4970729696582583
3.8184793005547992
4.031923245529557
4.900894298137056
5.566110778667583
5.8238704356269
5.883928160531218
6.250564009127908
5.946512109964489
0.7382542168086761
-0.3629784479119191
-1.2900837299137708
-1.588573928398355
-2.5814171451721433
-3.7043174752576444
-2.714565105198983
-1.1654052023085963
-0.20593021487442476
1.5346158682629396
2.5183324306814714
2.6322272006250365
2.6340109108159893
2.5031762898451144
2.149466278818041
1.5176071160252567
0.7425842999743613
-0.4066149226381777
-1.8140193727915863
-3.187654898825525
-4.529740477300757
-5.7392115669447685
-6.836496199479048
-7.847655122305154
-8.540468377440542
-8.793814690995024
-8.708744341913585
-8.372675985801562
-7.8903514213267645
-7.415943554906632
-6.788369930046831
-5.964095140089461
-4.429478160555134
-2.5084719486831983
-0.541095995065194
1.4130945509621229
3.232713260669547
4.444861018158719
5.346468174815467
5.627789211223502
5.881441527776294
6.014385925670743
5.249684623297256
4.316741356800761
3.4841387124196
5.0990705201822735
6.48231233102277
7.568978626914064
6.46885153956277
5.391681720195799
2.0558225118589237
-0.9513788993374349
-2.140241069259574
-1.5174212344350229
-1.0223890358688468
-2.161938663307564
-3.9526549029608473
-5.6926971713394705
-7.158263347145204
-8.645090704254578
-8.392805748590728
-6.39711598844586
-3.6021704222639985
-0.21336113845125515
2.6200805592696605
6.191308313971621
8.240900150164206
8.888753141445335
9.283189741444076
9.357810554301997
8.241609984374795
7.24613820096702
6.417260334950827
5.057784084919981
4.546453563055472
3.274305801939226
1.1103853890537603
-1.4230206023363277
-3.281649328360876
-4.399075185872279
-5.011624383770723
-5.226704344787787
-5.762075836069458
-6.510449537847197
-6.873017731980742
-6.863520286373378
-6.511735509896443
-6.020223458026768
-5.2522613071147415
-4.4355647165652305
-3.585873846641406
-2.586116813105272
-1.6840154286231963
-0.8090251181235096
0.2655377415653893
0.9205988039297918
1.552363936170216
1.8453298655993973
1.795896086699514
1.7553065929974652
2.519478307165125
3.1033937006833674
3.5242008279562214
4.758750706419365
3.8874846347642213
4.3870663642008605
4.9258737068986775
5.515253364955036
4.960344183123759
4.212126872527723
3.8187770757756296
0.475289000616928
-0.09142354450583406
-0.5200335797606065
-0.9760711126463897
-1.7581141641207991
-2.4848820350311067
-3.1149960907412213
-2.664473944196957
-2.2541355194873174
-0.8494100184667629
0.6379068453777271
1.7698462863287194
2.43945152805565
2.581569427820029
2.54778888591801
2.6168239090311007
2.5207320415053363
2.0140488996625208
0.9555141887659333
-0.3379051407096211
-1.678742044926845
-2.9375340490910986
-4.038143068720542
-5.14621298184795
-5.962317242875008
-6.326532974581791
-6.138181437717501
-5.692267530376094
-5.0792834881230755
-4.324059231098405
-3.5755627764267195
-2.75846422568426
-1.7484694713551618
-0.7774910598601373
0.17403037853570075
1.011434272913064
1.6415301288666297
2.113199837448014
2.643946522884676
3.1623075276105563
3.4079182936437586
2.316448237410623
1.7808047831571086
1.7816968183004176
2.1949053709407207
3.5068901589233126
4.940348172093677
5.416094901691688
4.370134310995327
3.711489376122281
1.4205193577523434
-1.7925626355690527
-3.1182991781992038
-3.597145842054552
-2.9659651814844583
-3.167365206341331
-4.288473806215591
-5.258892878825558
-5.572729887879499
-5.067685751378995
-3.648366589861301
-1.6097945809009695
0.8691071673200618
3.3377189070446116
5.266490657620082
7.358804598045365
9.444735388876214
9.556100525273067
9.12352149858995
8.38676648157975
7.957222880294368
7.068960058645386
5.967532758780133
4.679473613868468
3.3670975901328335
1.3295079792272557
-0.5454505492700747
-2.542910598820823
-4.612189560170836
-5.85294605474154
-6.231866977300093
-6.4611384192226895
-6.657631895450522
-6.5657953307501655
-6.625447167895223
-6.576028123666089
-6.581668603442718
-6.5813919195860775
-6.133856852368083
-5.438588449477171
-4.642759824281417
-3.819471829850177
-3.308909816586934
-2.781360176282214
-2.1791420877215537
-1.4816255670264815
-0.37825875434452855
1.262088391070097
1.9522289294949997
2.0686017111851203
2.382496244550425
2.6258773990400557
2.24850922222425
1.9919915123851433
2.437237624726043
2.8372935039879543
2.773800117172037
2.6666361344777036
2.4025770210632222
2.277464003368161
2.4487314438862406
0.43680051006903015
0.4426687402476564
-0.13551863708363351
-0.49444446738176706
-1.172019966885896
-1.9212916441081913
-2.218851803137587
-2.001996508982268
-1.426204684580033
-0.8058831626158024
-0.12064535795454287
0.5177180592309061
0.9393909205291623
0.991250966563845
1.0967082887187598
1.7749504612304692
2.83435900170209
3.526726214938393
3.9186934292175124
3.071253952013496
1.4513582123374904
0.27009384859134083
-0.7032280249397915
-1.5789808159158467
-2.1569449276183112
-2.4363391671978527
-2.6083087519901804
-2.589080600438855
-2.2997901788716604
-1.8200879815483135
-1.0744716907124685
-0.49889929956436085
-0.013892121134843873
0.3678917877878707
0.4827375349588416
0.49702749903701526
0.48978080533617574
0.08957102398280292
-0.10848624010209734
-0.48379197214770514
-0.09438482932017188
0.5059329655795863
1.0782374400933457
1.5189701167495666
2.1816917127204043
3.5304906040239312
3.6956278571237076
-0.12373959098073314
-0.42400300725335666
1.375951768337712
1.4271444615302493
-1.3420707949394899
-3.7885293413744794
-4.32617132677513
-3.824932098122825
-3.7829257197812103
-3.232609455877297
-2.788452028969896
-1.9753193010110237
-0.932879097831597
0.7724075376523376
2.4096486687860597
4.26707754439526
6.199705864111803
7.812373295283081
8.277557504624703
7.293907725595672
6.374386918712521
6.371398734034163
5.78728051610976
5.036239583578638
3.9940686639103045
3.2892580651202734
2.421790019595188
1.2806681704874285
0.2812631150308007
-0.696555693276857
-1.400473267626166
-2.255580056322872
-3.1539083881806227
-4.492858726129994
-5.695180745948725
-6.702624448898241
-7.331934616942625
-7.491781027503028
-7.210095108814864
-6.672017710280603
-6.662879506951445
-6.665485496738805
-6.542256168689611
-6.345548709686001
-6.1968610954687975
-5.607469121703033
-4.124260774009364
-2.482333179559885
-1.1764762844351586
0.048765003721331954
-0.12310389831248217
0.004208927220390997
0.3834330772726166
-0.29824421937401463
-0.42651952762092216
-1.0482819606624407
-1.0483602982073803
-1.0417251805264987
-1.2995140596601784
-0.8059899093611294
-0.7049922995332059
0.13938467664288473
1.170241815604013
0.44212678002407385
0.014750788957728876
0.21402827195762386
-0.13568921608420137
-0.5478953330956917
-0.8105818241280642
-1.0063776744560637
-0.8834408965619903
-0.45730601946051586
0.055815775866182124
0.7009217093503103
1.31173855150983
1.5665200613723491
2.030642773296626
2.196355019742635
2.304554531182742
1.9216638172019809
1.3952313874600253
1.0095482208486153
1.0022667309084528
1.404684335669141
1.952892590727013
2.3180929211512287
2.3233438343766606
1.7393787019493139
1.1199364991360352
0.5993477166202161
0.05238012004834475
-0.45762404860580214
-0.7450530404303624
-0.9370814639776821
-1.1241571610945704
-1.285646148365971
-1.4747114928800105
-1.530223799995455
-1.3276907825755289
-1.1368973482863092
-0.8481889187394763
-0.6638174581287469
-0.2480313965890722
0.239470521569203
1.0170840736026405
1.9853611619559592
2.7155914408397743
3.0717010264167985
2.855687508185197
1.779623033941904
1.4396867477700732
4.246305520686001
1.840377948836637
0.10587459572345821
1.73452872201869
0.21550888733053392
-1.8804245192783808
-3.4184002342675828
-3.531244795542024
-2.304245140330731
-0.9921466218493384
0.14886727435673536
1.0907103128363
1.62772748710541
2.457924011148541
3.614922648251608
4.569976753055006
5.110412941018009
4.6514901304292895
3.99789461473414
3.6608837497854787
3.109074156807364
3.0014525584670286
2.314897891429967
1.993937606044613
1.7705327971345408
1.3585401150768388
0.850875603852596
0.017362260469292512
-0.5188240685070907
-0.935683817547164
-1.4639357057002838
-2.316459844094092
-3.580298073826941
-4.730957015756971
-5.475665572972851
-5.99155923237938
-6.718240741449239
-7.180109390760661
-7.3043863855387645
-7.125954740809962
-7.002889158367793
-7.021007391678217
-6.738383424525073
-6.331235972359259
-5.560127353840996
-4.300676483234667
-3.277124916238895
-2.8320222278252762
-2.85889645464344
-3.1266270571655346
-3.1281841233886194
-2.227911563317683
-1.991721227615976
-2.5999635653997277
-3.12800304085783
-3.225909033651692
-4.052618619729415
-3.643899146428707
-2.4553281450313507
-2.806100500985738
-2.2878127878993912
-2.094444038234198
-1.4485727158004882
-0.9048969891111623
-0.12107108412614856
-0.8633497046727169
-1.4278835804365742
-1.4269834426073187
-0.8228480245591588
0.054293021160096204
0.8126019119639483
1.5927547547293868
2.216236656977058
2.0799934166244034
2.7830708457275266
3.250941680889926
3.2504699791069998
2.9987365319284787
2.9196139520735542
3.0173892873759454
2.5491111827853774
2.081470672746513
1.7701311613824309
1.4780245372854295
1.1275968664586278
0.7961052280005521
0.7177154395776324
0.6391242310229431
0.5417079676556387
0.6990350738233931
0.8363188765351779
0.93424140515203
1.0320659067975535
1.0505980269844901
0.8339004891588558
0.4812010901756295
0.305573780079605
0.9701860742588214
1.3384201678406673
1.5505665059715472
2.994139667601665
4.005512857706574
4.042001288946461
3.6326594865946245
3.2426653813657755
2.969584308158314
2.8531976119237332
1.9186313154554069
1.140453643011564
1.1215462810505774
0.7138836144137501
0.13182707022603743
0.2082456437086318
0.7150071867423572
0.48117926238177733
0.34328893810329575
0.2641458951860768
0.10663101850717824
0.008552996373297171
0.18473435465728938
0.2623863680021379
0.6522874359373712
1.2164023525850887
1.6638001451515376
2.3456553118965413
2.9696788373162772
3.264993315680518
3.0134121906693805
2.6648625379610853
2.684987072639264
1.943368836467192
1.4179655032610858
0.9695039903855167
1.0682262116911292
0.775281186963628
0.578686023847216
0.11141590827816425
-0.35528937312179754
-0.3754881651770729
-0.3563473359726821
-0.9215738434820221
-1.7977882428057401
-2.597950035078028
-3.671685122779504
-4.353511097862517
-4.606671048995657
-4.9197676572421845
-5.5053158669594975
-5.83666695957985
-6.519486220896104
-6.480090124709218
-6.128969998757614
-5.954534808744691
-5.91704817263239
-5.7226988729839325
-5.256490679615387
-5.352644309020144
-5.2527541545170475
-4.411256323381361
-3.9835065510107457
-3.594892218170623
-3.615365434884925
-3.5339117691129593
-2.9881265877291803
-2.3836453540872817
-3.5148977747870127
-3.3995596931466476
-3.6327605696886875
-2.5014050379221326
-2.2870376487539215
-2.60024451325674
-2.660188807545814
-3.381742507773874
-3.3243024319090724
-2.520459991768558
2.3635286934529107
1.7490618702137188
1.2580312263338729
0.827363599477507
0.23812682682169195
-0.411470998735028
-0.6682443091878711
0.9507995265363467
1.587780614979309
2.4518338704947276
4.571809554133449
3.859136602118289
3.647395245717126
4.103294887279444
2.2878385417027816
1.1219800216828393
0.9354689681655587
0.6660823442430972
0.5174161143003754
-0.3916693475672295
-0.08172135331628153
-0.10695140389965782
-0.4997761757768451
-1.0890149125552357
-0.7538354126721523
-0.5222921528026854
-0.48444707692762096
-0.27541979408399436
-0.38624091030657587
2.0463943300991625
2.3635286934529107
3.297843953603386
3.1113326477856
3.5897482663737574
3.8870807262592004
4.758320859951236
4.841197889877981
4.911459894513037
3.0104124454520944
4.115909912571132
3.8366206250924484
3.992473733211786
2.9500513925511895
2.9401504408170376
2.9149203902336613
2.411274721062127
2.2752235164110934
1.5652646379534687
1.676085792021126
1.7139308678961902
2.081525332416691
2.031065231249938
1.761676895505407
1.9328591024739692
1.9202440771822809
1.8220379484063118
1.7968078978229354
1.4544434838858111
1.6887008173128142
1.7139308678961902
2.743738183265099
3.1843087259781924
3.0131265190096306
2.987896468426254
2.2499934658277168
2.0409661829840906
1.746347796656183
1.1444962510091854
0.27597190269675637
0.8048473701511611
0.20028175094662748
0.4120231073477901
0.6057212913421924
1.1697263015925616
1.3310073045264659
0.7895185236024427
-0.4493160746100925
-1.577331482877546
-2.901757184574362
-3.5135099342560174
-3.3702718514283676
-3.5919141595636823
-4.108174854026904
-4.2568410839696265
-4.463154293255717
-4.855978808359594
-5.520905732765537
-6.3921458664575725
-7.139949820790262
-7.3363620783422
-7.54267528762829
-6.658820128644568
-6.0092223030878475
-5.384854528114504
-5.112752118812437
-5.049676992353996
-3.5036089825218655
-2.2044133314084253
-1.8845648944971416
-1.529585455268329
-1.907080871522982
-2.8540111569651456
-3.1837605456105815
-2.4611866418612682
-1.0890149125552357
-1.6557357081852109
-2.337750462501923
-1.5647164575858576
-2.781035078772552
-4.130690831052745
-3.788326417115621
