111 72
1.4978638219567628
1.5135072684607858
1.5447932251740335
1.5760801181820796
1.5917213722916004
1.5807615921752212
1.5651181456711982
1.533831252663152
1.5119073076413891
1.4790213901087446
1.4570974450869818
1.4195300535611957
1.3726006503439248
1.3335498338741938
1.2788555709004392
1.2351232804375667
1.1897919654500957
1.1444606504626247
1.1038108094682952
1.0459184974453446
0.9943066839401334
0.9254523994063013
0.8738405859010904
0.8488341914107841
0.8285092709136193
0.7972223779055732
0.7659354848975269
0.7440115398757641
0.7330495673648827
0.7174061208608594
0.6970812003636948
0.6814377538596716
0.6814377538596716
0.6814377538596716
0.6704757813487903
0.6704757813487903
0.6704757813487903
0.6861192278528132
0.6970812003636948
0.7127246468677179
0.7080431728745762
0.7017626743568365
0.6798387293350734
0.668876756824192
0.6579147843133104
0.6266278913052642
0.6063029708080996
0.5750160778000534
0.5390477107988656
0.512442291783961
0.48583687276905646
0.47487490025817497
0.4951998207553397
0.5108432672593627
0.5108432672593627
0.5264867137633858
0.5468116342605506
0.6187483682629261
0.7110100227624665
0.8471195673055327
0.9582227173582927
0.9927076594155352
0.9130070019514748
0.7331651669455357
0.5391633103795187
0.4561490042856085
0.5639385057085188
0.856366915711163
1.2052042127928126
1.505626809123649
1.6668561553431727
1.7076215959181553
1.7185835684290365
1.7889212779068142
1.9781260608990363
2.247147100935972
2.5084042175112233
2.724330019099003
2.8667200621598092
2.926211398707358
2.90280402874165
2.882479108244485
2.846510741243297
2.8105423742421096
2.788618429220347
2.7776564567094653
2.7666944841985837
2.755732511687702
2.7354075911905373
2.6947577501962083
2.6165405176760927
2.527361312645096
2.4428635816072406
2.363047324562527
2.283231067517813
2.230020229488004
2.187771363969076
2.15648447096103
2.125197577952984
2.089229210951796
2.0469803454328686
2.000050005920799
1.9484381924155878
1.9077883514212588
1.8514950639229062
1.7998832504176956
1.7389084889262012
1.6872966754209906
1.6356857982105781
1.5684305382013441
1.5011774705866123
1.587303675284938
1.6034670322985796
1.6357907959985172
1.6681175100258006
1.6842805846953843
1.6828691467514723
1.6667057897378308
1.6343790757105476
1.631555635134608
1.6273204742706988
1.6244970336947595
1.6055102361051785
1.557023115391599
1.4671015747495983
1.3610166770939565
1.2563434997262843
1.1797618755219859
1.1031802513176874
1.0413502638390608
0.9914484725101664
0.92820676474357
0.8768932531267059
0.8136515453601095
0.7679849148951243
0.7370699211558112
0.7047432071285281
0.672416493101245
0.6695930525253054
0.6681813322373358
0.6520179752236942
0.6211029814843809
0.6049396244707393
0.6049396244707393
0.6049396244707393
0.6035279041827696
0.6035279041827696
0.6035279041827696
0.6196912611964112
0.6211029814843809
0.6372663384980224
0.6225147017723507
0.6358546182100526
0.6330311776341131
0.6316194573461433
0.6302077370581736
0.5978810230308905
0.5669660292915771
0.5346393152642942
0.48756096451133923
0.469985887209728
0.4524108099081168
0.450999089620147
0.48191408335946023
0.49807744037310187
0.49807744037310187
0.5142407973867434
0.5451557911260566
0.6393124926319663
0.7643841878771894
0.8951027642742915
0.9801547102064083
0.9562983179069439
0.8045467897863168
0.5691550360215425
0.38853466829554617
0.3919925427174598
0.6322538911921176
1.0236323339414282
1.3939778249672137
1.6448955515723103
1.7222541798745465
1.68505787113738
1.6864695914253498
1.8087178460946332
2.073612873310751
2.3912331324317027
2.651258564937937
2.834702373239873
2.952081033199273
2.9738912713647934
2.9001330877364344
2.8692180939971212
2.822139743244166
2.7750613924912115
2.772237951915272
2.7708262316273022
2.769414511339333
2.7680027910513627
2.737087797312049
2.675257809833423
2.594441024765215
2.512212519409038
2.4447356507785325
2.3920104188736984
2.3392851869688647
2.3041350323656418
2.270396598050389
2.238069884023106
2.2057431699958228
2.158664819242868
2.124926384927615
2.0764363138866906
2.013194606120094
1.951364618641468
1.8733712741491995
1.8101295663826031
1.7173845851646632
1.6541428773980664
1.5909041199588154
1.5114990551785774
1.4320942727423969
1.7827234587960117
1.8085488689624576
1.8419474902506316
1.847971600334762
1.8372956423021984
1.8099196161529414
1.7840942059864957
1.741568727703356
1.723318043603851
1.7050673595043468
1.6594424743239948
1.5971156959585395
1.5378916645039193
1.483317966052519
1.412044199484425
1.3316450908665782
1.2663954343826145
1.182895093799146
1.0978441372328667
1.0112425646837764
0.9353169501672493
0.8578407196679111
0.7819151051513842
0.7226895587515507
0.6801640804684111
0.6376386021852712
0.5859877818523792
0.5677370977528746
0.5677370977528746
0.5510370296361808
0.5267622354525459
0.5191875093856045
0.5100621673358521
0.5100621673358521
0.5191875093856045
0.5283128514353569
0.5374381934851091
0.5541382616018028
0.5723889457013076
0.5890890138180012
0.5815142877510598
0.5982143558677535
0.6164650399672582
0.6073396979175057
0.5982143558677535
0.5648142196343662
0.5314140834009787
0.4888886051178391
0.4479137428175103
0.43121367470081656
0.42363894863387525
0.44188963273337994
0.4570390848672627
0.464613810934204
0.464613810934204
0.4904392211006501
0.5420900414335421
0.6696664762829612
0.8215177053160153
0.9368675661500602
0.9564905123852624
0.8318369556543517
0.6100842221889008
0.3687085424882478
0.26713587165238817
0.4024653864158621
0.7426692126809797
1.1510455735485698
1.462144403834506
1.6213904901421745
1.6334387103104355
1.574213163910602
1.6015891900598591
1.7990653042732647
2.174219882754581
2.553847955337216
2.775422334955554
2.90437103194067
2.9938954826082695
2.955843498426449
2.8723431578429803
2.802441653410584
2.797968159309264
2.7752439811084395
2.7569932970089353
2.766118639058688
2.784369323158192
2.7934946652079446
2.7418438448750524
2.6750435724082777
2.609793915924314
2.553669601490103
2.505120013122833
2.464145150822504
2.4231702885221753
2.3806448102390356
2.3472446740056485
2.313844537772261
2.271319059489121
2.22121885513904
2.169568034806148
2.1103424884063147
2.0344168738897874
1.9584912593732604
1.874990918789792
1.7990653042732647
1.707992062691265
1.632066448174738
1.5561423486034243
1.4726420080199558
1.3891416674364874
1.9870261170400405
2.025006058485505
2.0629859999309694
2.066562699322934
2.059828916497818
2.025425674444317
1.9978611192056355
1.949570695543091
1.9115907540976262
1.8631954264453783
1.7734560223906324
1.6595161980542383
1.5661973381520045
1.5142260054668735
1.4484717008033214
1.372406913922689
1.3102293086511008
1.2239589435430915
1.1273780962180024
1.0170149712735725
0.9307446061655633
0.8306919634382134
0.7409498029279432
0.6684617154392749
0.6166994963744694
0.5684090727119248
0.5028645760277785
0.46488463458231377
0.45446924837553093
0.4337433799516682
0.4199611023323273
0.4199611023323273
0.4061788247129864
0.4061788247129864
0.42343289773458825
0.4406869707561901
0.4614128391800528
0.48213870760391564
0.5131750582448584
0.5373727220709822
0.5443163128755041
0.5650421812993668
0.5960785319403096
0.5822962543209687
0.5650421812993668
0.5305340352561632
0.49255409381069853
0.444263670148154
0.4097555241049503
0.3959732464856094
0.3994450418878704
0.4270095971265521
0.4235378017242912
0.4200660063220302
0.4200660063220302
0.4649895385720168
0.5548366030719899
0.7170668510709283
0.8757203996779027
0.9479986791871651
0.878772579121352
0.6474211350463033
0.3713560361365819
0.16104517245450484
0.1751421620429546
0.4444734781275599
0.84468404903696
1.2101766659237507
1.4238544210183857
1.5101247861263947
1.5207499803125837
1.4413183020193934
1.4583625670615894
1.8109086874320586
2.280240454417569
2.711592279957615
2.932633241815583
2.9182215402580245
3.008068604757998
2.92527003505225
2.8424714653465015
2.7320034364123686
2.763039787053311
2.7769269686623548
2.759777799630456
2.78397546345658
2.808068223293001
2.807963319303298
2.749362413423673
2.690761507544049
2.645942879283765
2.607962937838301
2.5699829963928362
2.5354748503496323
2.5009667043064288
2.4526762806438844
2.421639930002941
2.3871317839597377
2.3388413602971934
2.2836073458301267
2.2111192583414585
2.1386311708527903
2.0523608057447813
1.973034031441294
1.890235461735546
1.8039650966275367
1.7211692833773125
1.6314278172261225
1.5451574521181133
1.4588870870101043
1.372616721902095
2.1493485364526386
2.2006461655108236
2.2519437945690086
2.3279932045640432
2.417508501770034
2.4422602827068842
2.437900295736758
2.400068553889529
2.3487709248313444
2.2505356536851004
2.1457608380823645
1.9918679509078099
1.8110432893113422
1.636761737346203
1.460297062719862
1.2972982753044766
1.19688301067317
1.1077536397677565
1.0320901560732996
0.9542466788937795
0.8651173079883661
0.7738079435978895
0.6690326919964565
0.5820833145761062
0.5286056920328581
0.4907739501856297
0.4351163341573185
0.3838187050991335
0.33688106301107484
0.3034093081339726
0.30122931464890945
0.30122931464890945
0.29904932116384636
0.29904932116384636
0.31687519534492903
0.33470106952601175
0.368172824403114
0.4016445792802163
0.4216504469463621
0.4707680825194838
0.502059843911523
0.5355315987886252
0.5555374664547711
0.5533574729697079
0.5355315987886252
0.49987985042645994
0.4485822213682749
0.4107504795210465
0.3750987311588811
0.37291873767381795
0.3885646183698375
0.3929246053399638
0.3772787246439442
0.3616328439479246
0.3616328439479246
0.4442222343981487
0.6094010152985968
0.8011256443203801
0.9168008633471287
0.8829431821694487
0.6908326268470877
0.36740097180195846
0.08218729782224946
-0.02656201444873201
0.15682856693337657
0.5315575381190768
0.896794995680983
1.1055736462826933
1.1695653099506793
1.2586946808560928
1.4264393815421816
1.3081982427297922
1.2052170583128448
1.895040384646777
2.391984868232029
2.8376317227590957
3.174529265015182
2.8099280957360278
2.975106876636475
2.901623386427082
2.8281398962176882
2.689892889739153
2.709898757405299
2.7724822801893767
2.8150599353073096
2.8641775708804307
2.852891677154538
2.792488147855523
2.7681222932192506
2.7437564385829787
2.7215705774317698
2.6702729483735848
2.6189753193153997
2.5833235709532345
2.5476718225910693
2.5098400807438406
2.4898342130776947
2.4541824647155295
2.416350722868301
2.3472272196290334
2.260277842208683
2.173328464788333
2.0841990938829196
2.026361484369545
1.952877994160151
1.8637486232547378
1.790265569044041
1.6854934466187472
1.596364075713334
1.5072347048079204
1.4181053339025071
2.5039801632877503
2.6123205513710572
2.667568499984552
2.6534635354007494
2.6153006021122605
2.535329201021001
2.4503812978693
2.3604568926571576
2.262734992467813
2.1628575831347874
2.0629801738017615
1.950330891128671
1.8327029826975603
1.704458145871482
1.5762117495464085
1.4239073845166494
1.2815560236077732
1.125765181888174
0.9990088109337019
0.8828709278731925
0.7801725256234062
0.6774741233736201
0.5669782261466318
0.47489831179080827
0.3984133873893888
0.3615814216470594
0.3275704488214905
0.29355947599592164
0.2489300152763901
0.20147977400985595
0.19086128611589329
0.19086128611589329
0.19086128611589329
0.20147977400985595
0.21989575688102064
0.2489300152763901
0.2751434931247569
0.32259394676104897
0.3410099296322137
0.3856393903517452
0.4330898439880373
0.4699218097303668
0.48833779260153143
0.48833779260153143
0.4805402976243293
0.45432681977596256
0.409697359056431
0.3728653933141016
0.34665191546573476
0.34665191546573476
0.3544494104429369
0.3332124346550116
0.29355947599592164
0.26452500523079425
0.3069989568066448
0.4521713106322815
0.6469496272378914
0.8176699751388153
0.8325994813201398
0.6924036295549447
0.41831939563115506
0.10027139713067122
-0.10943648207612156
-0.09533130512256098
0.1681344409072661
0.5095747683894567
0.7504725710851995
0.8178290329632577
0.8121870471297367
0.9042669614855603
1.1811721883261104
1.4557628481985372
1.6135480175397965
1.9622782228712141
2.531018182733639
3.002036242406719
3.3066449724662386
2.9071353351341354
2.963873309118231
2.9326833292094228
2.837782421936839
2.7223100226494092
2.6982520539447234
2.7612974975354194
2.816545446148913
2.8399379310805197
2.821521948209355
2.790331968300547
2.7825344733233446
2.7641184904521796
2.7244655317930895
2.690454558967521
2.6458250982479896
2.6196116203996227
2.5933981425512553
2.5565661768089263
2.527531706043799
2.4906997403014697
2.45386777455914
2.390822330968444
2.319979392400546
2.25975494172661
2.1889120031587117
2.1336640545452172
2.0600001230605587
1.967920208704735
1.8730193014321508
1.7412901116138118
1.6385917093640254
1.5252748192202767
1.433194904864453
2.856325447236153
2.9346777127547026
2.9235859297640343
2.8171002464926587
2.6819425317669165
2.5391209881966255
2.4039632734708833
2.27646938758969
2.148975501708497
2.036809273516402
1.9303247263540104
1.8542277204848134
1.791472419506132
1.7210532896829012
1.639273070018232
1.5117791841370392
1.346235460883871
1.1483224451794471
0.9714176320848408
0.8078571927555025
0.6880271357188584
0.5738776236029336
0.465408656407728
0.37028406297779065
0.2865205593892917
0.24279029070749594
0.21240428218007004
0.19337936349408258
0.16101007104282686
0.11529667171377819
0.10195229794850993
0.10195229794850993
0.10195229794850993
0.11529667171377819
0.12864104547904642
0.16101007104282686
0.18571553464953353
0.23710974578677674
0.26181520939348346
0.2998649331545599
0.3569396892125224
0.3949895265844974
0.419694990191204
0.4253755351119232
0.4253755351119232
0.4063506164259358
0.3739813239746801
0.3359314866027051
0.3169065679167176
0.3169065679167176
0.3055454780752792
0.24477357463132576
0.1763377287319249
0.15532952612210763
0.25415126693803597
0.4557615436393491
0.6536745593437729
0.7661100943866382
0.6749520688043603
0.44863644210723896
0.1479350041283288
-0.11101918220514008
-0.2177744392147614
-0.12833001020716955
0.11358269464071856
0.3384535148806085
0.44520850500275444
0.44890574895800917
0.45630027095178793
0.6025496550572998
0.962039826167232
1.5404512155914052
2.0231955929003633
2.1237314244002503
2.6493039324648904
3.1496323632212837
3.3307730510143205
3.058205030788236
2.9803913789712264
2.9747108340505073
2.866241866855302
2.7199923691388914
2.6799592478430863
2.759756183583926
2.811150394721169
2.8168309396418887
2.8034865658766197
2.797806020955901
2.7864449311144623
2.7560589225870364
2.7160258012912317
2.7083619724466823
2.681673224916146
2.6626483062301594
2.632262297702733
2.5885319154100386
2.5504820780380637
2.5181127855868075
2.4857434931355527
2.4400298269190284
2.3943161607025045
2.3619468682512483
2.3048721121932867
2.2477973561353237
2.177378226312093
2.0765730879614366
1.9567430309247926
1.8102280313413492
1.684717429383986
1.5515429985820735
1.450737860231417
3.1152022139544546
3.0151901232465503
2.8435493808259715
2.7103420332784953
2.612949011587356
2.5352091988355627
2.4386892001500122
2.3216429695195275
2.2037237158834553
2.0491171133854564
1.9132944528584017
1.8346816171010196
1.753449712326873
1.6901251450854953
1.5866209623552376
1.4652096166968112
1.3071109221764587
1.1284859957111728
0.9319539063177181
0.7345487939186749
0.5961033083376681
0.4764380086904184
0.3772989409881026
0.2799059367574238
0.2218193329449758
0.16373310473624647
0.10564650092379843
0.08599329460352198
0.06634008566417651
0.047559899730419436
0.04843292273600785
0.047559899730419436
0.046686874105762007
0.0458138511001736
0.0458138511001736
0.06546706003951909
0.10390045753169062
0.14320687279131258
0.18251329067000352
0.2226923559505642
0.2807789597630122
0.32008536018124306
0.359391778059934
0.37991801000486786
0.3807910330104563
0.36113782407111084
0.3414846151317653
0.3030512202586628
0.2825249883137289
0.2807789597630122
0.23798044986196762
0.11831552581843661
0.02004946366124915
0.04232175907781996
0.2021661240056303
0.4380046138173159
0.61226442525466
0.6275525191660635
0.4498006331668258
0.17640212963088467
-0.07472448901312458
-0.227585421103665
-0.22845844410925342
-0.15682941679286014
-0.06816662515760527
-0.03147921995512174
-0.02624108192159128
0.03882964959500621
0.16024101533296184
0.43363949878937386
0.8437378174988635
1.4119348307287056
2.1552609223642936
2.429958970094128
2.7282491962066637
3.244917469479577
3.2357405366072927
3.216087327667947
3.0409544932250148
3.014317100240962
2.9160510555442345
2.647890314438105
2.641779153398986
2.7767325469576396
2.8160389648363306
2.833946127764499
2.833946127764499
2.8151659418307418
2.7767325469576396
2.7195189661507797
2.7195189661507797
2.739172175090125
2.739172175090125
2.720391989156368
2.6623053853439207
2.604218781531472
2.5657853866583697
2.546132177719024
2.5282250147908556
2.5094448288570983
2.4897916199177534
2.4692653879728197
2.4094327381491945
2.3504731113311577
2.2915134845131218
2.175340276888226
2.039513860323984
1.902818176791341
1.7455926798811785
1.6080202173057596
1.4892279406640987
3.202303248241232
3.0677108734569596
2.9842546866935558
2.9248585583723075
2.839894336040625
2.7752315016721174
2.706809996824631
2.6015443865297727
2.4797360587507167
2.366953107497899
2.257929578458157
2.1767240266054535
2.0458903223001603
1.9022758795331465
1.7015126348120877
1.5135334370962459
1.334579615906642
1.1187816892696658
0.9157678096379068
0.6962112125219511
0.5375587792955231
0.3826650165480745
0.26461535924799845
0.1796514677706652
0.13529002136533408
0.09092865013341252
0.04656720372808138
0.026265865393057936
0.005964477429882031
0.0022058069509027036
0.018748524435099282
0.0022058069509027036
-0.014336960161446324
-0.0308796776456429
-0.0308796776456429
-0.010578289682466997
0.013481818387840683
0.05408454468604004
0.09468732061239185
0.15183273884953064
0.1961941852548618
0.2367966303268639
0.27739940625321574
0.3142435117005882
0.3307862291847848
0.31048484122160885
0.290183453258433
0.2661233948162777
0.22927928936890524
0.1961941852548618
0.08942053939172367
-0.06547314818231532
-0.16698041885254453
-0.09705054758242919
0.11498863340215817
0.3586049581059193
0.4916892973219128
0.42927709786410573
0.23002221956567576
-0.02111170177698418
-0.2023164887316377
-0.2820140801894716
-0.2985567976736683
-0.3496929105211276
-0.43015586303141046
-0.43918122828163697
-0.3399249233764575
-0.16322174837356518
0.024757829824778668
0.2758913706849364
0.6525923654590408
1.2082471814227487
1.9135283023525511
2.5413828219826655
2.91207451136709
3.195528506625694
3.373739728472878
3.353438340509702
3.203811283809512
3.051168155972763
2.9496612161568834
2.7977835245459937
2.6819845021566175
2.774466065446259
2.815068841372611
2.802284794367394
2.802284794367394
2.7985261238884145
2.774466065446259
2.7466473365251245
2.7466473365251245
2.7669487244883006
2.7669487244883006
2.763190054009321
2.7188286076039905
2.6744671611986592
2.6504071027565033
2.6301057147933276
2.642889761798545
2.6391310913195656
2.6188297033563894
2.5819855979090174
2.504538716535293
2.4436345526457655
2.3827303887562374
2.2940074959455754
2.184983215171737
2.059416968647798
1.8970091734858878
1.7548994577436563
1.6165484124804046
3.2654689001672392
3.246735345076209
3.247853565676885
3.2443304987788144
3.211673081191542
3.1487630923143906
3.047436177750543
2.929780554393058
2.7783492928476243
2.6350823856990093
2.466204194759263
2.3182960001119004
2.120286019611331
1.9269163983520092
1.7090520810313534
1.5121577600030813
1.349039077162759
1.143980401737669
0.9470860807093969
0.7292217633887413
0.5486561511541059
0.35528489702390476
0.2166595334868747
0.1071684278132965
0.03961718985432358
-0.0023228411473695944
-0.03145719183657152
-0.039621521740326515
-0.03498023424157914
-0.047785876137144696
-0.026815879844760956
-0.03498023424157914
-0.06875589692259164
-0.10253153511054094
-0.07692025131940983
-0.030338971235894952
-0.03498023424157914
-0.03145719183657152
0.010482800748195966
0.06058718614670732
0.08972149841898357
0.1316613277166631
0.1736013203014306
0.21554131288619807
0.24931695107414742
0.22834695478176367
0.2073769584893799
0.18640696219699615
0.15727261150779423
0.07691589494034369
-0.08732104691758116
-0.28069255716062014
-0.3471257762229301
-0.22482870207961053
0.0314528354575054
0.2702866912536932
0.35768974332129905
0.2610043723690364
0.07691589494034369
-0.1747243550980248
-0.3296788468286172
-0.40539447760133385
-0.4647813995804144
-0.5998839523322116
-0.6872870043998174
-0.5545892979454145
-0.28790700322705287
-0.0525957565120843
0.04185361713181423
0.12702004021791574
0.3508122707340364
0.8401680631421663
1.540342295187648
2.3383161808996484
2.980053306470685
3.1979176237913407
3.5566440019632175
3.4460345124018747
3.286438896459623
3.072097646037038
2.980053306470685
2.879844612507514
2.8226941317297864
2.752906414152535
2.7564294810506054
2.7610707685493527
2.7866820523404843
2.8250989780271807
2.829740265525928
2.7959646273379786
2.744742059755716
2.7272951303614037
2.752906414152535
2.8169346236303627
2.8518284824189886
2.8354997736253518
2.8145297773329685
2.80636542293615
2.8273354192285343
2.8401410611240996
2.8191710648317154
2.764425430351382
2.6549341613907163
2.5536072468268687
2.4778916160541518
2.4068172727801826
2.3403842170049605
2.2273698811462235
2.0980284693647295
1.9512410564464224
1.8172567242953017
3.469374224758667
3.524982102425406
3.5308178158468366
3.5149939495437152
3.48688136502296
3.4219026258493037
3.310686870515826
3.171358530661595
2.9980818928651765
2.8060635320549214
2.5800968733024803
2.357048071260755
2.109426164699706
1.883459505947265
1.666863708701742
1.4719274911807716
1.3203104331089055
1.1347450770948535
0.9585505825877199
0.7513256468491153
0.5657602908350632
0.36790621660337713
0.21628940430587557
0.08633211337579202
-0.019047891670099196
-0.08110881099919517
-0.10276839072374744
-0.09339752921682906
-0.08110881099919517
-0.09339752921682906
-0.07173794949227678
-0.07173794949227678
-0.10568624743446296
-0.13026368386973075
-0.11505710894138135
-0.05944923127464289
-0.06236708798535841
-0.0746558062029923
-0.05007836976772451
-0.016130034959383678
0.005529507899013946
0.020736082827363365
0.06405527038905243
0.10737440172557249
0.14132269966775865
0.12903398145012474
0.10737440172557249
0.07634398860668633
0.04531351926263115
-0.07235520400089397
-0.2766625073121677
-0.5026294118389731
-0.5459485712880777
-0.35684806718853823
-0.06590219920469109
0.15361117211102818
0.21858991128468505
0.13840484295704314
-0.025500896466302055
-0.27604546171176014
-0.4651459658112996
-0.5705260077233454
-0.6759060496353915
-0.8491826874318096
-0.876677980577793
-0.6196808805938812
-0.27020950251596476
-0.11337402239743964
-0.17605219623515275
-0.16022832993203154
0.06343795090169609
0.5464012764464545
1.2049422383151696
1.99635607749827
2.838159955872792
3.3077690138051117
3.659540711444607
3.5518601041966176
3.3504708818794438
3.1122155049093685
3.0162063245042416
2.920197144099114
2.88271369807144
2.7656622293165327
2.734631788085062
2.7375496447957772
2.7714979427379633
2.827105820404702
2.8393945386223356
2.7773336561593944
2.690695337261185
2.6754887623328356
2.756291367809614
2.883330989446212
2.9793401698513398
2.9980818928651765
2.995164036154461
2.995164036154461
3.007452754372095
3.0197414725897285
3.007452754372095
2.9518448767053562
2.8312582598649607
2.7013007815176473
2.586549878098683
2.5028294159111897
2.4595102564620848
2.3699540808531605
2.289768766751154
2.1662667509436866
2.0363111467686745
3.7923741065634484
3.799317043461123
3.7356764471833555
3.655964902594508
3.588852837867903
3.5217407731412984
3.4322580201724926
3.281962942408203
3.115596916332833
2.898189773841939
2.658411943108843
2.4025631640646674
2.1404191192270186
1.9006412884939228
1.6706346661407856
1.46299873202985
1.2812049546099535
1.0896399688100984
0.9267454111835659
0.7254092170037518
0.5401439711350179
0.3611784651974054
0.2108835134279145
0.08925918525591417
-0.03236546433505238
-0.11554847737273723
-0.15051864547718158
-0.13444769716610144
-0.12814795723498001
-0.12184821730385863
-0.10577726899277848
-0.10577726899277848
-0.11554847737273723
-0.1092487374416158
-0.13161942568381735
-0.09947752906165706
-0.09600606061281973
-0.08340658075057691
-0.0771068408194555
-0.06733563243949675
-0.05126468412841661
-0.06733563243949675
-0.03519368760449152
0.003247900735945258
0.019318849047025414
0.013019109115904003
-0.021951058988540377
-0.06669238726009856
-0.11143393795214523
-0.24565806740535465
-0.47566501117745785
-0.7217425818416751
-0.7727836982571995
-0.520406387661861
-0.2009166909209515
0.013019109115904003
0.0927306726039713
0.06688849701371262
-0.07080710088833408
-0.31058537903519473
-0.5692624295616547
-0.7223857788082283
-0.8692093881236804
-1.048174894061293
-1.0699023853369414
-0.8357810975684137
-0.5254197336598759
-0.46525060583094585
-0.5938181923195871
-0.5078069077996182
-0.1309762287172641
0.4248190614751728
1.0036286842901292
1.6627930486604865
2.4946199648476726
3.316034429930023
3.6405371512499807
3.6685643824567515
3.4413860315858975
3.195308460921681
3.051956320055066
2.9275033989818153
2.8380206460130086
2.8058787493908484
2.773736852768688
2.745066424595365
2.742238153113081
2.7491810900107563
2.7428813500796343
2.6722978169041927
2.614313763590993
2.6492839316954377
2.783508061148647
2.9401028788440584
3.0645557999173088
3.1218966562639543
3.1568668243683993
3.1631665642995204
3.1568668243683993
3.1505670844372777
3.1505670844372777
3.118425187815117
3.0317707063285946
2.903846316806507
2.740951759179975
2.6101990981756025
2.546558501897835
2.479446437171231
2.4347050606868272
2.357821787580264
2.2299006122478384
4.014552962656648
3.922137463519285
3.806618089597582
3.6947582541907504
3.6254466298377293
3.5524754669698355
3.4564004293176014
3.310458103581815
3.1571967008162845
2.938283212212604
2.707244464369198
2.48718506397811
2.2476844842771038
2.0276243519783126
1.7844603448951808
1.5534215970517748
1.2992789744240278
1.06458068806575
0.8724306127612821
0.6718148167319599
0.4675394821877661
0.2790490185889399
0.13676662025475006
0.04069158260251601
-0.04440483950510316
-0.10639738682838173
-0.17204947266653192
-0.17204947266653192
-0.14894559788219133
-0.12584172309785072
-0.12584172309785072
-0.1221821845829791
-0.0990783097986385
-0.0759744350142979
-0.0990783097986385
-0.10639738682838173
-0.14894559788219133
-0.11005692534325336
-0.08695305055891277
-0.10273784831351011
-0.10273784831351011
-0.10639738682838173
-0.11005692534325336
-0.09793166610352762
-0.10525081632404115
-0.13201422962325338
-0.2049853924911468
-0.2548526805746996
-0.30106081903010623
-0.43236499070640666
-0.6828480748192817
-0.9443097744767716
-1.0209404758595366
-0.7546725939920642
-0.4081144722269552
-0.13933330665299662
-0.012835185662899627
0.02490678484791865
-0.0455514722215985
-0.2582929273559874
-0.5476647571985707
-0.7629187072873793
-0.9550687825918474
-1.1472188578963154
-1.2931611836321024
-1.2300219926137128
-0.997836601075196
-0.8178117850104537
-0.7812163998617375
-0.6462526896705655
-0.2621717576044429
0.3030798564480821
0.8161713571043282
1.3402413269236486
2.0370171089687386
2.8797313278823613
3.513367187001358
3.7190087726702017
3.5634540825144505
3.312970998401575
3.0782727120432973
2.9055669730082987
2.809491935356065
2.8058323968411933
2.8131514738709367
2.770603262817126
2.6976320999492334
2.6052166008118705
2.578453187512659
2.5590088512431897
2.5821127260275305
2.6514243503805517
2.793707137601467
2.955434261091851
3.1135018460673636
3.21323642223447
3.289867123617235
3.32394961394619
3.319143431736208
3.3106777110113534
3.314337249526225
3.314337249526225
3.294892913256756
3.186692616364796
3.012840233634687
2.8243496968450903
2.690532630349029
2.6065828519365204
2.549396486823224
2.499529198739672
2.3913289018477117
4.0439588475896455
3.9500438964642415
3.83988837292095
3.7490210703696363
3.6820134616714344
3.5850508619719417
3.4596570955582036
3.268779544733308
3.0271349576280993
2.7423424556778
2.5022216928596364
2.333684478774721
2.162095453706661
1.9905061238737438
1.7935332759006695
1.5534125130825054
1.2924797049853187
1.0300230726010873
0.794473782644057
0.6244082770981841
0.43810219913442255
0.229460698321985
0.0639666961137318
-0.056855597438872585
-0.1076226337191858
-0.1330061518593424
-0.1792017152785216
-0.18072553956556628
-0.158389669999499
-0.13605380043343174
-0.13452997614638706
-0.1076226337191858
-0.08223911557902919
-0.05990324601296191
-0.0852867641531185
-0.12995850328525307
-0.15229437285132036
-0.15077054856427569
-0.12995850328525307
-0.10609880943214113
-0.10457498514509647
-0.12995850328525307
-0.15686584571245435
-0.2076329124692533
-0.25840039546695787
-0.3076436074602264
-0.40308238287267417
-0.47618528871905463
-0.5239046764252786
-0.6193434518377263
-0.8533689175077118
-1.1635449375981672
-1.2904625282989501
-1.0863920536302552
-0.7315442944076653
-0.37212506232394155
-0.17362794334643136
-0.048234176932693
0.005580605405803977
-0.10152733657100715
-0.3279341275231606
-0.5827716384721686
-0.8213686074797739
-1.0569178974368039
-1.2508430968357889
-1.3508533451093707
-1.245269294427213
-0.9757150353473607
-0.7416895696773754
-0.6147719789765923
-0.5056187849807426
-0.24468594640707014
0.16650309822180026
0.6401273852529559
1.3523490270561365
2.2813532630404576
3.1362474916921856
3.6139628634940273
3.629201106364474
3.396699464981533
3.1342428325973017
2.8941220697791374
2.770252127652444
2.7433447852252426
2.7880165243573773
2.7656806547913098
2.6732895279529516
2.579374576827548
2.5301316695991374
2.528607845312093
2.5524675391652045
2.6270939645337723
2.7941118215055556
2.962653502764384
3.1073354901701005
3.2520174775758166
3.3758874197025106
3.477421492263137
3.578955564823763
3.655106119244233
3.683537285958479
3.6850611102455235
3.6820134616714344
3.6119582043991434
3.4972312079947176
3.2901130847519333
3.0530399705078586
2.8784029921008516
2.749961577113024
2.6722871984055097
2.597660468272084
4.152953896203561
4.079010691226513
4.103486760231075
4.078766744822814
4.078685429354915
3.9555190348090785
3.7338791559696998
3.536769556446815
3.2411593674744212
2.9701065629744887
2.6991079687864885
2.502025479840602
2.2557247182238522
2.0094190342881464
1.7138630556276861
1.4428644614396862
1.1964503568801137
0.9254246575361478
0.72826084770133
0.5065667585500181
0.3832919433803156
0.2599900235967497
0.11213121103051547
-0.035673883455681406
-0.13417447290519058
-0.18342476762994522
-0.2080905727262723
-0.23270216751066633
-0.2326750623546998
-0.2326479571987333
-0.20803636241433926
-0.13417447290519058
-0.084924178180436
-0.08489707302446946
-0.13414736774922406
-0.13420157806115715
-0.13422868321712367
-0.10961708843272966
-0.13420157806115715
-0.10956287812079657
-0.08495128333640252
-0.13420157806115715
-0.20806346757030578
-0.3065645492517106
-0.40506513924332294
-0.47895413390843816
-0.5775089336698804
-0.6760366282753562
-0.7253140281560773
-0.8238688279175196
-0.9964210429679431
-1.3167241421926306
-1.5629756158164037
-1.513508479843917
-1.1931511703072963
-0.7989590764174936
-0.4787915024305358
-0.25715162359115684
-0.10942735225964843
-0.03572809376761448
-0.08522233543817104
-0.23319006086016716
-0.4795775524956685
-0.6767413623304861
-0.9230741514221588
-1.0954637355367831
-1.1937745888945266
-1.1688377322385342
-0.9962855171881104
-0.7500340435643374
-0.42997489074334894
-0.18356029395188103
-0.03540283189601603
0.039001160190360235
0.35979165999054963
1.296089362880218
2.4783896652499724
3.3403104806671275
3.586426428511068
3.438485808245038
3.167460108901072
2.8964615147130726
2.6994332306580873
2.6255713411489383
2.6256255514608715
2.625598446304905
2.5762668361122505
2.502323631135203
2.428439558789045
2.40382796400465
2.428466663945011
2.5516010310159234
2.724071930598448
2.9211544249653656
3.0935982193919234
3.2660420138184807
3.463070297873466
3.6600714767724836
3.8570726556715025
4.0048235398457654
4.10329702413931
4.127908618923702
4.078685429354915
4.029380924318227
3.980022208969607
3.8813318834283317
3.6595564788091197
3.3640276053046256
3.093164536896459
2.9208020579378005
2.797662768547931
4.435445997349719
4.432728655328115
4.458170101086096
4.5308713156645695
4.506335650580455
4.379128421790549
4.17469107505283
4.020230839157205
3.7885404853137685
3.5577559121442004
3.2779000088064048
2.9026187871537594
2.4519240971901897
2.074831314189808
1.7449983000099183
1.4651423966721226
1.2107279390923087
0.9554077008386269
0.7518761347747758
0.5474387880370566
0.37116022907892277
0.219417825918204
0.11584049965415605
0.01226322888148986
-0.08950262775743098
-0.16492118435750722
-0.23943396028371558
-0.2648758967549987
-0.2894115618391121
-0.31394722692322563
-0.2639701160811307
-0.2121809531779983
-0.21036939183026246
-0.21036939183026246
-0.1385739579256579
-0.08950262775743098
-0.11403829284154443
-0.11313251216767652
-0.08950262775743098
-0.08859684708356305
-0.08769106640969511
-0.1385739579256579
-0.2148982951996021
-0.3412002521445563
-0.4429660351764819
-0.5683617026186528
-0.6701274856505787
-0.7964289337666177
-0.8963831554508073
-0.9736132733986194
-1.1271677286203756
-1.3842995282217936
-1.6877853159698344
-1.8577234102108928
-1.7232699360300425
-1.3407424689864536
-0.9609323439644685
-0.6583523368902956
-0.48116797914268017
-0.3312366466163956
-0.21036939183026246
-0.19126841078935652
-0.22486190072776277
-0.3057156320843482
-0.43745176424359483
-0.5664705543812378
-0.6927720024972769
-0.8390802123280896
-0.9554180730315814
-1.0199672615452424
-0.9591207826167326
-0.6556349767530784
-0.2576296513640552
0.014980570903093647
0.17396961844544878
0.600959434684944
1.6503989943231219
2.688058679224134
3.3595794432338772
3.4522874195271243
3.147895851105215
2.8435042826833064
2.590901386451228
2.4655106261420734
2.4164392959738468
2.3428323007215064
2.2674137441214306
2.191089406847486
2.1147652507296764
2.0893238049716953
2.13930091581379
2.2910436285316758
2.4936694139216584
2.7217317379366066
2.9488931884107035
3.200590303968914
3.477728865285105
3.77940309168541
4.032005987917488
4.258261657717717
4.409098770917869
4.532682877012305
4.555406980748683
4.504524089232719
4.429105532632644
4.376411079768944
4.27011639336768
4.062961704608356
3.783105801270561
3.457801690460011
3.183380471165423
4.787253030445126
4.787253030445126
4.838772885263452
4.867075576901425
4.840807096646502
4.608459197118276
4.398311355078876
4.089192226168927
3.7517704056210017
3.3890972105096764
3.049641178578702
2.756619473008426
2.4858030786230265
2.192781373052751
1.8765425043021255
1.5623378469345506
1.2996530443853003
1.0117168672726502
0.75106627610645
0.4904156849402501
0.3065363231557749
0.12367459243242995
-0.03190207771407001
-0.136975995682453
-0.21679854519007022
-0.2956044909823365
-0.37440993174711157
-0.40067843234415046
-0.37644416347227555
-0.37746126916380063
-0.37542705778075053
-0.3733928260555865
-0.3481414514921866
-0.2471354482110955
-0.1430786328829205
-0.16629579606327033
-0.14206152719139542
-0.09155877806459552
-0.06529029780967051
-0.06529029780967051
-0.06529029780967051
-0.11782725831952054
-0.1966326990842956
-0.32797562572852573
-0.48355229587502585
-0.6401460717130507
-0.7704713672961508
-0.901813768570776
-1.006887689590476
-1.136195879482051
-1.2433040118848009
-1.4302346907438515
-1.6949537046761518
-1.9798385647142267
-2.101009909073601
-1.9342450763203256
-1.5907206216232501
-1.19974473487395
-0.8896085002724751
-0.706746244179525
-0.5501524479993862
-0.4481298440542613
-0.3481414514921866
-0.22493541106438458
-0.1290154412684101
-0.10884959516263551
-0.1391864981836608
-0.24629463058641102
-0.3776375368885274
-0.5574484759069023
-0.7826766355944517
-0.9724823638033505
-1.0067114218657494
-0.7430094902315432
-0.25713074242911077
0.2894217941245755
0.8866533678719022
1.8121526075222902
2.849664393454552
3.3082575583618516
3.144544042683151
2.7535681559338507
2.4151342799693136
2.2332893329890267
2.104998248788977
1.9251873097706023
1.7453763707522272
1.5908168062972523
1.5120113655324772
1.4857428852775523
1.5635312203508023
1.7463934764437523
1.9817926930465526
2.2939629356099394
2.6818824550097515
3.0708241303760015
3.4607829114337765
3.826507423619677
4.164946349859126
4.477116795843651
4.710481801063401
4.892326951464827
5.044852304536751
5.093320842280502
5.039766776079126
4.9619784410058765
4.856904519986175
4.722510801636975
4.5093116425229995
4.218324148335775
3.8536167418413996
5.192662731916167
5.219525191366105
5.273765884171667
5.247161311674568
5.16631604637191
4.9222329287468884
4.65154523862477
4.272376162891531
3.839224281305573
3.2983646749670172
2.945800171730875
2.674344193242124
2.430003240241652
2.15854188926101
1.8599601918775879
1.588240953944105
1.343899949366243
1.0993010578355396
0.854960053257678
0.5568941297799379
0.31332678606059905
0.042897525298249264
-0.14668701256837036
-0.3088938543285578
-0.47084227188671535
-0.6327906946026117
-0.7410141932608911
-0.7144096207637932
-0.606701896011196
-0.5798394365612569
-0.606701896011196
-0.5261145176613787
-0.36468187400890345
-0.28306294268998305
-0.3088938543285578
-0.25542628513233184
-0.12085610092979554
-0.039752948674296296
-0.03949506172145525
-0.03949506172145525
-0.03949506172145525
-0.06687329507707641
-0.14823433428541669
-0.2838366087062453
-0.4465586871229258
-0.6361432249895455
-0.7986074164533851
-0.9610716079172247
-1.096415452978284
-1.2588796444421235
-1.367361030053244
-1.4766160765228875
-1.640369702750932
-1.8849685942816354
-2.18174508299517
-2.28764759907788
-2.1499827714412514
-1.7969024942994276
-1.3908709591162491
-1.0935786964970322
-0.8502692397305347
-0.6880629352195363
-0.4989941712585987
-0.28280505573714204
-0.01314829558981996
0.2557341052750332
0.41665043777263744
0.38875643051133413
0.17256785223906645
-0.09786195093021137
-0.3419456058044213
-0.5857708364766012
-0.9086361237815517
-1.1746818487525317
-1.1160570777486736
-0.6271171816401085
-0.003606483492440016
0.8918801038684181
2.0572812867520485
2.948379041259286
3.054281557341996
2.674344193242124
2.2143299037836166
1.9439001006143388
1.7277109902506211
1.4841436465312825
1.1868513839120656
0.8898170082456897
0.7278685906875322
0.7007482442847521
0.7821092834930924
0.9988141677624922
1.3503471231872692
1.9175534150700817
2.4855333162340267
2.999782977583595
3.4603130925251744
3.9205853205139123
4.326874742649932
4.679181358933231
5.003851854908071
5.24741919862741
5.490728655393907
5.625556726549284
5.705628330993419
5.651129751235018
5.542648365623898
5.380184174160059
5.1363589434878785
4.864897592507237
4.512075202318254
5.595902704974754
5.684346379408242
5.799303986492429
5.825817919143127
5.707893019898476
5.423466294348475
5.018147377393358
4.549606769368702
4.132610380565211
3.7936721436335805
3.453250260621718
3.05980051230846
2.6988048804825753
2.423280031413968
2.1727854689158264
1.9222909064176847
1.589287253806984
1.2562836011962835
0.9483102351560486
0.6388532230355818
0.38094043013627865
0.0700003318871539
-0.15843123620098643
-0.38389607208023685
-0.6093603480079127
-0.8598549105060542
-1.0248730907311723
-0.9968755120002417
-0.8908197813974492
-0.8628222026665188
-0.7714112360725658
-0.581362769276982
-0.4678888082730281
-0.5385287297437288
-0.32048268421721443
-0.18494516885168455
-0.14804571363936037
-0.06256933136633679
0.019939838288020165
0.04793733747715264
0.04645369139692035
-0.008057740442910266
-0.09056690564632897
-0.20404087110122124
-0.3985408360890766
-0.596007533285822
-0.7934742304825672
-0.9894572815990803
-1.157442753984663
-1.3254282263702453
-1.46689976610513
-1.6348852384907127
-1.7218452668439683
-1.8338355817676901
-2.0224004024830418
-2.2404464480095556
-2.3554040550937425
-2.2817968414625764
-1.9606623574937347
-1.5746308395816377
-1.2106623160795422
-0.9247519444493086
-0.6963203763611684
-0.44137487562232997
-0.07740579216865973
0.3455246506771083
0.6889137961765135
0.8318689819916301
0.7258132513888376
0.4517720484004625
0.09225499341771669
-0.21720198902982873
-0.5251758853487165
-0.9156583711744319
-1.3150427038086192
-1.3652949737430342
-0.9955835627134926
-0.1734594234697141
1.0215340893241074
2.203366946220255
2.8135654879867484
2.6088775599688554
2.0798908562416414
1.655476237036988
1.3135707079448937
0.9716651788527992
0.6312433255138585
0.3512675382045544
0.09780618415167959
-0.05701809076349756
-0.12043155816831784
0.1817989203444709
0.9555367687637271
1.7394689732297794
2.3539320592300164
2.8608504657606986
3.3662902322684625
3.8702466494252104
4.347689133931261
4.7986176857866125
5.193551080180103
5.560486895842662
5.846397267472896
6.074828835561037
6.216300375295921
6.275262824918246
6.195721026966153
6.001221621929871
5.772790053841731
5.517844553102893
5.186324546572424
5.99689400749321
6.170298211041732
6.326389091874872
6.296090777122955
6.043243518997367
5.650221088593521
5.002818297706235
4.656009890609192
4.293285774957263
3.862705982604306
3.4335238044118466
3.030311610292459
2.7167380146057996
2.501448118429321
2.261585852340268
2.02605191693006
1.7457015723735476
1.4566945664593445
1.138786859953721
0.7876501221778317
0.41194101448936754
0.03190415413606993
-0.29898863097270306
-0.5764087504582655
-0.845171717138739
-1.072048991191256
-1.1746668015204016
-1.1500944316078263
-1.1457661009289812
-1.1082087389798703
-0.881331464927353
-0.7773160404377109
-0.6241558761229186
-0.45075167257439674
-0.3178354609267206
-0.2557052376176364
-0.07071365619307542
0.05787413820914179
0.12000387007082776
0.15323290134109338
0.13298877554075011
0.10408816151594337
0.03763017269252184
-0.1025450733028442
-0.27594976829876433
-0.5071554595967405
-0.7383610643281031
-0.9493226298257358
-1.1313834947319485
-1.3091160289593156
-1.4781919018289922
-1.651596105377514
-1.800427939013461
-1.924687402736833
-1.9824888039196735
-2.0894349449276644
-2.245525825760805
-2.356800297447641
-2.3206405496590268
-2.066260189175586
-1.7121927348813484
-1.3162395879591549
-0.9853468894169952
-0.6631108522325264
-0.27441626106012806
0.22988072759716685
0.7255203903161458
0.9451386171714693
0.9581236092080051
0.793376067017174
0.5130257224606614
0.1792027988475517
-0.13870482109145826
-0.5144144202273206
-1.059199487352075
-1.547580680887872
-1.6327496803042814
-1.1731336991625498
-0.15574718026163384
1.1563712456304251
2.235751356464551
2.4495081502831773
1.9884945549809492
1.463953613656538
0.9928857428361224
0.5131612972246296
0.07099461844303247
-0.23099746607432023
-0.5459749475089936
-1.0097837711322153
-1.1688053684837045
-0.3856912241943623
0.7371077681921848
1.5376707233942633
2.157570427850626
2.7442411010367223
3.289020301454745
3.8049045814214653
4.320788861388187
4.836673141354907
5.303412681496477
5.749908182404318
6.1675029827207375
6.502724011941743
6.702098199563336
6.826357663286709
6.826357663286709
6.665938451774722
6.36534406798448
6.025794708084631
5.7310617573310845
6.653989376371438
6.841377269238503
6.859004881155487
6.591347370736995
6.195147929939738
5.704847302820214
5.079227138807107
4.788517013770549
4.389336009604618
3.8431709833654684
3.5096135482026565
3.245752080930308
2.9390475882627176
2.6323404921773284
2.34244484691824
2.0655662906525216
1.8017048233801738
1.4697763477722992
1.0996110849617828
0.695005078094769
0.2903992393590765
-0.11881703008977061
-0.5280339883534989
-0.9242334291507556
-1.252365861612486
-1.4948036738217068
-1.524633894954591
-1.4994141967453196
-1.4443642774031638
-1.3380604818649957
-1.1208423678650463
-0.9288439520743687
-0.7116258380744194
-0.4906116809283261
-0.23515618312131253
-0.10363268937387296
-0.00573545990546205
0.18626278775389427
0.2841600172223052
0.3354138934183172
0.3484305539385862
0.31019419520904573
0.19928004487858597
0.0631460282075333
-0.11583529858977418
-0.35447766425727345
-0.5847128672505929
-0.8531848574465541
-1.0918266265096308
-1.3174513065793372
-1.4750089783135172
-1.6623968711805819
-1.832971631908132
-2.0035463926356827
-2.0884265331107232
-2.1564935414462494
-2.1993408515725044
-2.272018382831644
-2.336289348021026
-2.3018486039645283
-2.1052396652502376
-1.7809032759346513
-1.3800933122137815
-1.0053175264796521
-0.5196274222837417
0.0769775969783726
0.6307341129053868
0.9924928096461456
1.0987966051843139
1.0046954188620472
0.7912733480082418
0.5312079238820377
0.21988905203292294
-0.1763101954133142
-0.7048482315596004
-1.3695196625528183
-1.8543952869712597
-1.8107334970675357
-1.1826698937220215
-0.022272404435096635
1.311680552001851
2.055807120769028
1.8836034004865392
1.3420488971710034
0.7882917846395667
0.16646828559672458
-0.38267849736211873
-0.7704718005627195
-1.2645684708283873
-1.9628661661006335
-1.8649689366322229
-0.6511509160311811
0.49921078728926854
1.266389802543189
1.9907216758021764
2.689019371074423
3.25117708363139
3.7582908428904283
4.248591470009951
4.730485531059718
5.229192724248998
5.757730138571164
6.273250463899958
6.7543300451722565
7.1459189630459
7.383746252331508
7.417372516610536
7.319475287142125
7.11907030528169
6.683819597504323
6.15989270610577
7.387402615054355
7.533614985283999
7.31652579308638
6.843936513511356
6.440641287442383
5.992700618709958
5.427847969612233
5.263125009659632
4.53038386368546
4.210241501823749
3.893071624157835
3.4851246190671175
3.1326156285433813
2.8216836839253885
2.5861804283688383
2.292172919447625
1.911943535759328
1.4393542561843042
0.9190505233860058
0.4295336997261638
-0.03226544115104633
-0.4324922723928362
-0.8188596772007765
-1.236013713970959
-1.6162430976592561
-1.9410372385427117
-1.9856826812061643
-1.8656051639170164
-1.742458636068047
-1.5608078548544146
-1.3006559884552653
-1.1051463965404227
-0.7757004766352217
-0.5202003892578179
-0.2400510753051758
0.07553603389881476
0.2679763380776219
0.4357679700336187
0.5450556871813779
0.5481246977411995
0.5034792550777467
0.42804718045205176
0.3356876231217499
0.1509681085245098
-0.019892872547733975
-0.2523274561008877
-0.45397534631158787
-0.7033374125693485
-0.9496304682672873
-1.2267101559274685
-1.4391475691033433
-1.6823716142414606
-1.8501635847538827
-2.0179555552663047
-2.1718887150775164
-2.278107421665454
-2.3196838537690847
-2.3366116750301167
-2.322752864328906
-2.325821874888728
-2.261179600404422
-2.056462976810114
-1.742458636068047
-1.3253045992978647
-0.8019318559397445
-0.18619887813847213
0.4295336997261638
0.9329093340872161
1.1422777367032695
1.1392087261434476
0.9991343770334461
0.7944177534391383
0.5311968764801676
0.12790231692729825
-0.39547081577071075
-1.0758460066760782
-1.7808695312478309
-2.0318143659675147
-1.8178907106937423
-1.0852460910835948
0.14463641894417587
1.2776037804274996
1.653277911458077
1.313138717775513
0.7251236999330866
0.003173062192837258
-0.7295687918738711
-1.1990890608890734
-1.683954382703384
-2.3904641493730345
-2.419764539237379
-1.283824693558259
-0.05235907651213972
0.8697533017008077
1.6809955328604977
2.5260934065422513
3.241900573929
3.7791321279883303
4.227072796720756
4.658085644192148
5.136812944886816
5.646326877543726
6.200486252864088
6.771573449445482
7.305735992944991
7.761397451258982
8.009273275418845
7.969279611777137
7.729124577198843
7.376612814912967
6.833243239733992
8.020612981164756
7.854956940076172
7.265351327468566
6.829434853908222
6.635714706085394
6.378453751317857
6.009175811690926
5.453405753881477
4.689883494882077
4.332572457296466
3.7607051947940913
3.3565591247061026
3.0169927913064187
2.814403468430973
2.5821088934089778
2.2128309537820474
1.7680453051690892
1.26962060032694
0.7185894149185006
0.199329268390485
-0.2772272004163693
-0.6694065871495652
-1.050651428817815
-1.5053388281462903
-1.9709605538531842
-2.26782851148279
-2.2896971642396275
-2.1725173010657275
-2.00376353298844
-1.6980264003062184
-1.3704206148671594
-1.0329130787125838
-0.671471738475368
-0.366766764734506
-0.07093116408127383
0.21706761849571643
0.5030006143388344
0.6936230351729593
0.7680981684960861
0.736327765023732
0.6727869580790238
0.5566396705680257
0.41965630596309184
0.24987059763097202
0.0910185802692012
-0.08970208984940664
-0.3011608064639948
-0.5027179703980802
-0.7360451210829778
-1.0011426752402297
-1.255305903019063
-1.4995673800823788
-1.7110258780104395
-1.9224843759385004
-2.0813363933002713
-2.2292540842836233
-2.3245652947006854
-2.366237448888557
-2.355303122510138
-2.323532719037784
-2.29176231556543
-2.1954185294854662
-1.982927455894504
-1.6324204420357071
-1.1548318142874934
-0.581931976122217
0.05347672873293556
0.687851587109048
1.0571295267359777
1.1305720843962033
1.0243265476007222
0.9279827615207584
0.7154916879297963
0.37591921913594534
-0.14334114607859785
-0.7896841773121689
-1.531337783554733
-2.016763010692661
-2.0782386663115666
-1.789207308071675
-0.9481121887604429
0.1450814237253618
1.0206202508626137
1.1534733128159418
0.7274585899711163
0.04831388322140765
-0.8193894294587203
-1.5787813858065158
-1.9709605538531842
-2.2094505828525888
-2.452679484253004
-2.2824691345993173
-1.3658663063020569
0.13208194602114048
1.3133579058406137
2.1820931259725946
2.9872853522945917
3.5799845246754836
4.087278404570249
4.573736207371078
5.029456182362455
5.5169465608261845
6.088813823328561
6.68151716292487
7.326826983087471
7.908595996305363
8.425791626915645
8.614348896423968
8.42166132426404
7.9570721742200465
7.4070735644745085
8.46603479985254
7.87599278250104
7.213790042608988
7.17441130088198
7.253067872459108
7.059657549388428
6.30898718977979
5.3189982790445915
4.624013558338996
3.9585628939286552
3.3389868202819004
3.037391769422635
2.7980738746084364
2.5161622945288737
2.1654051910116396
1.7982402784414857
1.457294223063708
1.1425670248783069
0.7032750270598969
0.1492635706798457
-0.40146763516885403
-0.853852242937305
-1.2767364317027954
-1.7684661439059581
-2.260195856109121
-2.4962328454250984
-2.4962328454250984
-2.368386483981505
-2.1126937610943197
-1.6340902961334927
-1.1259864121697052
-0.762103061410135
-0.49328409128061373
-0.011398320368329337
0.3164208092574755
0.48689383694636434
0.6639299226251848
0.8311213885034896
0.8966853501305782
0.8639033693170338
0.7983394076899454
0.6672114844357686
0.5033015803680477
0.3688921609345232
0.23448326587814258
0.07057336181042162
-0.09989966587846716
-0.23759077838504797
-0.3785639770793566
-0.522818147575869
-0.726073156078302
-0.9555470217731111
-1.2145213064708809
-1.5029960101716109
-1.7849075902511728
-2.007818332324814
-2.1651651127713674
-2.2897299124043764
-2.3487307504102968
-2.345449188599713
-2.312667207786169
-2.2766036651620407
-2.138912618286696
-1.9290944861630954
-1.5881484307853178
-1.0898555949609872
-0.4932167510647875
0.2247057893997446
0.7983730449822403
1.014720663434714
0.9163747209940816
0.8213103403640328
0.7426201314946089
0.5033015803680477
0.03779138099687743
-0.5883484719106624
-1.2243323546103377
-1.8406268664465095
-2.1782577227214084
-2.0110662568431033
-1.5848668689747338
-1.0373505403604082
0.21489474126028782
0.6869344925915671
0.7393385696840249
0.2017012850645984
-0.5981931573424142
-1.365304963296266
-1.9061908280735977
-2.030755627706607
-2.2045102172060793
-2.9617100631435895
-2.650230789476477
-0.8832853217244389
0.7590615778398233
1.7326763168143973
2.4932249991470816
3.17508281629798
3.8208718470533114
4.463385216081859
5.040334623483319
5.532064335686481
6.063139152324357
6.656496368778735
7.2859171278572425
8.026776439326424
8.7053533509791
9.115111292502256
9.13148546426288
8.606973771246173
7.869396021587575
8.68608627128756
7.880567188825354
7.650614676109377
8.019850597088544
8.062679655173687
7.681036483750245
6.7002048786316575
5.663540646513832
4.695116291839521
3.7909355242929266
3.2063684403042947
2.7728889321974113
2.483703820636215
2.204122306143136
1.9707698215811806
1.7864500203265068
1.5220794096538621
1.1438362100763986
0.7041530767473771
0.1353871271286918
-0.43338017536117285
-0.9807322723728755
-1.4942625898977306
-2.02300381124302
-2.35501798088936
-2.524126878323599
-2.5365341287678747
-2.3764325099319326
-1.8933240000479465
-1.253513843173997
-0.6999579968676518
-0.3003002682476159
-0.0973690389634438
0.31409949755854316
0.6365095177736814
0.8394401946947682
0.987134563086435
1.0333635930175584
1.0119490639749862
0.9781272844881385
0.8828655712497328
0.7475784533023416
0.6122913353549504
0.44938606314284907
0.32650674800281876
0.2374486599865509
0.2250414095422753
0.19402340750409075
0.04012543250116183
-0.21804157156022072
-0.5314455419757373
-0.8448488359556644
-1.109219446628309
-1.4012082115656639
-1.6717824474604461
-1.902331278646243
-2.0500256470379097
-2.185312764985301
-2.27156719962541
-2.3454143838212436
-2.330203480000809
-2.308788950958237
-2.2597562676509546
-2.1644945544125487
-1.9525565988931657
-1.6329496796911007
-1.144233863054797
-0.45879099471954427
0.25767012379890203
0.7407785096103836
0.7780002609432104
0.6088913635089713
0.4888152734545191
0.37494268454970003
0.027718163446010573
-0.46099832962588294
-1.05117948472273
-1.6841896979047217
-2.0224074927732
-2.097447313908673
-2.4666832348878405
-1.7834477014589267
-0.21464159971424174
0.7649968161016191
0.5992878905133591
0.4708005921854213
0.17600872623499308
-0.6723398426029418
-1.6413606398195772
-2.137472718617659
-2.374225175025594
-2.892766480832946
-3.030857252156496
-1.762033172416354
-0.046725463292147384
1.1618507672729919
2.0784387852638617
2.9798158994342967
3.7487027846776027
4.412731123970283
5.104377617527674
5.774609582042492
6.248114494858361
6.669186752520969
7.305596937548939
8.117319645233287
8.907627823875064
9.575056135013721
9.836623092310209
9.329296400007491
8.32985391922249
8.811097168286492
8.07944857081391
8.343476610907624
8.90224209640487
8.779342569169849
7.991439224116005
6.855679267497839
5.671503516849589
4.658643087466443
3.5234092690294325
2.7209385534341597
2.3553755531495746
2.0424091221223666
1.9210773855975833
1.798177858362565
1.6403881505904312
1.4315696642711553
1.0483002752663066
0.5593151508432903
-0.016633428667195905
-0.5748770150646403
-1.1503036954753252
-1.726252972789422
-2.1793027228685
-2.4933143477025315
-2.5438205293462617
-2.560481724259701
-2.2459475025222577
-1.5304375030597024
-0.7102569619858035
-0.2061777355559726
0.05366958242961139
0.26301061253313285
0.45568980303877027
0.6311858995311671
0.7697014278728016
0.9436297336549628
1.0483002752663066
1.1008968445236844
1.1014194414270964
1.0493454690731303
0.9451975243651985
0.8233431909370035
0.7014888575088083
0.6140021077143158
0.5436991497366747
0.4562123999421822
0.2994682296527088
0.1260629264531095
-0.04786543088042706
-0.257206857778951
-0.5019610725699396
-0.7816051137702682
-1.0258363775300703
-1.2695450443864609
-1.4788861276091483
-1.6705208221115728
-1.8100815442600313
-1.966826058225341
-2.0892029885569476
-2.212102515791967
-2.2824054737696082
-2.3527084317472493
-2.33604723683381
-2.2667894726629925
-2.093383763784243
-1.745527152219921
-1.2409260266902893
-0.5087544886384582
0.22446190999629845
0.5754537488533177
0.5072411784893244
0.28019440434998416
0.05262433550362138
-0.19160692825618084
-0.48634507146332395
-0.8857530584782003
-1.4455637377822694
-2.024648596516838
-2.7573423877962444
-2.926567321447698
-1.4017894098871524
-0.05047841539748667
0.032304962266298545
0.3510196051032628
0.6488922882514304
0.40257063687798045
-0.31241606787755216
-1.4268121552551822
-2.6677652503881046
-3.23071505239039
-3.2312376492938015
-2.841693556170265
-1.9501648633119013
-0.6457025699456933
0.6087761386801966
1.9023258030704964
3.2302430510944986
4.1727935444638975
4.818523182852224
5.3403081001987065
5.932395975522833
6.456271280482962
6.805173085854109
7.380077169361383
8.199735113531869
9.16052157056105
10.051527666516002
10.453026041144525
9.89426055564728
8.70694922357856
9.021345645976394
8.526128537051687
9.08367608911243
9.75831264371507
9.578375017091311
8.413602747793608
6.803808715693241
5.598485707786963
4.4828724227196535
3.31758916998119
2.3641788393481766
2.134564047548198
2.0397729304795833
1.90494925574822
1.6307386930016712
1.6347837253396682
1.5491190348386976
1.1892437815911783
0.6494309017198991
-0.05662924517316676
-0.7581276182834235
-1.365352335520384
-1.9142916419593077
-2.2832933217744715
-2.3557865533698004
-2.4409330629249455
-2.4363698496411232
-1.950797348229885
-1.2579079404919535
-0.48848026882069656
-0.12404108253884848
0.1456062806135183
0.3615307903861492
0.5505947523132876
0.7082344934637618
0.9059067922769849
1.1441298296987819
1.3149410297548974
1.418340392445331
1.454327917770083
1.418340392445331
1.3463653417958272
1.2069784537806414
1.0990158778063857
0.9596289897912
0.8516664138169443
0.7437038378426886
0.6311780485846105
0.49179125183369055
0.25356884289813425
0.006219473181628948
-0.25025660291265855
-0.542720647280737
-0.7946333245540007
-1.0419827885434418
-1.2579079404919535
-1.4378455671157133
-1.5817956684147212
-1.6943214576727992
-1.8068472469308767
-1.9553605615137073
-2.0947474495288927
-2.234134337544078
-2.364394798991619
-2.454104521830587
-2.4404148819791205
-2.3096362395857537
-2.00348318385245
-1.4722785496029898
-0.7748258373169706
-0.1138783853438194
0.23635226039023047
0.20440985866774114
-0.0206416255754787
-0.27255439712167834
-0.4524927434959446
-0.9603631303804686
-1.8640962958372642
-2.47183919402005
-2.599090985021245
-1.4764239971695916
-0.14789360211387537
-0.554855653030462
-0.6765078688561844
0.5369051124618212
1.1841623873615308
0.8825725449120488
-0.18284467428271117
-1.3790419753718506
-2.5671484920344896
-3.718238318985791
-4.25701483696542
-3.4652820823158126
-2.044552103406849
-1.2477451520326588
-0.15442912395239344
1.5141678714055962
2.8999466868814583
4.001863134592237
4.905596300049033
5.463143852109775
5.971532419940123
6.5159085130952255
6.970056702465535
7.478445270295883
8.306158352765177
9.480057048630526
10.58198069384637
10.950982373661533
10.182072882936101
8.823673347163172
9.325711988791639
8.975478265862193
9.649285289680371
10.216450625335693
10.067994185911683
8.673864745609027
6.702116281835757
5.270872731677096
4.288646736190626
3.212344973188532
2.4852171052889256
1.8866907061877396
1.8297216257061486
1.4852409491868406
1.457528122141139
1.7695953302095953
1.7800490180248834
1.3508864339782827
0.7628137226923849
0.12142090960725609
-0.6161613883898351
-1.3213294756538776
-1.878041123493911
-2.232975487828507
-2.387184973662654
-2.351123268811639
-2.138892297490914
-1.5717269618355922
-0.9454877356887047
-0.3877236828436841
-0.08505701530333133
0.12142090960725609
0.39637379874595385
0.7084404736059693
1.1062419942067057
1.388000543834285
1.5955308737498597
1.6593054056465761
1.7230799375432924
1.7335336253585807
1.7011201569077286
1.6582530006415883
1.5944784687448723
1.4935898269921537
1.371793809608859
1.1862232603288478
1.064427242945553
0.8684030058502538
0.6619250809396663
0.3916726241323627
0.094760487566542
-0.23926650113747802
-0.5095197002269788
-0.7797721570342825
-0.9653427063142936
-1.1300058799637285
-1.2575549437571611
-1.3479898976945914
-1.4755389614880243
-1.623995400912033
-1.7829055281513302
-1.9418156553906272
-2.127386204670638
-2.296750019725223
-2.4556601469645205
-2.577456164347815
-2.672591759690396
-2.629724603424256
-2.3793271172425414
-1.959565816006241
-1.3066661678186393
-0.6386121904105995
-0.17338728832327702
-0.025983124811765363
-0.38197010322510544
-0.9177749086430034
-1.3851040075505938
-1.6956277892288618
-1.3590047600559105
-0.7458150531194864
-0.7463062835784432
-1.1686634162099188
-1.8320167522128084
-1.1984810532655954
0.5657370805920982
1.6477993128263004
1.4423737929207008
0.3974258796162568
-0.8179386718952723
-2.285243926904948
-3.7734586482827632
-4.645400051290624
-4.08398776204544
-2.968452233533426
-1.793359215966618
0.12976965832007917
1.9447121916743182
2.9478455627913656
3.6681679792758466
4.303801065411062
5.025175886900531
5.826531974512142
6.515493327550758
7.135979507287507
7.862054970182126
9.027746704938634
10.219046456730867
11.259293937703918
11.23473832567318
10.159481544854101
8.785207075177032
9.448256925897137
9.170185725915433
9.613967208900005
10.28247052584225
10.382201874431425
8.889664906952662
6.634173985388934
4.991005922278031
4.225602349211999
3.2843161977702375
2.4472715053597374
1.6639576524575876
1.2454353062523371
1.1717260414111232
1.6720694563694336
2.0189506832302158
2.0853110911282267
1.5316183101458871
0.7023039481629113
0.013441582077742606
-0.6371523047026459
-1.2800150113812492
-1.8259774619360645
-2.1626787393882547
-2.15494840896073
-1.9534175662856292
-1.6216155267955745
-1.065473126832167
-0.7825026888883279
-0.5683422778235674
-0.2544497527660566
0.21007310252002
0.6591345315474743
0.949835299918838
1.1359054817388894
1.2889861963520959
1.4217070121481177
1.4318869615567102
1.4420669109653022
1.6207882358421506
1.8377797393723
2.0165010642491485
2.090591802574684
2.014051445268081
1.832880501410165
1.7538905251224939
1.6008098105092876
1.3430985093447683
1.0471170295269476
0.7128653710558253
0.35052368693898167
-0.02199758838085744
-0.356249450450968
-0.6343212122372567
-0.8818525639931835
-1.052843558442507
-1.185564374238529
-1.2800150113812492
-1.3565553686878522
-1.4534556248116401
-1.58862605958873
-1.7518867236105287
-1.9432376168770369
-2.1728586887968464
-2.3922998113080642
-2.601560984410689
-2.8108221575133148
-2.9052727946560353
-2.951273303736861
-2.880013657876715
-2.5970432199328757
-1.992450691907574
-1.2372270682501338
-0.808524569037303
-0.7572435521090078
-1.0019438113995454
-0.9531122098533297
-0.639220450199392
-0.41526135961137267
-0.808524569037303
-1.7730095693963563
-2.4541424547282613
-2.382119861899472
-0.8688415221192018
0.8325751449778656
1.641148134659335
1.0414548445961689
-0.1221104104543563
-1.3801278334547478
-3.140556051506623
-4.6123593007196115
-4.565977318154463
-3.9332945608844527
-2.9993419583144334
-1.1493623410819733
0.7714954485263115
1.8068584176622018
2.4802609725665814
3.4728359985713566
4.57531466853817
5.460809489010565
6.121582475525286
6.77462513161248
7.415038219310016
8.499614263476444
9.979521662565547
11.454148350208193
11.96918947905291
11.3055854000728
9.976309096615838
8.920204755178439
9.418221015001548
9.035735827794856
9.166177576532386
9.964423247477063
10.735574243508713
9.50654740820189
7.306143299780336
5.270030734522934
4.738561933723918
3.6700260995865817
2.0311321532123725
1.1357200300614563
0.6563556395961889
1.320925626520371
1.8700745453311856
2.025238780541773
2.0311321532123725
1.3662749173405262
0.6107190998283691
-0.06003071959571393
-0.730782117256523
-1.4136067200878328
-1.7595826754802697
-2.03282741619186
-1.98424419008874
-1.7566359891449697
-1.3320354464010864
-1.2925795282515304
-1.1406492283239076
-0.7369627388747871
-0.29705365998687144
-0.014968860269382296
0.13372750437527636
0.3463146280507617
0.6225060277157275
0.914005201788286
1.156921332303884
1.132486094778492
1.0020443460409614
1.4758026127832937
2.295249585970398
2.4283507720955644
2.459253880186885
2.687149330078319
2.683628145847691
2.5773343856878874
2.6806814595123907
2.5776216346355523
2.246953608814943
1.9283595772831983
1.5429277037412057
1.1271672200032217
0.7538093407500928
0.36837807378030407
0.034476112676730945
-0.2811718390919182
-0.536161781350221
-0.7911519061546828
-1.0552695214588677
-1.3193869542168934
-1.5440484688253635
-1.7475086811914058
-1.9327142776503203
-2.108792566155671
-2.3060721569034492
-2.4942244396976636
-2.752161250837425
-2.9494408415852034
-3.1953036584361008
-3.3107247265494686
-3.447347096905263
-3.213845523290894
-2.613166692041659
-2.4097064796756174
-1.7236479415613428
-1.0069735443034127
-0.21196101952333693
-0.47607924139972574
-1.1924663897099914
-1.8296544527734815
-2.339060204487076
-1.8561746297911799
-0.8518091265466662
-0.011447493492594319
0.7441075349011996
1.0656482527682445
0.3463146280507617
-0.9981334852975131
-2.3122527785217133
-3.6505200603236414
-4.439357240089129
-3.962939535959161
-3.3345854661795316
-2.0964313229191425
-0.1480698638483892
1.3845295332476542
1.7941093953673741
2.434818642661493
3.7795519695677586
5.051262592585063
6.007331936127964
6.817651601361505
7.509603512146378
8.405015635297294
9.813354694392435
11.470503256673771
12.420104729650744
12.004056996965094
11.08155019890115
10.21970062122919
9.291013201546983
9.33222060537601
8.655092692453058
8.569717130176493
9.51835283053586
10.909247442884777
10.081531720859594
7.970649005103748
6.434293617188175
5.007854588781639
3.562009930968122
2.250269476914806
1.391042001922184
1.2730603162327858
1.2030658545629387
1.6768365195199264
2.714880445246041
1.9036401942729697
1.2833143833039318
0.754585538592425
0.44131211431135586
-0.4706849827389324
-0.9862214677345055
-1.3115930644800482
-1.749819313379416
-1.9205704379325477
-1.9377954607386616
-1.906283707771222
-1.645029987405951
-1.3643625033437818
-1.2636058404604973
-1.2493191102991714
-1.1771359077385388
-0.8345392881868826
-0.4908480875168115
-0.14312383167361287
0.5655150207877868
1.0037412696871546
1.4844828903791107
2.1370700060695906
2.433118590738479
1.954565710937308
1.9076728573631498
2.9101723670316444
2.700938533776105
2.2301061614639046
2.5624487139444154
2.9508438166248374
3.28428073955074
3.2568016496734806
3.0849561546749564
2.87647187317342
2.5734523327695635
2.2206016461467617
1.9175821057429057
1.573891115745857
1.2485195190003144
0.8916363524812646
0.5032412498008426
0.10568689753579448
-0.3548914077052599
-0.8063106465556207
-1.2353771988292352
-1.614612604883904
-1.9846883143128198
-2.3140925741485425
-2.5398018784561933
-2.774670879389597
-2.9465163743881213
-3.1681930156055915
-3.380709960197309
-3.615578961130713
-3.813809175561104
-3.8533862547089046
-3.3928079494678496
-2.9392005999617634
-1.6062024600121536
-0.9737784765786422
-1.1822629412741117
-1.5098232789104395
-1.475373233298212
-1.0605934111859232
-0.4717787229492656
-0.1900166852477711
0.0814911021886452
0.29510223403182245
0.21888636838100967
-0.27026518650967435
-1.4050339529369746
-2.3822431136189945
-3.1337429699933645
-3.571969218892732
-3.1429026666191175
-2.464680383250773
-1.7538519764695961
-0.1218661457773189
0.7974457290764029
1.095338235944686
2.6661436694724876
4.617270745210432
6.148499099590432
7.196797092387692
7.875019375756038
8.588786075182002
9.731619326881582
11.434693176260106
12.796264776532368
12.676439168643574
12.061240391210111
11.518224816337277
10.660091711790047
9.639272808870047
9.859174471070034
8.795933063425485
8.20823526483969
9.14890970227445
11.146458559044941
10.464514336866928
8.692732756865855
7.070114097253082
5.320882675056582
3.9101777020166435
2.8775780369245423
2.000508280529557
1.9441328860181306
1.5330562562186776
1.4975064230727606
2.522014503416985
1.5394232445274936
1.1468509801586726
0.6253447572712445
0.24809420251507633
-0.20576154695864013
-0.9489900925779784
-1.4898629791155689
-1.859022787460289
-2.0645611023600154
-2.1145695085626253
-2.1533028358629505
-2.245228063520294
-2.4169411417131643
-2.496728992248692
-2.374162022038901
-1.9815897576700796
-1.6696676420563168
-1.502000356237385
-0.7119477369062736
0.6568487980432226
1.814336629279993
1.5006899172271686
0.9517254459417008
1.1864466056785279
2.245045621453322
2.5497384505387384
2.7390935959427103
4.066832543482749
4.637484874353257
4.583430675776708
4.622755283382814
4.1761318846117
3.8916733365860123
3.7546477933195272
3.586980507500595
3.40399235040544
3.152491421677041
2.8703487503961953
2.6567188507485917
2.48905156492966
2.34075094276089
2.127983341332817
1.7741444042643206
1.2751883391814633
0.6617574205556952
0.044280177636985246
-0.6723518049689926
-1.3091960179552906
-1.9307190532479388
-2.4684084456311215
-2.922264195104838
-3.261644559116641
-3.490595330040468
-3.589749844226158
-3.711454516216419
-3.833159188206679
-4.016147345301834
-4.099980988211302
-3.888078749177014
-3.1876270973941128
-3.0159140192012424
-2.928034583917838
-2.2033112420655607
-1.5173212275136085
-1.2392243486067012
-0.9151648558711225
-0.3427870902251245
-0.17830325259798666
-0.2887328916485757
-0.2549076549417198
-0.35001637675347114
-1.160895395786521
-2.006461111409528
-2.365208139071493
-2.4652249514767135
-2.294374171503373
-2.0839277660101776
-1.43580878053902
-0.6717549799715978
-0.1146985377329769
1.5105060984141068
3.755507027364803
5.790921594026053
7.497373896548291
8.597624035054103
9.153817792867919
10.061529291815352
11.761614606028774
13.098044801986761
13.188245433205044
12.727160397202981
12.250754489924692
11.522847653918008
10.692602809571225
9.774478529941035
10.691910784962172
9.959640364310145
8.751261128040483
8.965028172530637
11.424181205614198
11.341784406884335
9.398941787800585
8.015202863653982
6.633856261865996
5.166923098203328
3.7435892547924317
1.9291265183927424
1.838755311800832
2.6160119755522633
2.0543165980599474
1.7487828256020237
1.5368100228808301
1.1028964076108836
0.10728827470144336
-0.36802310012998607
-0.7129618900367029
-1.4026383899479402
-1.7485731209845905
-1.921939206896018
-2.3534604998073507
-2.656003869317006
-3.001938600353656
-3.3466771702109988
-3.431865011692579
-3.0865283612455823
-2.6991958706474493
-2.570417307442324
-2.5220419410015498
-1.3118684629629278
0.538808711747157
1.4436477775244072
1.746789223636512
1.706388265057785
2.2274833237748233
2.401248130079353
2.3214430139046547
3.8329636604015858
4.820190926380473
5.2929106186567365
4.903185805699989
3.9989534589126583
4.2145147052997345
4.428871271723355
4.428671911526804
4.256709945519463
4.170525303055126
4.170126582662024
4.169927222465472
4.040949299063795
3.6972075301892087
3.224089117519842
2.749575183474617
2.5310234942672345
2.6578084555068484
2.743993097971184
2.4870340521505865
1.927730997016884
1.1516704944447598
0.24523740694792306
-0.7479801233085484
-1.655809592034066
-2.434262416964805
-3.126331239234656
-3.645632056182734
-3.9927629483986915
-4.252513076843044
-4.080941232700577
-4.166129034310118
-4.166129034310118
-4.380901478311255
-4.036154309925686
-3.9925635882021404
-3.863585664800463
-3.3898691715414424
-2.485030105764192
-2.4414393840406468
-1.9229360078787738
-0.973509419395222
-0.32742278135470776
0.148287313869824
-0.1940589336289051
-0.4968025231879344
-0.6689724479200547
-1.0127142167946421
-1.6160067140449923
-2.004934086215535
-2.006130247394842
-1.791565762118483
-1.832365441090312
-1.394265257705587
0.4229894171834762
2.883537071918034
5.42786934795495
7.79824605601901
9.006226571895567
9.351961942735668
9.700687716524035
11.516546014171622
13.327021586512325
13.453009106965736
12.848520448536078
12.373807154294301
11.898495779462872
11.251612560488976
10.517747258264539
9.611911391504533
10.833797987259459
10.429778636043169
9.653127433262433
9.355299135926877
10.775110939454605
12.007913857410113
10.584554508767319
8.557903068839504
7.250296596655109
6.062530952427949
4.946561723698377
3.1737910195187764
2.472483777350699
2.8279183097235703
1.8347970476825344
0.5645929695544464
1.3862808291216644
0.40380281936769813
-0.8623145411452822
-1.519665322352549
-1.6187612860031446
-1.9266918123001373
-2.3099662992097865
-2.559750184085695
-2.9465722161104124
-3.4567826212074344
-3.8400571081170827
-3.925503297691175
-3.809210014849007
-3.7445086895815565
-3.8405975145008533
-3.0830699568754514
-2.005042911644092
-1.5374030479278908
-0.8456573553419979
0.24710089367526933
1.1992719435494472
1.9936608719055227
2.9346497699880727
3.9829043653002407
5.393154346250301
5.703008468556239
5.439574809603826
5.456772128795399
4.9572043590435815
4.799964483926717
4.8409110762014125
4.738270297390564
4.755467616582137
4.909703082922518
4.92690040211409
4.837906667424929
4.700868520276121
4.546633053935739
4.344359344554364
4.269015383941707
4.098123004793524
3.605650325271843
2.9927964114091568
2.6054339730006695
2.673682843383189
2.8006187615705627
2.588777060192867
2.003763100866958
1.1790674856265762
0.15918708181630126
-0.9567821469132706
-1.9837576409536823
-2.8327456656157732
-3.6063897296652083
-4.161099732061626
-4.527723475582126
-4.565662929125523
-4.442274556053218
-4.397771519289985
-4.188936956643588
-4.055446354609847
-3.9012108882694663
-3.7849176054272977
-3.4941843983218774
-3.2373054232158327
-3.0290112669532054
-2.3823031210911436
-2.084474823755587
-1.800836706880303
-1.4140146748555857
-1.536862641544121
-1.4271240425483203
-1.1666975223272062
-1.2930930341308102
-1.7072146143085352
-1.850807445303711
-1.5079418742398043
-0.33983966460988085
1.7004612054480546
3.9419550430707297
5.827477654396082
7.100149081813565
7.89700474251717
8.307038371196056
8.954286923441888
10.76254197814564
12.939340932914998
13.297782604019169
12.476094127510086
11.990176131834772
11.620551419001627
11.302518663743198
10.857549990297398
10.251791166664848
9.615185249764224
10.760957674815296
10.232066818625569
9.071390226273712
8.821150698463104
9.756335429546809
11.3133348062427
11.659020906085319
9.566943756564084
7.370710335765674
5.318157428779409
4.015070880159996
3.285555869132831
3.1220532141090733
3.088595848321457
0.9729123836742819
-0.3239958943681719
-0.022999245725060343
-0.5630030640623965
-1.3557690690815565
-2.0494239715998175
-1.931752515634903
-2.037050138328591
-2.3380463905288784
-2.7443402654228537
-3.3401458531878148
-3.870298100682318
-4.244396001093452
-4.493378102027525
-4.703973347414902
-4.930611761911136
-3.742655554167465
-2.9958411845382353
-3.750223901996115
-2.5535671612470923
-0.31402440737540877
1.3024404763313477
2.81120591124711
4.450012670970771
5.423575091361359
5.7220485609520955
5.761692843375326
5.874438774009403
5.946279030915473
5.657656611986413
5.3232029939985095
5.040767491705061
4.85744269546969
4.686491732505543
4.633216189934553
4.697608138900236
4.801644370289149
4.945324884101293
5.155916165060426
5.347950660540962
5.677478753198027
5.784037767196492
5.333174084548449
4.493321087420063
3.9619114130490267
3.293004177073219
2.7752257628499426
2.735581480426713
2.781412679485556
2.703385505943871
2.206690624236985
1.5526800041419537
0.8466512683524664
-0.2520357213121704
-1.4572825178609188
-2.610510802272387
-3.5742273738128687
-4.485925829658894
-4.820388613886609
-4.964069127698752
-4.913312403309072
-4.624684782568441
-4.119276237188149
-3.9223162163767746
-3.6807863878113323
-3.2546703717057417
-2.9598610361410675
-2.946225811565066
-2.9400388949294527
-2.672500008516782
-2.4557178464937923
-2.3045890247412615
-2.3107759413768747
-2.154721594293506
-1.7695112519159204
-1.3632173770219451
-0.9420268862471927
-0.21365283019371575
0.9519488910461543
2.4432949274715887
3.8020728920513323
5.090262824789968
6.117109953991357
6.5035816876737185
6.876418196780077
7.547848215365434
9.751529944104234
12.263536193095446
12.631327136982701
11.930223926524052
11.49299546845201
11.239091806615342
11.089224376167587
10.886077438720598
10.459961422615008
9.804689411215202
8.907887571249953
9.689367489350412
9.726013907025758
8.620529877252643
7.555604099608144
8.446756206576993
9.296260228887522
10.333453090292913
9.972535496787254
7.424568346120515
4.389656844726995
2.7212058279186584
2.3997566540119144
3.4019378465365087
2.1487783135322993
0.4819601468334728
-0.6346172604002905
0.22043428905141876
-0.09992505232562325
-0.99107810318783
-1.5524124510785453
-1.924423211079848
-2.15539488362758
-2.538498810124526
-3.104834824998212
-3.733915424991802
-4.17421735336083
-4.5306781961483695
-4.918793228561867
-5.296350571810992
-4.777209224843446
-3.36636141570862
-4.068189934788055
-4.818310283586868
-2.836671818510281
-0.28206804110101585
2.801679995311728
4.898242612180214
5.783303219636389
5.977083558243923
5.841591054038173
5.925977055884513
6.297987815885815
6.423476986125623
6.192505313577891
5.752203385208863
5.3013532066090425
4.960442281035267
4.72447105115461
4.5251514585827906
4.236981784162976
3.9904601944014817
3.80668318975989
3.9532688604612827
4.540701375796553
5.170317453121413
5.950440474534516
6.768299746152668
6.224694980535119
5.428477125643402
4.311362342393328
3.0054636678852025
2.2337092316434894
2.2276177321308173
2.521333989798453
2.4380378204818145
2.0399288930359565
1.630726799094455
1.1432302028192862
0.22598066133423572
-1.053277772042883
-2.5946069794669064
-3.837763178505174
-4.750564031483994
-5.118120150417222
-5.223057736460295
-5.249155903904851
-4.604518057413963
-3.969888764522505
-3.6445277561624922
-3.27751866314416
-2.8266684845443395
-2.522403976645912
-2.359723472465905
-2.2442376361920395
-2.186494718055106
-2.0293607971229215
-1.8616786259599443
-1.7411911227031076
-1.6412552036430048
-1.3264424455137844
-0.8022994315632678
0.1099501197605237
1.1110405358620583
1.7662193033002043
2.495235822353897
3.5279719330411674
4.466318707916156
5.0431956437371
5.941526973098275
8.737650462321062
11.415563533945726
11.807580961878912
10.979173440029967
10.57606284560114
10.549964678156583
10.544963011173612
10.733741682798174
10.607707596293515
9.962532162821311
9.155221141433952
8.237425950755696
7.922643907950697
8.331456371712875
7.981533628121435
7.324219605506309
7.230317602275576
7.745142794484306
7.806816226142357
8.567847205350004
6.605720090866417
4.622996907758117
3.2107072685432523
0.8304406765689804
0.5024436769881706
0.05256447386160963
-0.37211837130329
-0.2104875738065979
-0.6309237294548321
-1.7194638340430284
-2.017040159704924
-1.7287908477715344
-1.8002792327913746
-2.292202867155928
-2.451049953165307
-2.6552122152297546
-2.988776703218212
-3.448471766010084
-4.0118837853944775
-4.747229495270637
-5.090617999656096
-4.62437057158782
-3.121938519896103
-2.1403870230210256
-2.017040159704924
-0.8705862142125577
1.5096803777617147
3.3816650797684504
4.075455204343423
4.901909488597567
5.974091337582779
6.699622094097149
7.036458233206203
7.036458233206203
6.702893745217746
6.30438417445064
5.857287776507872
5.316289375334369
4.966367286073154
4.622996907758117
4.338019246945324
4.195530416538927
4.010998061198059
4.024084665680445
4.186203402810421
4.8145598506432385
5.617625291750146
5.633983547353129
5.154658577837678
5.876429743598167
6.504786845761207
5.607810338388356
4.675342671357438
3.2761402909551833
1.902622525554194
1.2382772610645911
1.529310284485294
1.772244420363616
1.594255367263941
1.173332178285944
0.5968336198521867
-0.21932658246879752
-1.2686078453463787
-2.748626278827203
-4.251546270152203
-5.239650132303685
-5.609203436948929
-5.479801211024919
-5.194823550212125
-4.809391520892196
-4.232892242695191
-3.6012634894115543
-3.1476237892275916
-2.787886092274362
-2.4898218269791825
-2.0656269868805883
-1.7839209771883917
-1.7287908477715344
-1.7446611637412333
-1.5017270278629111
-1.24292257601489
-1.177977493236243
-0.7729245547949225
-0.11233796494072572
0.3637153436391754
0.9887998229450761
1.7077872772182525
2.3651012998333787
2.82855595337913
4.381037996816139
7.785378487198033
10.55058010582374
10.741167823772516
9.921735064027414
9.61434378500373
9.91240805029891
10.064711834067095
10.524894836492251
10.744927414526398
10.10348370788097
9.433083080783458
8.798182676379225
7.576968694746421
4.835992354998795
6.525741588802296
6.84609069007689
5.965180903158308
5.577353753331448
6.21346931640062
7.187404927708901
6.96532293491336
6.740835202812031
5.2504464281677645
2.6885228809279385
1.0347943391392016
-0.22586476859128915
-0.3688976945687412
-0.7399135421824576
-2.294716330882804
-1.794645315005278
-2.133124007853724
-1.977861419001112
-2.16216597308406
-2.272662744438273
-2.317428561936672
-2.5709582592683375
-2.872747963491304
-3.026263457647464
-3.1262776608229697
-3.378060263458184
-3.890360942210869
-4.0008577135650825
-3.70430929343147
-3.628095771396947
-3.491392579595962
-2.7017615223706297
-0.7881735490737589
0.8655549927149786
2.4175222366317595
4.0660094943311424
5.42317961456595
6.62160295797556
7.466482400878
7.9113050310784185
8.104345058643622
7.902569557596162
7.352491440130883
6.462846179730046
5.571453824632758
4.73357276193644
4.140475921669215
3.9404475153182044
3.936953325925302
4.031726245011453
4.376534672036366
4.87311149852099
5.3766667023711
5.876737718248625
5.9819932055134855
6.064536461724477
5.86974933946282
6.228534524059345
6.498876523746187
6.050559704152866
4.267784995378605
2.426257710114016
1.3726143873783099
0.6347375264371811
0.49869394444567233
0.5004410391421238
0.5899717089387826
-0.006618175799292896
-0.5619386873340838
-1.3137923407887178
-2.17439563595922
-3.192008614678785
-4.4904461612639
-5.628389836327368
-6.114484094633282
-5.962715695173572
-5.516145970276702
-5.064334611871539
-4.55901265990328
-3.8589132376747446
-3.1605609101426597
-2.712244090549338
-2.4622085826105753
-2.312187277847318
-2.0173859524101565
-1.5673220381203832
-1.2690265232903193
-0.8899348469457153
-0.1555512101973516
0.15672109714621751
0.12243785306781152
0.42422755204949425
0.8295246486988371
0.9952698057301573
1.4418395306270277
3.4502004230100503
7.172769525527952
9.661553586649758
9.710472238150398
9.015614100011216
8.651587631325336
9.187688991219003
9.539485797029723
10.223861366990196
10.830934964829032
10.248320692740517
9.544727081119078
9.0429089705451
8.19802952764266
6.799577777882041
2.9346790995642764
4.040629095972995
5.061257780714981
4.9801690450938505
4.221702216065493
2.732439712505597
3.88919078167606
5.018269849665159
4.868138942864962
4.873026069343477
4.736903684915001
3.1861009516480316
0.19195069019992678
-1.6913636598674597
-3.0213747074184987
-4.581951693642497
-3.2991619998714268
-2.68170468175006
-2.188324030299648
-2.4153102499908305
-2.1404489727713103
-1.8916419356810317
-1.887408512950886
-2.0762939280707604
-2.363855473480716
-2.7500931491807554
-3.1405642476109397
-3.35061677638154
-3.359083621841831
-3.1145100074816976
-2.504865831072253
-1.5568590364911066
-0.5798719865473119
0.3287276250613178
1.5121864556984073
2.995908129031419
4.681215485674741
6.4609552589226995
8.137795770105729
9.596116907057871
10.367938554709578
10.63367928272044
10.324950623659753
9.50590762222808
8.240705323125958
6.773917340713528
5.311363627715789
4.243523033464588
3.5915446297536904
3.488635076733462
3.6902207600437724
4.007416264564746
4.427521322105949
4.804637601912781
5.023156976143673
4.250681624743596
4.79551705270412
5.477773675003651
5.765335220413609
5.533461874243911
4.8391595341868605
4.3724868266140575
2.7422139654626263
0.7989790225203652
-0.09691834737522236
-0.43104745814832357
-0.6967891305862594
-0.7052559760465502
-1.0139847197756882
-1.515832216686391
-2.0987684492182255
-2.7162257673395924
-3.153264515801376
-3.705913085473824
-4.756176576011374
-6.0213883193842515
-6.6951875404942465
-6.3223038367330116
-5.563182457271739
-5.052857823945445
-4.538310058844306
-3.8651645414826787
-3.449292906671623
-3.1405642476109397
-2.88329036506037
-2.5830285514599773
-1.875361948508819
-1.1937495856869023
-0.8723206584357827
-0.17311987184938496
0.13984220994144378
0.0968542788916207
0.0066451357258904544
-0.13501906727807636
0.3498947387120448
2.816796966868574
6.534885403264823
8.94771822232875
9.186751006461995
8.47908440351084
8.089267008829024
8.617168745868968
9.388990393520675
10.092423573741689
10.585150521443731
10.263067890444242
9.58568895035247
9.311481376881321
8.796933611780181
7.71638330506779
6.074063879474291
1.8561608936114997
2.2088284172999098
2.8144430079315095
3.116419772601225
2.7420175752732807
1.6032138266683094
0.12286438295288513
0.790866472385985
1.6850988989292774
1.757524331587507
1.9458445441830365
1.8812176898353754
1.4327289985570306
0.6471700181971964
-0.2208503763721617
-1.0599165687644863
-1.436556993955545
-1.7541309152463966
-1.7719662997306473
-1.846629960251991
-1.6722458429854286
-1.5173581714952868
-1.8566667664256737
-2.003755859605247
-2.0410876898659187
-1.803737779543865
-1.3702690783157137
-1.2800082611732329
-1.3290379588997574
-1.2683103937073803
-1.3881044627999644
-1.4176377147500676
-0.7863890833378651
0.7468904749424154
3.0663061801534743
5.462036879224285
7.771415076389612
10.0434622231521
11.937207883431359
13.060414475415195
12.756199482882364
11.46583018537159
10.19329627234507
9.293503495354322
8.121267205643965
6.733415679251088
5.398493139740019
4.336024698745938
3.5537877629846606
3.043994339942995
2.689088588391472
2.6400588906649474
3.13815444624076
3.995055042523381
4.734399797576532
5.085406259972771
5.667615309733121
6.281027698817458
6.516139381276398
6.133938605637885
5.62414518259622
4.786750838029565
2.53253985560916
0.3802878365189937
0.01202307822366406
-0.5055689231285698
-1.0526951570248617
-1.6076189886377674
-2.0566848464870557
-2.4762174523862406
-2.8662168063353217
-3.3503762665821686
-3.7660095833260687
-3.928695833126779
-4.118677107014479
-5.090896096521286
-6.455361693922004
-7.251534725012247
-6.804707095026074
-5.965641883227703
-5.13826395309781
-4.295299452144155
-3.3737720015138737
-2.587635776597313
-2.6171690285474156
-2.2583639878406077
-1.823234225320286
-1.4488320279923412
-1.2215189238439699
-0.9334781765174385
-0.9825078742439629
-0.9903064525545313
-1.1903246106016963
-0.8588145939818778
2.1470169573863065
5.806905824602127
8.198169094028422
8.638859206996198
8.068338218762158
7.931285931756265
8.833316936610125
9.476263357502399
10.26239958241896
10.162101959102797
9.965983168196699
9.43669329937861
9.507457670744671
9.303540301528004
8.30568812908421
7.050989600541939
5.516048980969488
0.7987705769712375
0.8527553673084078
1.0160414850921462
1.2355319711667672
1.071358022201544
0.5783922597151314
-0.40443076754837737
-1.9775373409430566
-1.7522759433104713
-0.8885192979157468
-1.3712750018150819
-0.8252122890512961
-0.06942414463510521
-0.18183287233855885
-0.2933537777388393
-0.18760377501821118
-0.35532905758768624
-1.5014403709048587
-2.478937499653576
-2.5860192491464318
-2.3107683103716705
-2.364309185118098
-2.150145686132387
-1.5540934144698015
-1.2810620536487527
-1.0620154831648743
-0.7385506567325949
0.12121182804125412
0.3902479485456206
0.3375949049806778
0.9345339281289418
1.1018152862293624
2.185950257758505
4.367093726313387
7.793871824860111
11.756069379046064
17.017897230423905
19.63668993323411
18.520322044192493
16.249409525305403
14.2342156592004
12.2712309210696
10.204715758171885
8.30548195337459
6.080563744191304
4.503917731602871
3.576410241657759
3.4600062647593117
4.212242004753755
5.0755547345577385
6.050821488394676
6.814599033748424
7.147385998803178
7.262458228929398
7.323101753127706
7.270892625153505
6.291619834041818
5.207495668349054
5.045097381746801
4.989780844637402
4.283983418720625
3.467552829801934
2.5360500107570214
-0.025205326461586835
-0.9991523721345422
-0.40265510518540737
-0.9478310842201386
-1.9810886656689966
-3.014346247117854
-3.0709945309994793
-2.855943200832283
-2.9652445282788515
-3.455546797220809
-4.107803437174277
-4.378171304450871
-4.65297832763489
-5.797323784634472
-7.319107972662316
-7.914272413143418
-7.584592768440743
-6.658416936484741
-5.299907980499448
-3.832552498399516
-3.1236475745644223
-2.7453101266134876
-2.364753100708841
-2.091721739887792
-2.1974717426084203
-2.2519004485363325
-2.3594261136199313
-2.251012617354848
-2.4125230727756164
-2.090833908706307
1.432382770991833
5.1910708802747
7.590806126859845
8.25149716303742
7.655000975784093
7.5970209451302395
9.006396396576319
10.042317471569632
10.749002817451013
10.320675819479591
9.395831734295816
9.340515197186416
9.06748383636537
9.610439148872269
8.958626424509545
7.925368843060687
6.727493397055861
5.202168770043262
-0.06161563734436394
-0.8965167859600313
-1.3160210434154869
-1.460152608970342
-1.2922944076722245
-0.9996402996329178
-0.9975860569579582
-1.9897905828625937
-3.207860286506345
-3.8813473343737748
-2.6867217748936087
-2.3662325457611204
-2.841972028562292
-2.9538774960943703
-2.6568324111254675
-2.3468968869474542
-2.1101955126741867
-2.0779694146514096
-2.1145864896037825
-2.224437714460901
-2.017908195535451
-1.2281247032063471
-0.18435730141059364
1.1198358722923392
2.1636021550334177
2.8221445210167775
3.5345853780912164
2.7166842730892538
1.967626341062442
1.8686113127394743
2.374240159308786
3.8246202602962094
6.314364476548362
10.805245368135893
18.694580829147416
22.96979095475341
20.391574224586005
18.516733906054178
18.114228573157753
17.204040151017054
15.306038179901318
12.687095889431626
9.919631056477487
7.440429354633054
4.9504026468012245
3.448178297397683
2.9683303292465917
3.2504307323314245
3.762787290084969
4.042550958915165
4.236190038631504
4.436274337952399
4.363040188047653
4.369485407652208
4.6170229784596275
4.634304394598334
4.261970917049725
3.1578609236130117
1.8325593498508472
2.262899674936062
2.65017783436874
1.8926204400624134
1.3524287612156876
0.05262643553795874
-1.7615886708688409
-2.3577330834816053
-2.6052706542890243
-2.484865724477431
-2.282727182481577
-1.6499656949164392
-1.4991064181773515
-2.080023657326369
-3.1302351596720026
-3.993252801905853
-4.68196702323703
-5.514812810123063
-6.037734263377835
-6.827517755706939
-7.89501067419128
-8.224281857182959
-7.901455893795834
-6.524027451133481
-4.965840466461065
-4.275070713411008
-3.584302249404872
-2.8806433461896246
-2.9301508603511084
-3.2163597487858597
-3.6768720581232834
-3.7952227452599177
-3.9264638716056623
-3.504905371475248
0.24159204674502513
4.199290472099454
6.977580311040994
7.694412145045029
7.4146484762148335
6.949745189947812
8.193595772009788
9.560188018137989
10.354362487396687
10.683633670388367
9.392329816839872
9.037277755429969
8.49064085697869
9.418110695258092
9.31059620465561
8.385180609051165
7.597451359397021
6.689317179931283
5.340017540488541
0.6223097338442747
-0.3225913797332927
-1.466358767999886
-2.659811631223869
-3.480310474690358
-3.742903575825029
-3.408770245347708
-2.9208168535387014
-3.435263453161656
-4.395666997673766
-5.051480994131352
-5.009484547211501
-4.409582357959831
-4.087901691979565
-3.6341305360220444
-3.1182212406100787
-2.463995122972331
-1.9589506132375814
-1.6543610651830583
-1.516044242957276
-1.3031366167799947
-0.7219134242739074
0.03803630855169598
0.808848527067074
1.6480263672791444
2.4297045214654585
3.0155661674002343
3.4118376373319994
3.5610192452349976
3.8997910291410065
5.049784749656127
6.906854320468858
11.570430037772793
21.15578648614831
22.427256277025123
19.939141355780883
20.08050875261551
20.59959380566716
19.457414296220403
17.01605945835553
14.531120294750966
12.352233374989936
10.440703192823094
8.860255766524723
7.298487336971934
5.760039775816999
4.0350572767579385
3.020204620828923
3.1848894678378246
3.887338364643952
4.244789145295543
4.34428527824115
4.282147138786706
3.679194374926187
3.102609635848788
3.2409264580745702
2.928647881982509
1.744472267438261
-0.9611890752343084
-0.2758303669568582
-0.022514293905268212
-0.23078334542815665
-0.36287395663111593
-1.3465957594888576
-2.4344513405495336
-2.82608435705261
-2.011811845834649
-0.6147278701950492
-0.0831893957483433
-1.0186887612600644
-2.5028158122525053
-3.6885796474389503
-4.154803467893526
-4.638118406273844
-5.453978796311644
-5.993217041835085
-6.097351628209382
-6.588480777658066
-7.51470208631869
-7.892294559504872
-7.690251719004807
-7.304845034750258
-7.004893940124423
-6.3661710615925795
-5.618667061544131
-4.519943276582655
-4.157854042502375
-4.749942020685679
-5.192848390965984
-5.629531847221347
-5.699484197744157
-2.1672197859861737
2.5602071326228746
5.871868053718869
7.668390782120579
6.737531020031266
6.507532275928243
6.840077727585724
8.053797466375128
9.014201010887238
9.146291500864493
9.388742909464572
8.980018775035752
7.7507957971404435
7.932571762075089
9.444654716670488
8.513794954581174
8.271343545981097
8.064662252052344
6.863395177759995
5.3513237231018005
2.631925866108292
1.3232634133166512
0.010276947041820556
-1.3846969522744965
-3.1931455485940954
-4.583534849010979
-5.497055093598809
-5.383760768588976
-4.5522255943233265
-4.038430975479088
-4.3925806485218075
-4.574368013931417
-4.383413813442245
-4.137975047869578
-3.788150569669701
-3.2023123836736573
-2.316550867021451
-1.6169019106216973
-1.4623568277538352
-1.9394841062798265
-2.071370324145722
-1.053464366930682
-0.21734451203875166
0.25519926722061115
1.1366344076703223
2.2953351951338816
3.490445100218751
4.294737991942653
4.531009922435758
5.030796065963716
5.848580987610022
8.375000396891974
17.549129596355865
22.637110046249433
20.30647466409685
20.820269282941087
21.31063036869255
19.451764179435354
16.930174596793602
17.16799586346833
17.730916961765473
15.662762901859987
12.554818687828313
9.897017692477814
7.957199323686197
6.667134212207127
6.121772115978296
5.689710709899317
5.094189243429835
4.42152434687489
3.762609702939289
2.9084156636716734
2.46311408522721
2.0860473244855857
1.3543150818213667
0.6001816558152182
-0.49002627839401575
-1.039714114311339
-1.6484693880062875
-1.6986287582469402
-1.7757721883324025
-1.4623568277538352
-1.816764723493493
-2.548239379974775
-2.8888970230950903
-1.9163087958839833
-0.11702585328429403
-0.07654976351708
-1.212592867338325
-2.675800402997828
-3.2252294713725624
-3.1842369362114717
-3.506819131869601
-4.192976058346949
-5.1062380802378415
-5.8967861677989095
-6.155723328433997
-5.992269633183511
-6.142231298511592
-7.0145007852413945
-8.209610690326263
-8.586935673764826
-8.38248944335325
-7.996255847532062
-7.260197773510999
-6.501480834487971
-6.324271438161632
-6.7695784650626045
-7.119402943262481
-7.832802152281577
-6.614775159497804
-0.32605595060420217
3.7722929834127283
6.94820197885378
7.043420856401427
6.075674269427041
6.298454169997741
6.793656895985919
7.670509800255501
8.733733487474474
8.938179717886051
8.64283980476967
7.983925160834068
5.784665916293518
8.124978213779526
9.047148848053041
7.8431303305855495
8.111227961160184
7.815888048043802
6.8527248786091945
5.58965019211495
3.765212956008488
2.717376264882848
1.6475553876128952
0.45642302998850004
-0.642400758915249
-1.5785947087646848
-3.1073069036396914
-4.638667459302994
-5.323494659765719
-4.8338767738135155
-3.873051296789955
-3.42382789186291
-3.5354716528975976
-3.3948241538288837
-2.763633238332794
-2.273089821905418
-2.2924256472614353
-2.4453894197964536
-2.610669465797776
-2.5913336404417584
-2.5333261643737064
-2.254679527024574
-1.6991090826394322
-0.9809067596830104
0.4071589558817662
2.47210455666916
3.9471804665775316
4.522086736318691
4.500102550174378
4.660085874599109
5.256976330484582
9.083578642843731
17.50149816193464
19.570816166940187
20.085992130300173
20.412978331039348
17.70717268896112
18.5371468102312
19.14013128753121
19.312430885422245
19.45930063654272
16.333275327571478
14.086361003098302
12.99018474858262
11.279505043138567
9.00093861984307
6.865668056404583
4.902709222024502
3.2236816154027723
2.233852400345185
2.1081695355310717
2.414097080601107
2.4070775287113944
2.0238066822172884
1.3346084840113996
0.46344360163669673
0.09686021971031257
-0.8542985577519767
-1.7694328321737893
-2.6792703850190107
-3.3394650385491267
-3.4924288110841446
-3.5434167352624844
-3.448460438795519
-2.6133178265860715
-0.03147119925035035
-0.4473194816836983
-2.4032721084581747
-4.363594713217331
-3.9187424993917035
-3.6981033381106245
-3.953042959002321
-4.316977980140409
-4.984192185560238
-5.7920538900487815
-6.296648541422954
-6.366972290957312
-6.306316454100964
-6.7625594109177225
-7.835028648975971
-9.201109158637951
-10.161934635661511
-10.21292255983985
-9.747011690345085
-9.181773333281933
-8.910146247822514
-9.063110020357533
-9.060461659569237
-9.130785409103593
-10.152266722983502
-6.332671831346695
0.8757171664063456
4.553738835141012
6.865668056404583
6.380421361553797
6.373401809664085
6.919304341371217
7.3342272866876455
7.605854372147065
7.763189335783499
7.903836834852214
7.772857248461508
5.928559793423293
4.021875407213306
7.9671410324968575
7.852848910673874
6.943011357828653
6.729391748437286
6.732040109225581
6.674032633157529
6.274076255678237
5.078644100413499
4.294568546936752
3.270987327088135
1.8906602892086866
0.6854979966101412
-0.10065797176213304
-1.3332238013294584
-2.57844870148361
-3.985136705037432
-5.13115974679962
-5.655610672535654
-5.48252758737518
-4.923216716356733
-4.426167090345995
-3.9164571485235307
-2.9329375442119354
-1.8734560450299846
-1.1991619976550836
-0.9986776127693129
-1.2477225928001432
-2.1320403387197753
-2.7050518596008692
-2.355764687127153
-0.7485920454812444
1.3429693999510446
3.0599232944924823
3.6192341655109286
3.482051359683788
3.3342889061467647
4.120445127725355
6.113842769959757
9.661683481162326
13.87012751006299
16.391099612249356
18.273677946394148
19.225634914776762
19.37981567981998
18.324495516841715
20.589140300640793
19.493934829326175
14.815842474140068
12.445577520442832
11.624561353581829
11.291231806273267
9.153190180591446
7.655622991053037
7.248235909775302
6.749105615662719
6.074821488473657
5.8732993016001265
5.634833969279179
4.738896241598743
3.9917613015062523
3.1686644665434063
2.009981108969492
0.5536924294260044
-1.3743257509174023
-3.3033840121054143
-4.226723039511146
-4.8746561212116735
-5.3854063970850605
-5.2376464756112
-5.011838927038814
-4.060058265856865
-0.7844923248145782
-0.992259301263119
-4.081041254075967
-6.155783832762322
-4.8852357689215555
-4.17504144221332
-4.138100828829065
-4.884195434870634
-5.081558817603638
-5.143820062611346
-5.928935950139013
-6.465019309884854
-6.091439387589606
-6.0534584401544285
-6.116760019213058
-7.3250567582319555
-9.627682489466213
-11.546161102944344
-12.206754500456597
-11.846887680273001
-11.399438983458243
-11.661144279300801
-11.785666769316215
-11.249595861819376
-11.087092424368784
-11.671723927010682
-5.368584745069646
1.3419290659001226
4.740976909700587
6.34709904390342
6.6351627733571865
7.506820203465091
7.767485165256726
7.641922341190388
7.55434046455923
6.457920884056185
5.835318354164949
6.034762404999798
2.7824366806854344
2.7834770147363566
6.655284266789191
6.581403040020679
6.346058709852496
7.157533030991376
8.153712951114699
8.391137949384722
7.932069270809163
5.2899608788078165
4.468302399851762
3.799514374410941
3.138218413657077
2.546981341201585
1.6112278852229602
0.36487223946961944
-0.8889756208119716
-2.1503166735787578
-3.371566294982406
-4.409977204122995
-5.40961263677092
-6.257692768961492
-6.689890494398586
-6.8026703183632735
-6.172657769415117
-4.568108269869762
-2.6503338167328914
-1.6269070369662155
-1.866135661211618
-2.592628751692665
-2.8957393526073676
-1.9687931143735822
-0.03603313395137726
2.0557714157922913
3.2532296900771867
3.5889388558554804
3.9973372160479124
4.89300004247599
6.427474617471153
9.319773244809888
13.825425329582332
18.206860066529483
20.158149383927487
19.683238740949985
18.05490591241179
17.06670800362447
17.435015734266358
17.39624025777369
16.549874132301348
16.448132978536922
15.576261499227595
12.939486020296634
9.08277607301991
9.696888193196612
8.601688518413338
7.258851855300164
6.583886918230269
6.345978205312174
5.769733280356505
5.010641625011866
4.203967275429724
3.3497102316100777
1.9680980920042392
0.23447878182784485
-1.3550798478572212
-2.935829982157915
-4.388816163120009
-5.627680220013335
-6.6348157354741275
-7.000497918269669
-6.911509441423734
-5.369522007220372
-1.8247298786031871
-2.1405931564363785
-5.526337919909256
-7.5291681671137445
-7.071871959625924
-6.178834681044191
-5.860731932629665
-5.410927789828802
-3.9077286085134375
-3.6134252253435752
-4.4214147279836
-5.841802344082103
-6.528217581407937
-6.208794921666105
-5.7541290202940525
-5.945774950301951
-7.26220273657594
-9.251351231069066
-11.10261340142087
-12.5168241058903
-13.260931631861027
-13.50896747385127
-13.924857898730657
-13.956141310536365
-12.74987581850663
-12.53443854137998
-12.277595481644898
-5.075218624050509
1.192707154227805
4.306624728591688
6.319564570203566
8.038188252250247
8.476554871190505
7.98048318721002
7.077328296094988
6.24555546446212
4.696093500236559
4.808873324201245
4.816365388888202
0.920879965118811
-0.2805237683397347
3.6413833086641745
3.2017015366660337
4.776274759337654
6.453500676901814
8.25980244100597
9.715418928083833
9.955962705387117
6.650141542223202
6.306083838579677
5.514022972371228
5.18644514225556
4.838082865185974
4.461480954650933
3.656090828000102
2.536452131675985
1.3662082423518063
-0.11828305543806676
-1.5819920795854716
-2.965274301686542
-4.137099303591409
-5.490560630542606
-6.81579393610425
-7.625928891534451
-7.395268486068749
-6.028464795561965
-4.231304879471907
-3.087719511032493
-2.773470941359208
-2.5471034972436644
-1.7758270779891334
-0.3717592477265549
1.026431887982536
2.315958761491288
3.9911238446273054
6.00877563986476
8.629386668714197
11.598371586709124
14.719172083704239
17.409603252002867
18.41312118930379
18.042393352699595
17.186398033048704
17.464951782744997
17.994950384860914
18.131855590838025
17.504939564072146
16.52808014765599
15.625772596355192
12.393144301687043
10.319011748481378
8.941603749414885
7.613670207159674
7.540699454625005
7.454399441647952
7.417123509090273
6.709783034315489
5.457543705440319
4.154687571489185
3.040922949095915
1.9271583267026449
0.6823627213668381
-0.4239457024110359
-1.762497817546751
-3.3705662220789456
-5.045731305214963
-7.1422425210684395
-8.32897789599638
-8.868012797204518
-7.979034506346104
-5.700886965446298
-3.562819958798188
-6.534968592991795
-9.925298152666882
-9.663235888574347
-9.356442505412597
-8.963349109273796
-6.820538764883619
-2.8864294752210258
-2.14068084066248
-3.5671129201483462
-4.576504931380114
-5.005293147495906
-5.093174273053647
-5.274810598099976
-5.195965771634459
-5.5608195343078055
-6.9366595239068145
-8.531398667996626
-10.423894896155963
-12.651424140942503
-13.948406200962792
-14.74204817975193
-15.447809032983324
-14.959379324775247
-13.351310920243053
-13.110033103104437
-11.900932168641893
-5.300338382795961
0.38460682087046355
3.2747455797229943
7.049557897647458
10.447331031758175
9.929080577503955
8.429677745483419
6.572877828338376
4.592512086697201
2.4736484144223203
2.5226724948416934
3.2880748401653768
1.25279933209808
-1.3289661145851623
-1.4796511065002984
1.2837509634367337
2.415588034910723
4.955784736789858
7.714880593159798
9.570100888761454
10.552834379108456
2.528086599804325
1.7213121174468535
1.3427559969220926
1.3393046756870188
1.2956822465404487
1.49974865047893
1.7675230375197288
1.8582192170479428
1.9245156910765664
1.7876085914754771
1.4038754890981051
0.9974687953195773
0.5910616480601522
-0.059582574824958885
-0.9788644512839291
-2.4354216521472236
-3.7567965243217767
-4.135352644846537
-3.5065192003104197
-2.520078019514058
-1.4908772398798944
-0.5515087863042089
0.4995021847422721
1.797340635206901
3.363815396059302
5.044523665111637
6.948512164697541
8.987686465509912
10.916083567647297
12.620328711890453
14.277500105751967
15.353774635767774
16.224257101227565
17.317165863964043
18.348092304215747
17.972124674617287
17.434850239918152
16.675149507942326
15.02056660500712
14.098696237621844
11.777697273165328
8.464217315751071
7.914863256729179
7.760459094098647
7.690711298834949
7.55898118108647
7.068780496768979
6.218397017125806
5.16565936230082
3.9567918842277656
2.7034391466993735
1.4500864091709809
0.17406110340239955
-0.9231628340388918
-1.796234243905884
-2.5358494219259633
-3.767390944881071
-5.827518164766936
-8.288888981920481
-9.58758980921298
-10.2591828525869
-9.004967284749739
-6.85586501114422
-6.718957911543132
-11.038106308209708
-12.807785096172719
-12.919429659965449
-12.539147878823151
-11.331143231058864
-6.540154043413009
-1.6871781710394593
-1.3321589257055202
-2.6090485384247346
-3.2318421707994727
-2.652670967571305
-3.0295014274785284
-3.613849612559308
-4.3526019602706185
-5.403613954478067
-6.478162823876337
-8.424933251212801
-10.77464607271275
-12.8565845071719
-14.357626077785342
-15.163537729834044
-15.007407906585978
-14.250295665536456
-12.70563166577644
-12.591398611057405
-10.956901262077945
-5.114028352863984
-0.2759686064593741
4.12869310988774
10.018612905761612
10.36044923960995
9.754289839955886
8.432914967781334
6.662377884318531
4.6694188658219495
2.0292576123991486
0.28570553373935154
0.5342567436522735
1.6716498761389043
1.5556911608023316
-0.5497832591424503
-1.106281307193754
1.3393046756870188
4.359747710252117
6.710318827251857
8.187814625622588
8.524473977618316
3.4741046513681564
4.221391561855807
5.911845293419558
6.737568100907996
6.250071272054903
4.2162425323172785
1.6624149651302456
0.008940865314443033
-0.8239600796402616
-1.2933051734258676
-1.3497888634672544
-0.993411149764422
-0.5059133212645835
-0.34363976551787767
-0.9194522628264571
-2.1210568423111655
-2.73452375677599
-2.3028344563513086
-1.0389209956737098
0.23149519397304735
1.2078397987005045
2.121200736826775
2.9345970003992297
3.8979402758024086
4.998904019120325
6.312799817074833
7.7766288648132695
9.359264245832776
11.029537757490115
12.418068980553494
14.163654078932682
16.070836571445604
17.18345069706653
16.851049909582684
15.64362013894647
14.868555830347919
14.255088915883096
12.948370632306041
12.97234755852503
9.144303706357261
7.94472761171148
8.570521070092287
8.601675510688734
8.294603972649831
7.506536958522319
6.83726628120842
6.1868297314631
5.4364185106965115
4.479576588057813
3.2598202735056168
1.7771495670399258
0.3632904707362832
-0.8564672200205912
-2.045069093976341
-3.2025165273356455
-4.1223788182263945
-5.3298085888626066
-6.905946382696971
-8.788485783845378
-10.439931398822257
-10.796309112525087
-9.820639293205925
-8.638538772014655
-9.908953585456734
-14.888619679832306
-16.315482857869586
-15.501410432684153
-14.78080132928806
-12.45940510980497
-5.668034567497953
-3.679039135498706
-2.2710038541418878
-1.701694085802467
-0.9064495572974989
-2.638355788534753
-3.1207035878493175
-2.890295959758217
-3.8341351768679566
-5.6731835970364815
-6.342458039929717
-8.525571391931882
-11.140360282311939
-13.216993844949014
-14.456254217794648
-14.956077590563723
-14.611350259163899
-13.260474829461442
-12.103703557715116
-11.314960381974627
-8.318464528446796
-3.244645188622124
2.2920041301768856
8.27062704643084
8.8950681815857
8.882741637669715
8.34458630992674
7.888243921670093
6.874922074569344
5.011230563036309
2.534062140570994
0.20101691498957727
-0.8499654906981784
0.012737948184954703
1.163682652575101
1.7583216703594635
1.6278787168221782
2.502907699974549
3.5408864004866007
5.054035385935762
6.7366254450416285
7.212471891591713
13.454686807128262
17.27049022874164
21.96621455373154
22.633598898899507
24.729490236678775
22.534004753798037
19.28154210958262
16.140500377218796
12.468936278244705
9.34595753077099
7.921519585514359
6.660157315974866
5.769931147103705
4.404892329813667
1.9160999529142015
-1.2216335564961371
-3.7362467114546094
-4.826802296470322
-4.3523700233653155
-2.5796754050184556
-0.265390256901653
1.8338079683016542
3.7068574823777256
5.238647292131287
6.651638845951662
7.8642868905986685
9.002795212144717
9.88895233366121
10.871775678866122
12.347855032693886
13.423275554232546
13.59002654669607
12.696111705784116
11.635445872408633
11.650580935885687
10.58584605515554
10.02988262183917
9.106078029286982
6.202265788770072
7.5455403315692084
8.416942027188114
7.83808581099923
6.86265316517032
6.2841773242953085
5.850321181373455
5.761412677080501
6.021141221191647
6.0174525491508515
5.379577580309245
4.044428514659439
2.6945247608464533
1.003361376484399
-0.8733768834059084
-2.6907159415561814
-4.307725583561903
-5.583475521245115
-6.714606498709574
-7.6417334810175035
-8.57253504233741
-9.926127468191194
-10.612335548877008
-10.586514844591441
-9.948639875749834
-11.643492005926126
-18.118907918030605
-22.024380594564676
-17.85549070187866
-13.074926919950475
-11.899531877996473
-11.102283260772934
-7.037436198122518
-2.5608516695006087
-0.057302921032223945
1.6231733604359
0.06187543611197724
-2.204837277014919
-2.8685329501420904
-3.9849092394433696
-5.742849169627048
-6.5032110664426375
-8.21652064985172
-10.964661269321903
-13.145392064039452
-14.476852457648464
-14.410075985600281
-13.70542454471049
-12.525960455401824
-11.457917277944755
-9.510713947738909
-4.295898816811776
2.027520864765798
7.441877139113074
7.270675986246604
7.326386442172401
7.203899514198421
7.311631754009221
7.0334732049885105
6.18789221365517
4.574571243690245
2.8538984092283872
1.2110680629370998
0.7661452399318958
0.9218302162730344
1.426152167244832
1.151668934970506
1.7559654801310847
2.164001656501778
3.554861178077382
3.784699970548294
4.233311539367735
4.6151466361389915
15.181343841826317
21.106805244758654
26.60300605514251
31.404613539469988
38.488257735564574
39.840443568150405
33.192985603748234
28.565694437177243
22.583150055749662
18.669743499600944
14.513362876580967
11.074329683555224
8.481847467705705
6.314386574344019
4.226748339301693
2.1923348258814297
0.34767210012173294
-0.7036662675772593
-0.8745197657617746
-0.4229005065766481
0.4841967920111728
1.3912920565809175
2.374367657384267
3.596559068185696
4.890871047673866
5.946067217163957
6.762147576655968
7.771821114156613
8.796546665962495
9.2670617722123
9.240449411401267
8.83048010321867
8.189111498784353
7.911808557355709
7.44901983814521
6.761747588533971
6.276199442913455
6.9900840533357265
7.65805059446734
7.06180463390047
5.961104807355457
5.885521419096748
5.813400850410006
5.4983062148520085
5.304698612729638
5.2287197871697195
5.126128600798768
4.784421604429737
4.374452296247143
4.02156596655979
3.554909117183164
2.5074294614394277
0.1729603450640401
-2.8638214959368335
-4.8033603367325
-6.720540510891523
-7.737959410365997
-8.527427409046975
-9.123287805605587
-9.620415272666422
-10.755448524589609
-11.844973568637089
-12.01968532369478
-12.58507510256918
-18.620053331016404
-25.342699246376082
-25.483873001478806
-15.299044351854327
-14.96505386923165
-12.603970949633856
-6.788411936224665
-2.294178022888046
-0.09276782574507136
1.429083750710272
0.7834624394308601
-0.9281404569322657
-3.7180889868594105
-5.297024984221369
-6.1285383712060915
-7.153273796304922
-8.272878571556188
-11.210926040647914
-13.739004201557044
-15.325656712665358
-15.226923783167583
-13.739004201557044
-12.737032753689018
-10.785523704972608
-4.799106642558113
2.2004472320110735
5.775213718979442
5.873946648477216
6.432015350906471
6.029367119169021
6.094166611410618
6.727814151277795
6.374932372411229
4.666792827867286
3.2509938149434876
1.9528235785821402
0.7344914119831837
0.2901933773425961
0.25626024706910383
0.8177913139882474
2.3022470886975257
2.0932064590824453
2.8942492283829573
3.505542652434277
3.6725378937456146
3.767412566370211
3.4789302916232443
13.162549511687077
18.57698906469838
27.030243401824155
30.42340906027034
29.449084707106238
36.76436603593951
36.79141960001439
21.117852510813567
15.247410776225394
13.512572743308622
12.12266523361641
9.969123890707912
7.496565131889388
5.464288476914624
3.910349779250587
2.7229199276455898
1.8686451603812286
1.461717289273428
1.611617950584543
2.204155332498649
2.725275015422375
2.91559470178225
3.029786513598175
3.365296685715596
3.848352431367347
4.329053089242312
4.847817684389253
5.042847546302698
5.045202634079483
4.971429847312318
4.785820336506013
4.521727863378972
4.555081625097378
4.488374101660567
4.219571452979956
4.805043571563708
5.692672100546474
5.742511476702374
4.885881621661228
6.0736940061096405
6.542236692257266
5.913990460847969
5.538061263681789
5.497642238633029
5.388160602370674
5.131133392573989
4.836042245505328
4.317277650358387
3.4296491213756215
2.1064491351202186
1.532752455420393
1.4566245808764426
1.1140491454286672
-0.7039813111854204
-3.5881859726122043
-6.089395459365464
-7.636283648256499
-8.773874123705594
-9.373476768950056
-9.92324003803862
-10.480068570457533
-10.803803303691028
-11.79620329338258
-13.066826282861882
-16.248476464957122
-21.388638128047415
-25.51991418700866
-20.62303173989776
-12.762314784686081
-9.378186944503627
-4.935319369478872
-1.7964433002091769
-0.23779366571282431
0.12871589452320614
-0.4234030623273177
-2.9124554528237936
-5.408954764023482
-7.648434007196385
-8.54313541229696
-8.685970810277722
-9.133317706434282
-11.213086262575613
-14.599569190534853
-16.45330921082112
-16.255924261130893
-15.370650819924911
-12.98127805721079
-6.848326729815634
2.5208248024017896
4.217216365203172
4.714785170359049
5.733091125595234
4.367117026514287
4.105379641164031
6.813776961558075
6.920896368273747
6.1710176706446545
4.800333396010138
3.0988491248117707
1.6210383016916832
1.0332110953311473
1.5162668409828979
1.523332104313253
1.5759091010893533
2.194734981391509
3.475160854821366
4.210151101872817
4.797978308233353
3.8459973435905614
2.8249537677341747
3.550906196521901
16.03857332175973
28.22443626494098
33.77956839063519
33.24304795929236
27.21248713931362
19.905246333121532
16.482792010112174
15.345794192685714
12.36950160998531
10.826455099804775
9.390651198177745
8.137507730574976
7.3804793417499255
6.55661369693649
5.579047183499031
4.621844582414344
3.664641981329655
2.8843693789042493
2.6059272070564488
2.77999198803324
3.029474594480797
2.9540567690100317
2.7771267703507485
2.4725902507851956
2.0636763403486333
1.5822103440107518
1.1847573043041557
1.4110107807164518
1.509657736222478
1.509657736222478
1.4631989542650021
1.5647111274535197
1.7416411261128029
1.8924767770543334
2.4493611207499346
3.325415460998875
2.9715554636803088
4.1025154571664615
5.530031094321346
4.732259797225664
5.094715447591706
5.671963703640075
5.996864135558398
5.872122832334618
5.268780228568497
4.737990232590647
4.259388932048303
4.030270237953515
3.5313050250584017
2.3535793829264002
0.47386568987875977
-0.7646448226231757
-0.5237578692230939
0.10567960414773554
-0.6574026786522753
-2.1947192753547804
-5.42049446450274
-7.767052571839491
-9.104214736830043
-9.530627341936881
-9.93381081700846
-10.911377330445918
-11.842485583812852
-12.851876880333046
-13.751160350617248
-15.07972164369078
-16.04582728639827
-16.457913803092655
-13.655686001369041
-8.155607788792826
-4.09162578285388
-2.6122288388388175
-2.6847814466270914
-3.21557144260494
-3.647714483076763
-4.494809257925459
-6.80380228211894
-9.840894296867416
-11.436129502483457
-11.40430471940072
-10.745908202516603
-12.10629427867287
-14.676230780043872
-17.005587716590124
-17.858412926803805
-16.961994674202096
-12.825782532615296
1.250965164159392
3.937353717812472
4.062095021036251
4.7873137103436605
4.946437625757339
5.8603545730293245
6.629166304724763
5.805608048486656
6.153737610440238
5.509667181968578
4.030270237953515
3.072760248293499
2.1273259065141046
1.344188086406207
1.2512715662651643
2.382538948326644
3.812612414588694
4.398763712259868
4.694397190202617
4.140378064189508
4.015636760965729
3.4294854632945566
3.9227202408246864
4.9989337097681705
27.68235259733038
33.6370487198172
33.53541136902046
29.86624701824913
25.130655083115386
19.601388930861432
17.204286936926746
16.254149716544994
15.579125934286166
14.562803860627072
12.07257105792796
9.825785596103215
8.06825488690795
6.618945452767518
5.296777585227562
4.057807655029592
3.0561385945544064
2.5583772998926078
2.2917704038020053
2.277117390618096
2.452019807334391
2.2917704038020053
1.4588572888915268
0.3177398502487764
-0.7463280792225856
-1.4813913686468057
-1.7687977490729048
-1.8458492152633035
-1.706399296066415
-1.3419414494499171
-0.8110866031098094
-0.26321962898875007
-0.146928955375898
1.0234944472362175
1.1237058846325336
1.5543481685366882
3.1624960871126238
2.6439353081153283
3.047632052522085
4.141005592371578
4.686512326855959
5.178127150366169
6.040346291644467
6.3693516407415585
5.213579647885575
4.603314389513972
4.049301112997271
3.2225344692383793
2.143813942572795
1.3255538408462255
0.6320921861619594
-0.1530754889259385
-0.7841413566726757
-1.379754017850057
-2.0585642003797378
-2.6872688722061038
-3.057873189974189
-4.6868205928856215
-7.036177146997727
-8.473220299524593
-9.116582144431733
-9.33923000097061
-10.228395097735993
-11.188465189540183
-11.861128900918276
-12.133882268160468
-12.000578820115166
-11.404966574927473
-10.059639152171286
-8.089393457859584
-6.385739249345249
-5.790127004157556
-6.02742787388034
-6.9104464994941335
-7.660165836959492
-7.870520751195192
-8.963905541441058
-10.988043146726925
-13.518448588706912
-13.153990742090413
-11.829462803669724
-12.768733411138419
-15.4948407541702
-17.531271301759244
-19.255709584315834
-19.748750737216167
-12.833491935025643
3.4314630540839604
0.771540980319211
0.4850679253940401
2.8812361778381126
5.975587767757242
8.401984537663377
8.425144092879608
4.730471366407685
4.801868949346002
4.850548130659196
4.21191058741039
3.0599249948252605
1.3255538408462255
0.9880419497168118
1.6545591899433179
2.229371950795515
3.212601597815939
3.3435449749805053
3.9282906072551445
5.295843843736947
4.744190638100981
6.752248900812819
3.9013446517680603
6.562693470912616
30.106944413833446
31.08616164159247
28.62567322789966
25.129039869945593
20.664974546362657
18.706540090844612
18.308215682783537
18.197679008257793
16.749934622020525
15.377371123918524
13.59137919714656
11.350135145811283
9.030221840407409
6.748829206268961
4.58459502976291
2.73503786953124
1.5750812168293027
1.3792377712774981
1.9700868664116453
2.540853803218802
2.341691599188264
1.101406714821531
-0.6879032003304191
-2.140796503482295
-2.9492305817346036
-3.8564160723824976
-4.661531392156074
-4.721777867137045
-4.403782092383931
-3.2237432813550035
-2.294816253140751
-0.38832980302176184
-0.15564062353342276
0.1824371337853949
0.7080604444785552
0.6695555070639412
0.9289637844322841
2.1307441330275694
3.131702898352949
4.03556963052211
4.4473386799527095
3.993745934628763
4.092497347024348
5.274195537292643
4.942755121170005
4.333483246948234
3.4062155979733486
2.59778151972104
2.0671788995678644
1.59682275439566
1.1264666092234557
0.5958651608121948
-0.013406311766409593
-0.9172742156774856
-1.9014699827977752
-3.1400958895683075
-4.397144575426464
-5.6943575779386
-5.973848415277101
-6.7605409559630525
-7.448482084253419
-8.332282391946402
-9.17756202837396
-9.865503156664325
-10.161757393851081
-10.240426647919678
-10.238767268680311
-9.786833902595731
-9.296395599096533
-8.549867375064563
-7.883656066921409
-7.706231384025562
-7.863573908594418
-8.35402392951276
-9.062047216130116
-9.75164772365985
-10.794430184878577
-12.287486632942521
-13.368774031575862
-13.228198923286929
-12.40466082442573
-12.975427761232886
-15.472761733100942
-18.659696212498726
-20.489171214403406
-22.479303482924013
-18.636125688238415
-3.19519461937659
-1.1431564966356482
-0.4218566027182754
2.2346436922390103
9.813595622614624
6.067525594936062
8.23855517843502
9.883798373031798
11.738503278436156
8.782602439957719
5.372946949688228
3.6807282975937485
1.7926661999474642
0.2577876896217314
0.6109695830642513
0.980913825106063
2.701511069834726
5.327804495316147
4.35024664679649
5.647459649308628
6.496058044214918
10.538382309080239
7.5622374058077035
8.897943628315309
24.024720805686705
22.836194069526794
21.14383248888011
19.579120831026874
16.477727520858473
16.622819097029705
17.56181073065616
13.936288035939986
13.825079662890762
13.037885482435534
11.560205182410234
9.755664609924256
8.06233724589055
6.36128079887591
4.587682088298221
2.8218188431976055
1.6497336567819088
1.231959551333007
1.3199615279510162
0.9824544171833561
-0.08518612108019633
-1.505807911725999
-3.103402669067669
-4.555935335081609
-5.872111994034963
-6.650600090223046
-7.292732179350543
-6.697983501875552
-5.3015403317812595
-3.141109377662958
-1.353010354921197
-1.1354172179296023
-0.7911436551447186
-0.396575462586729
0.366441219106905
1.465994238068818
2.2841302804323336
2.877908339117254
3.543246824675967
3.7685754271446346
3.616748489129904
2.877908339117254
3.8652834880297875
5.317816154043728
5.454172161104313
5.390347199707592
4.210526547814824
2.653550355438659
2.2203053190356123
1.9959473353570174
1.6265272603506924
0.9437766062576909
0.020228264871634337
-0.9594132646935835
-1.7620783761029546
-2.4525644956730286
-3.0299010046137322
-4.241634137204861
-5.405013239353414
-6.231855365984073
-6.914606020077073
-7.853627138547032
-8.632131288037343
-9.362265353782849
-9.69106686382367
-9.86804143584976
-9.819687405407182
-9.627241902426949
-9.225909346722263
-8.953197332601091
-8.616660357083198
-8.672749853002847
-8.488039815499684
-8.463862800278397
-9.266527911687769
-10.093370038318428
-11.120393133406393
-11.866968748896115
-12.500394753756469
-12.219947274158224
-11.545902704332368
-12.597102814641621
-14.234345518158726
-18.15096301432043
-21.682689504521658
-23.642939490182656
-26.211467846692642
-15.333929143754057
-4.397343550379879
-0.621904065055396
2.289924508329262
3.8981665875182197
6.947323392083758
8.408546089062614
8.8098786447673
10.44615072949433
6.954088238770759
4.097376937185455
3.351771940485804
1.1197805594937094
-0.6470521826070607
-1.2243898133376832
-0.4294585620751613
2.8073185310335327
4.6602131339620865
7.517895054337462
11.70914974889825
8.531383620648382
13.566867960933664
10.173438715373159
9.677339336363463
15.741560035999552
15.30463105368177
14.365565004831497
10.677285630230573
11.330619164039906
11.391647068195264
11.59972140993045
11.458228445521536
10.430397277023681
9.796500899312543
8.796406946306911
7.702010768153456
7.016789989154886
6.262211096244587
4.88899280166199
3.021967650303268
1.3671668703767448
0.09104554196516598
-0.8272107234891286
-1.7121766054198078
-2.806589151243935
-4.097969092461421
-5.507254812292611
-6.813891729548937
-7.453341580430988
-8.120538356338201
-7.696079903940865
-6.79585801692464
-4.1589969966167795
-3.3461669361365787
-2.824622863868231
-2.2281672045172423
-0.13088233233495905
1.8665272003237823
2.8125200154565264
3.009487410849885
3.160683878126725
3.8153907050476157
4.748903280726976
5.237156664332188
4.789120735672583
3.891675585241814
4.676768430229791
5.0526695083922135
5.791991425263672
6.037506485359006
5.203865975669052
3.9762906751923817
4.124710405883764
4.551935885333617
3.9124860344515664
2.454652649918402
1.0148539489628268
-0.42494495726020265
-1.752394060365414
-2.76496825282443
-3.2768088222248504
-4.046644691173989
-5.156314213036955
-5.729182686592735
-6.2382465194077
-6.535085980790466
-7.107954454346245
-7.596207837951458
-7.954084913022523
-8.184342997079016
-8.232890661780992
-8.578284446003465
-9.11786223089611
-9.95427947717152
-9.859960884353026
-9.432735404903172
-9.087348278818432
-8.793285554021121
-9.087348278818432
-10.117956183901741
-10.80595369948577
-11.197111753687029
-11.278950107052141
-10.885015316265424
-11.327497771754118
-12.245753371394638
-13.030846216382615
-14.695350499177065
-18.129784603926286
-20.730578198985555
-22.270249936883832
-23.282824129342846
-17.387716100831714
-7.959665485160569
-0.48045030429282953
3.067738578419787
5.264893879824411
6.604821485743873
8.384445101033629
7.584104989539751
3.395091991880233
2.143929505608353
1.9164481581373154
0.5598912540207509
-0.8369145314965759
-1.935477107017717
-0.3195204889252422
4.343861543598433
5.622761245362536
10.068379881788541
16.927544588419057
15.917747132545498
15.726333210323054
14.616663688460084
12.59981536293608
10.636012186720649
9.635795554538753
9.373502240173849
8.574808026409864
9.468356314048165
9.087580384470396
8.622754445525446
8.265607057286227
7.6343592405569325
7.241089223269638
6.96698163823546
6.335726664962061
5.585309259435546
4.870674574436978
3.8343353132070104
2.512074196273591
0.784729743323428
-1.0138421460421525
-2.3837002541727927
-3.2650943626216975
-4.015511768148213
-5.313804435222958
-6.481120399375316
-7.779413066450062
-8.351266297255206
-8.708420842038533
-8.172683083737356
-6.016624849552253
-5.885308238109738
-5.87315405892034
-4.777743444344002
-2.5977167603002265
0.0704356824993952
2.106989908317024
3.012352466624601
3.3698397633839474
3.8461495838762847
4.560784268874853
4.501373007008357
4.310305225179223
4.464910469440161
4.619855622221223
5.429684289614234
5.882365568768022
6.5851859830973165
7.347417659293106
6.847139388942097
5.370273027747738
6.5612175332386435
7.037867262251105
5.572815171726022
3.8576239460254342
2.7736876935982453
1.5348062883899947
-0.15641481985768615
-1.1451587574846667
-1.728816739560845
-2.6105507565298747
-3.5753245767039474
-4.289959261702515
-4.826020252581473
-5.3620812434604295
-5.862359513811439
-6.291072343106555
-6.731599443070946
-7.172126543035335
-7.68421908405562
-8.18449735440663
-8.780326191614552
-9.423395435557227
-9.471332335274573
-9.268790191296288
-9.018651056120785
-9.090216497176678
-9.506775147282394
-10.018867688302679
-10.662276840765477
-11.031578408194097
-10.829036264215812
-10.412137705589972
-10.412137705589972
-11.246614639881905
-12.044629036605642
-12.61613283949242
-14.212501541460018
-16.749675613743015
-17.97640283976187
-18.405455577577108
-17.380930587016415
-14.426518047587452
-10.137350303515545
-5.193282368889346
-0.6782838480207312
4.1449054358093855
5.419229653025458
4.9898370066900934
4.287016592360799
1.3802010441290566
-2.109592669138615
0.14166135782613837
-0.2154861732040569
-0.5257163872863065
0.09372442266598045
2.1427726288449707
5.953931009823917
10.48072712541946
18.629330058707783
21.736988208317186
21.665762675781416
18.212771408602066
16.056033357376716
6.402468575868941
6.862201784856721
6.487353933406252
6.674777859131486
6.894127510442208
6.826895363555503
6.434394301454429
6.144431807541274
6.059546450003962
5.72000501985471
5.245999295932052
4.839225718896096
3.8382546390989516
2.395203560964636
1.256387491678355
0.3049970458244579
-0.7985139468035447
-2.05414145227684
-3.4123071728738426
-4.60070217839622
-5.619326468843973
-6.722836116829037
-7.928884333002023
-9.251760609369319
-10.525040972429009
-10.171227027344878
-8.388617541989802
-8.604599944014174
-9.213069961710245
-9.552614922501625
-8.413795322573213
-6.291647937711018
-4.031669009789064
-2.043999012065443
-0.38159729104168133
1.8363124795046633
3.7785336157156717
4.518087231469422
4.984581831888658
6.12001720545921
6.424252214307245
6.746140433805888
7.510108651641702
8.157265786354714
8.546372706310684
8.567406612677022
8.500174465790318
6.395707184437485
7.212635034225124
7.771526115685095
6.088091479873722
4.2701925502889395
3.0817975447665624
2.3850614738174523
1.1681214384253145
0.7722400336727246
0.19907778192080938
-0.837200072241764
-2.007943211756471
-3.0761464384403197
-3.857767866926742
-4.434312159037323
-4.791506799837181
-5.233586798174353
-5.94797607977407
-6.761523233845981
-7.730568588057636
-8.696250223625073
-9.003865928188835
-8.80216948752872
-8.225611748988763
-8.360076042762174
-8.71390343427568
-9.308100937036869
-9.64764236718612
-10.072069154872683
-10.54945557451107
-10.80411164712301
-10.514149153209855
-9.785487356675256
-9.223215579499556
-9.177017338979187
-9.962019463181337
-11.217646615590418
-11.94292771640929
-12.558159125536816
-14.039897320688075
-15.175332694258628
-15.186224513477782
-14.40122238927563
-12.91948419412437
-10.946087064399842
-9.832431798625464
-6.968099834365761
-1.9380797481617948
0.9378813125383778
3.187716808670211
2.1202636671225443
0.4965513993373884
0.7932752846819983
0.35119528634482666
-0.4338071909215363
0.11757332179566514
2.6179339079910857
6.395707184437485
11.439232723368642
19.450382057461525
22.280143886062604
19.03609735692214
16.323146611443864
14.75990375447102
3.638824500286199
3.621003787085389
4.013925416982926
4.928133242660256
5.0889526312074045
5.210943989616202
5.359882902696143
5.020423412401037
4.859604023853889
4.773254091846711
4.329623956343618
3.73111467002698
2.6949154859408515
0.991677796731718
-0.13680983009655096
-0.7590801861523575
-1.6166408766844131
-2.8077192115840854
-4.102968191691746
-5.663207205554542
-6.958456185662202
-8.09882601495632
-9.831782162819872
-11.72554042924417
-11.880419580057714
-10.757870463964407
-10.17718189084858
-11.576601516164228
-13.511941446723752
-13.776931480478886
-13.029483281082307
-11.838404946182635
-8.452920802763053
-5.773318088496134
-1.1757643751781937
1.6943577282563438
4.868297895584367
7.890544327788027
10.102738685631039
9.718510927463978
11.016946511308369
10.60301756447329
10.296445866582932
10.359034847655696
10.76702355675717
10.76702355675717
10.2429837269805
8.441531712235838
6.690773309205424
7.024292561766926
6.508946603720736
6.330739471712634
3.8741133453733174
3.611876945615056
2.8854360631560163
1.0780277287388953
-0.03857916357237068
-1.3219496542612603
-2.197329449800241
-3.4002882601671205
-4.085147478490935
-4.183377885965321
-4.079207240757332
-3.900567139009375
-4.16555717276451
-5.0290564928362835
-5.967025269448028
-6.553654080297458
-6.628123536837429
-6.565534555764665
-7.009164691267758
-7.429033875836439
-7.694023909591575
-8.027543162153076
-8.441472108988155
-8.959587782970072
-9.56403849506786
-9.915378460830173
-9.921318698563777
-9.483628800794287
-8.977408496170883
-8.328174622309833
-8.075065064021905
-8.557523229663348
-9.8349687665566
-10.710348562095579
-10.808578969569965
-11.889546421528047
-12.654815334125436
-13.512374416463604
-13.410957405252493
-13.014849171618225
-12.428220360768796
-11.591668595368164
-7.824710327778397
-4.478069108388473
-0.18114500580432105
0.9619767268684555
0.7504503221048818
0.30088006767293934
-0.09522816596132688
1.182198373946883
2.9091970140904304
4.954647827591543
8.744916806389469
16.662146914439788
23.418881897677018
21.977880608226144
19.479672817751606
16.302546046686853
13.205828969895673
1.6109933019568996
2.3658546004294907
2.418855411286453
2.8044111480463787
4.3491842665151905
4.52472022651435
4.244032701944302
3.6299401943282534
3.419353712805463
2.857695311284354
2.2957535573822314
1.681377697385171
0.8387491199234306
0.13660633427595983
-0.758741103682592
-1.5136034565043524
-2.057878273454153
-2.724971591927164
-4.059158228873185
-6.0074373734352555
-7.920665996473696
-9.623325691585347
-11.466453271576526
-12.712871928522969
-12.36180000852465
-11.484120208528848
-11.729757211575267
-13.994057754612028
-17.22380607764417
-19.119084411349277
-20.066581902011322
-18.68024451135138
-12.923175057664745
-7.236189093429377
-3.3216805149719035
1.6283768865282084
5.806472757365433
11.265170195933694
14.599786731155708
15.89863949419709
15.512517052675141
15.214445943533784
13.757440805064551
12.178750574596158
11.335837943742977
11.195069152886433
9.773114535940833
9.176122260515081
8.35117747259123
7.000740660597947
5.43745054803378
3.786959160232055
4.033162868040499
4.31413374499156
2.1025506604307505
0.8561327044947394
0.32952587884642864
-0.846509083682172
-2.022827751930524
-2.8654570304026947
-3.7080863088748655
-3.936056374968964
-4.059158228873185
-3.707802956493853
-3.8482883949693845
-4.094208750396815
-4.217310604301036
-4.498281481252098
-4.586049461251678
-4.814302879726789
-5.1830417366774295
-5.49906313515212
-5.604214699723009
-5.727033201246219
-6.0077207258162675
-6.3411257088622675
-6.885400525812067
-7.745696741236559
-8.482607750375818
-8.780972755389882
-8.429890291899866
-7.657362056474955
-7.323957073428956
-7.218805508858068
-7.429675342761869
-8.570952978629117
-9.53612441634779
-9.71166037634695
-9.869812751774802
-10.501855548724182
-10.993412907198033
-11.327101242625044
-11.274383784149094
-10.045348711773961
-9.167661901673855
-6.955218216478316
-5.375677928866885
-2.899657494783288
-0.7766917463546641
0.6632142142734401
2.435672291095738
4.20756541851561
7.33187882459585
11.948513689453964
16.86522068371652
19.04317000865876
18.551896002565922
16.30469569171946
14.285748799348102
11.968447445454382
10.195137556129447
0.7202918656691769
0.4642084945945605
1.6844928535506296
2.979412318693115
3.5725780842748023
3.4639901502956922
2.5921042175788314
1.1546422079847836
0.6003857281992491
0.8012901109437875
1.2890490098295047
1.5564509734738605
0.5841146320644883
-0.7139872939619731
-1.942410960884399
-2.705708959622149
-3.093017060736433
-3.627820988025144
-4.716882788700226
-6.468790396740788
-8.736047985972403
-10.538199516496675
-11.894663280816113
-12.538055142083936
-12.538055142083936
-11.964343322599907
-12.072931256579018
-14.289962750124499
-17.28974618850539
-21.579495810305897
-24.206471811947296
-22.85000804762786
-16.187595363500602
-8.731108640257895
-3.39614445569213
-1.089978974265197
3.898341886212134
8.669482987942025
16.6282128412485
18.68961276601271
17.767500737609716
16.2019968479389
14.795306987933325
12.260647435057356
10.020979534530241
10.238155402488461
12.143923758471404
9.868530426632947
8.032459939231375
6.885036300263317
5.742565943018125
4.525462262266274
3.58389628776562
3.1965881866513364
1.4641345247084327
0.44475454849690177
-0.37690528853382416
-1.6555550511423844
-2.3184008585078653
-3.3296468747923122
-4.24044069970449
-3.783452556806413
-3.7445446646110963
-3.5857306349458504
-3.256784372124543
-2.9586102588917114
-2.7219804448358316
-1.9781363921957402
-1.2845184352417836
-0.8080749526452125
-0.548808731607698
-0.7854385456635777
-1.0415223058171161
-1.9441817817232883
-2.579437900384269
-3.2925098034358844
-4.431797699797101
-5.6213116918444515
-6.8221438873826195
-7.655121927904164
-8.042430029018448
-7.914388148941677
-7.399038167750625
-6.953368228343366
-6.596832276817557
-6.476926139347629
-6.465607935856812
-6.8302796299894615
-7.29540351549438
-7.651939467020188
-7.8107534966854315
-7.899887484566883
-7.423445395571148
-6.523969774149788
-5.136733860241875
-4.5824759868555045
-2.7690240796379904
-1.4401500040230528
-0.7383949108614192
1.545132769983043
4.068474119368197
7.071440018633062
9.478039864634688
10.07615891193924
10.886500545479148
10.568872486148658
9.538172523766553
9.134606873446943
8.61112114964905
8.196223359830265
7.851009502584494
0.6051514690351196
1.2451190367215967
1.1484456251609745
1.032437067253996
0.5802263634627204
0.7611098496915231
-0.44707884654599084
0.16604332969298782
2.104001755791076
3.3315261891335917
3.9452884058048503
3.8935154999182586
3.2797532832470013
2.104001755791076
0.3531589531195309
-1.6365754364947669
-3.9556407318663807
-6.17115982876962
-7.501589433434849
-8.296236500483941
-9.11710456223467
-10.596625378444706
-11.9401583696942
-12.431040014941113
-12.373035735987624
-12.263258551147542
-12.121043220072034
-12.51525106706313
-14.621633619576759
-17.419117427366295
-21.14036024669617
-22.703447607625826
-19.937761305621244
-12.95995053903988
-7.882693893841681
-3.0568072125936374
1.1546766115326794
7.42700145535293
14.83767149974268
17.27338560677655
17.29895173949461
15.890542455774257
13.939478620920406
11.949745266764225
9.346249695936788
9.53336591938152
11.206871105601724
10.593108888930466
8.073201818259616
6.18078290280972
4.404372545266804
3.1575133522731247
2.324196765921706
1.2906609562364828
0.8384488302918964
-0.5312895119728169
-1.564827517201737
-2.57902895393099
-3.554560871357917
-4.478319882898253
-5.001639674380593
-5.363409375136263
-5.065875326400981
-4.122781555209482
-2.553462821212929
-1.37835154751228
-0.11902857292668742
0.7791643058955872
1.7940049609219983
2.608627428072723
3.002194634613351
2.873082690122108
2.2206509541485238
1.67799640301502
0.6569243749217106
-0.5512649120744488
-1.1194870180793244
-2.043246416314853
-3.503428605921794
-5.183165165208897
-6.972678909336079
-8.367984806472164
-8.884432584437139
-8.884432584437139
-8.122223663623473
-7.004476415121038
-5.699612943173871
-4.762750545049269
-4.620535213973761
-4.814523450935861
-5.228066057578121
-5.383384775237895
-5.09272274001998
-4.492063909932987
-3.04498510691031
-1.0159415930013351
0.13360518345755978
1.2451190367215967
2.3884324179420933
3.4544067605579376
4.9083575770979815
5.101705173609612
5.431677368580321
6.006770065949253
6.058542971835845
6.116547250789333
6.206989675978251
5.528351166836136
5.166581466080467
5.664335124844747
5.993666679364988
1.948023120367688
0.15603096810238185
-1.310975129496892
-1.5860390615991782
-1.734011150829804
-1.3037143518030827
-0.39319274864466913
1.9126196300921199
2.9774696168537162
4.021438794413354
3.597500123514984
3.181726005561871
2.9139239768393836
2.335655088582037
1.2989472515592044
0.23409909855340258
-1.2537881804539066
-3.8346657622057814
-6.796817184043654
-9.505707595790597
-10.225590445150216
-9.886981435876592
-10.359039853307234
-11.332202050315734
-11.797902339618023
-11.311321241113772
-10.789336652333956
-10.782075311797152
-11.452031989807594
-12.481478486293623
-13.60261277253275
-14.123694148904116
-13.488237748760788
-10.851075867531383
-5.202721267965434
0.27040580123742275
5.870620482957355
10.524895401196943
13.12665379215078
14.777034007706526
15.220950275398405
14.029009008608142
12.78078344234035
10.911624157002842
8.880891651327499
9.092403752142511
10.340616609282298
10.714629108831492
8.70477741235811
6.038570168981489
4.204814373919547
2.2158251490901755
0.9249360229228122
0.17781488350232308
-0.9723661202232681
-1.148480922035653
-1.9310061990011542
-3.9626602546428984
-5.05565239114326
-5.859961689719173
-7.83533144588339
-8.251105563836504
-6.741436096974576
-5.027510241404495
-0.8588936007899534
3.0764187471436175
3.7336591688973573
2.5208370929051345
1.822738827998921
4.968265266499992
7.033516387600401
7.174227136294223
6.264610579300056
5.6581995413039445
4.515281233454408
2.9357079984497956
1.2789702176086906
-0.1453688795586852
-1.5279483373047458
-2.5020137467216976
-3.602267223758863
-4.744282319199948
-6.549895964523126
-7.657410782097095
-7.967877641631955
-7.827166892938134
-7.065522425174592
-5.570375639386274
-3.7366198443243315
-1.8320570687112532
-0.5974497001958183
-0.5057619104427212
-1.2183846901783377
-1.3454759702070036
-1.2891916707294748
-0.39319274864466913
0.7070607283924961
2.011568760382021
2.7169289286680334
3.3160786261273407
3.3160786261273407
4.11312658416645
4.352786463150173
4.5361620426563665
4.663253322685033
5.291448382291556
5.502966111536514
5.284187041754752
5.467562621260947
5.06540797197299
5.3831361720446536
1.0930358334684394
-0.7116945536000239
-2.4559729789997156
-2.952705237542051
-2.2825007548601532
-1.2364753661459273
-0.6346199100892089
0.628714411763772
2.3046386416967777
2.4658537783767884
2.239820682607672
1.8158011877798914
1.9086658435794481
1.411933585037112
0.5963054322192194
-0.44535767366090523
-1.4546136572895931
-2.6618541826838293
-4.418387838249957
-6.328241825870644
-8.23809581349133
-8.835587532458673
-9.134333391942345
-9.618827135956288
-10.083150414954071
-10.083150414954071
-9.844860231725404
-9.586418156411737
-9.247364482379647
-9.186908806124642
-8.981013059887784
-8.383521340920442
-6.837231171872531
-4.786313939656835
-1.8751002272881836
1.4767515441262173
4.678815908315248
8.006153907848388
10.380316631914116
11.163533632102155
11.110972760472603
10.860425489784381
10.416254102871598
8.227824720783405
7.07314506701872
7.266769183243284
8.752603676036191
9.176608628311229
7.4770126697615
5.429627959337152
3.221028112232793
0.8792602281967166
-0.02923276532028342
0.269512936480773
-1.1681244822276318
-2.6618541826838293
-3.5458346736752926
-4.797741266073634
-5.714130736609648
-8.851377141709573
-10.163757983294076
-8.399310950171342
-7.588043222894435
-4.555918561053617
0.47103139383726833
3.0230417131741283
7.3754234482937395
9.192408749736455
8.013218951431085
8.138492586775195
7.36752864366829
6.0350144829299435
5.0459122486793735
3.677456586605126
2.05845365384266
1.8000115785289916
2.1398914467189365
-0.29120776546314237
-2.9930090217120537
-3.78412485690396
-4.539299190759964
-4.910757813958191
-5.387338180415526
-5.851661459413309
-6.037390771012423
-6.243271974696537
-6.065437467722874
-5.827147284494207
-5.540658512470086
-4.571708170304518
-3.251451097025723
-1.713055732603262
-0.4655095657459066
0.834595212410045
1.51705532829622
2.3326853384072286
2.6515830899759014
3.0633454973441308
2.930177057374572
2.817160509490013
3.0878596722632334
1.8359530798648929
3.6284282367669207
5.57858600855761
6.172545205733605
6.160288118274054
6.006967786219493
5.849285171330831
5.889588955500833
6.25315277407361
5.946512109964489
0.7382542168086761
-0.3647072245054437
-1.2920609262928955
-1.5739640995455058
-2.4239138871193604
-3.1020985337109006
-2.37076731403939
-1.0063124587184167
-0.046223167731291245
1.5431411140859652
2.7566363775875624
2.830193526336316
2.8097829506675325
2.695404650581213
2.2255660284935295
1.5677919575707724
0.8487865678531791
-0.2664994198119499
-1.7372487048957714
-3.2284068738339555
-4.699154467103355
-6.12099575510881
-7.408048167359161
-8.433607982025686
-9.030150325942094
-9.2180898568923
-9.030150325942094
-8.580722279523192
-8.078147660024321
-7.587898462267855
-6.930124391345098
-6.170297442078424
-4.74845615407297
-2.628019643807193
-0.5730532490093004
1.5677919575707724
3.361263875430349
4.370258000538446
5.109674374136335
5.452809274395296
6.122908767060457
7.324078608819651
6.163729918398023
4.692982325128623
3.471401907700645
5.436638966542536
6.825744257136804
7.953356950147246
6.327409905453958
4.460380838845627
1.1795956381582218
-1.0675441857247665
-1.8928435380253268
-1.4025939320573464
-0.9612510395648259
-1.9825709946268397
-4.049860931812646
-5.921130266237003
-7.59213873008388
-9.312057581309837
-9.205764435149895
-7.126144994106552
-3.886180944756712
-0.7486636843134834
1.6740851037307127
5.6781163701632495
8.8033067377211
9.742965188351581
9.83693291276912
9.187262789317625
8.427435840050952
7.299823147040512
6.290829021932415
5.020342299240493
3.798761881812515
1.8169591334121955
-0.5772935168253245
-2.82828051438467
-4.303268375470094
-4.932546716797688
-5.341153611879022
-5.5903207877204455
-6.068244563734508
-6.672872061577295
-7.007921807909875
-7.020247229652279
-6.8119012051484225
-6.248094858643204
-5.296092192725432
-4.282857799801311
-3.343180555625944
-2.0684535651179967
-1.0879547613935496
-0.32388607316787715
0.91810451171737
1.3632908191772712
1.4164373922572413
1.624783416761098
1.3632908191772712
1.5350559601595852
3.1979792700800833
4.587084560674351
3.9782167950155403
5.060768068872391
5.199797212443517
4.791190317362184
5.073093490614793
5.636899837120014
4.974885498381233
4.21505854911456
3.8187770757756296
0.475289000616928
-0.0946620789088881
-0.5173998486264767
-0.9187535613355317
-1.5468940124421433
-2.248640556949957
-2.950387101457771
-2.527649506305565
-2.279477293994714
-0.8854347320422543
0.6130509687235344
1.7529515770684185
2.2801327387348778
2.258747692522508
2.1791741853630193
2.2681993833548946
2.2468143371425247
1.8882318806274285
0.9169292413656126
-0.31796440643035695
-1.611049151079253
-2.8459435349435176
-3.927657582178797
-5.088945136573565
-5.980675432445112
-6.397446349907327
-6.207462598543593
-5.747921588656639
-5.119781873618321
-4.301658407216272
-3.5417234017613395
-2.6867965206245414
-1.6573042566463883
-0.8391788904068246
0.015748275705600938
0.7020761667154093
1.1984194275678925
1.6674113922189389
2.464149812408619
3.266854910288291
3.6065339851386136
2.218459264645364
1.6365746551741822
1.6674113922189389
2.1423707706282715
3.2882399565006613
4.823528335932903
5.521789867298322
4.017338224910836
3.621952353660991
1.388402442863331
-1.8413213303201295
-3.4039614336547337
-3.8789208120640652
-3.107052451229151
-3.2293960508133788
-4.353880190473397
-5.367954085929173
-5.75388826634663
-5.168518643733053
-3.6854520475579378
-1.6692376120263714
0.5951501995852649
3.233536508695938
5.804283829796325
8.062703799948752
9.631298943281156
9.425896823395044
9.257298118243682
8.929564036465532
8.307390999117205
7.320668827563793
6.04897102896478
4.734503137941028
3.3618467859701577
1.2720255209690945
-0.7014176583685129
-2.9135836867230225
-5.098396827405953
-6.480504870209209
-6.924627511573784
-6.976849294830912
-7.019619387255652
-7.041004433468021
-6.967397603998525
-6.798798898847162
-6.777413852634792
-6.734643760210052
-6.23829933558835
-5.472397652443426
-4.669692554563754
-3.872954134374074
-3.450216539221868
-3.0856674050167805
-2.7484699947140547
-2.0740751741086028
-0.7347364876617902
1.3491185273502053
2.359706245894366
2.644681872939965
2.803828887258941
2.6934186430546965
2.460664799266224
2.0070904670692613
1.9429353284321516
2.8097955649489332
2.9510425461979346
2.702870333887083
2.4119280291514924
2.2801327387348778
2.4487314438862406
0.43680051006903015
0.439463645046552
-0.13612967661079434
-0.517195436053845
-1.1887229059528204
-1.9455281389050678
-2.2279985337734
-2.0281446856252505
-1.4552144376933218
-0.8822823696529546
-0.21608309634286005
0.4447899150015957
0.9217878348003338
1.0177181910263933
1.1136504126341846
1.7718602890011188
2.8164621867767416
3.4853246030537632
3.8690534894849313
3.032294844790022
1.4200890223002134
0.26091487671857755
-0.6984073393593413
-1.5617992524739002
-2.1400557170981735
-2.427852381921549
-2.6170536901596106
-2.611727420204567
-2.323930755381192
-1.849595917297276
-1.0927906310823288
-0.5198585710313668
-0.04552345314019122
0.3355420185061946
0.42614797814834765
0.4208217002038991
0.4101691602938116
0.02644055366990399
-0.1654242226156392
-0.5225217060088887
-0.12814027966763372
0.43680051006903015
1.0070657043790052
1.4973792990653525
2.182220525207505
3.5092928178514597
3.663873371381738
-0.39190942053900707
-0.2773946165055674
1.4947161640878306
1.3934576725249948
-1.476519570776196
-3.866835706038427
-4.365138758920039
-3.8748251109709924
-3.8561831661283392
-3.2832529714591105
-2.7982655934651075
-1.9348755989949806
-0.8769561076873158
0.8444975580351948
2.4726803250084024
4.385998487209196
6.2939903794549465
7.812927115314485
8.27128314353327
7.301308387545264
6.459223472895311
6.445907798007702
5.782371651685725
5.01491387882339
3.9649857110927225
3.2961232948157013
2.435396435323096
1.2895360992473373
0.23428352694335897
-0.7223756074197375
-1.3832504841459259
-2.2359879387059656
-3.104704203131136
-4.445092170662701
-5.694874186541517
-6.744802354272183
-7.3257219538739795
-7.520249532067084
-7.2377791371987525
-6.670175212484566
-6.667512077507045
-6.670175212484566
-6.574242990876775
-6.3797154126836695
-6.27313065116579
-5.686884781608952
-4.157295505839325
-2.4385049218316364
-1.1061063592326377
0.11970936049291411
-0.1574347644203741
-0.061502263005322334
0.30092121053571097
-0.37060434071883225
-0.4452314825064493
-1.114095764165203
-1.0341423524225424
-1.0341423524225424
-1.3032970724032653
-0.8262972339600949
-0.7277018773747813
0.1490038452456545
1.1722988058087753
0.44212678002407385
0.014750788957728876
0.2181153444411081
-0.14002538560435954
-0.5561579278151273
-0.8175144988285655
-1.011084752575805
-0.8853027517779448
-0.45937376878309794
0.053543222812176425
0.7020361396012552
1.3117350641929013
1.5632951944222604
2.028016524283837
2.192588936265245
2.299169536081354
1.9120328999532363
1.3795233171422805
0.9923872609322845
0.9923872609322845
1.3987227824408515
1.9504318305503778
2.3183690013799247
2.328165442164004
1.7474604879718274
1.1279637668310432
0.6052519805692258
0.053543222812176425
-0.45937376878309794
-0.7497262458791861
-0.9432951438613667
-1.1368648176904845
-1.3014372296718935
-1.4950055477359523
-1.5529973599012523
-1.3496326010531143
-1.1560642829890555
-0.8657104501279081
-0.6819379929298068
-0.26580545071903905
0.2279118722129056
1.0217765832845223
1.999414034470774
2.725098519076201
3.0828458328520814
2.869684633219864
1.7948690268138732
1.4473115700916601
4.320660186161129
1.8528608389791732
0.11153494798975831
1.7474604879718274
0.2083189036570289
-1.8915452083785613
-3.430295312106953
-3.5368759119230617
-2.2982747260748377
-0.9820882665750332
0.1601236192635262
1.098967860748393
1.6310834473716398
2.463348531793175
3.6247584401775286
4.582803589713744
5.124716197039191
4.659994867177614
4.002098635521567
3.6729538115587492
3.121244763449223
3.0052611391186224
2.317975585110337
1.9986272019315992
1.77606297778489
1.3599304355741222
0.8470150900963839
0.014750788957728876
-0.5271620217324773
-0.9432951438613667
-1.4660096416533022
-2.317867607642996
-3.585858115843458
-4.737471583443732
-5.48235553334773
-5.9952722345905265
-6.721350135465541
-7.176275024543038
-7.302055089657718
-7.12768623689223
-7.00190617177755
-7.02149905334571
-6.740549600764113
-6.334213499337423
-5.559940227081188
-4.291949718880726
-3.2661163163951317
-2.8307843088857934
-2.869576655752523
-3.1505261083341196
-3.14072966755004
-2.230879889395046
-1.9985192244642576
-2.6082200847390844
-3.130933226765961
-3.217920945013911
-4.050186029435446
-3.643849928008758
-2.4436476727576757
-2.8017884028031435
-2.279075260776267
-2.0859003589817955
-1.446810176354731
-0.9048969891111623
-0.12107108412614856
-0.8631265184138948
-1.428336328406384
-1.428336328406384
-0.8239278214117811
0.053963264243284396
0.8133498646208238
1.5946030943406524
2.2190623200259667
2.0832268436928207
2.78699010549853
3.2546545431753904
3.2537479010592225
3.002129617952071
2.9219189397155088
3.018555719046541
2.549984639253513
2.0823202015766533
1.7705439097920797
1.4779136454504795
1.1269386566637924
0.7951116461885075
0.7167142521842803
0.6383168581800532
0.540773436732853
0.6975682247413074
0.8343103431906211
0.9318537646378212
1.0293952352165925
1.0485420466335054
0.8334025341799646
0.48242871228776646
0.3083011810686745
0.9746782461306656
1.3447992623603253
1.5590321326976986
3.0039429021844066
4.0158558873100185
4.053241300079796
3.643921586848023
3.2537479010592225
2.9802636641605953
2.8635742152704218
1.9273386978005342
1.1478991352335897
1.127846465674449
0.7185267524426755
0.1332670077334149
0.20985111750530672
0.7167142521842803
0.48333535440393416
0.3474998780707881
0.270009301216902
0.11412098029044193
0.016577558843241844
0.1916119072126748
0.2691024840665609
0.6592761698553615
1.2244820781109926
1.6730004883448795
2.3558044384752805
2.9793570220444274
3.2728939285021954
3.018555719046541
2.6684873723760214
2.6876333998189947
1.9455780831273397
1.419568921005393
0.9710516776659948
1.0685939322187061
0.7750589766293668
0.5799721337349667
0.1123078136541976
-0.3553567416187534
-0.37540941117789406
-0.3553567416187534
-0.9205657676373024
-1.7984573446360437
-2.598857385772785
-3.6727416638081545
-4.3546389718223875
-4.608070539161875
-4.920753473062615
-5.505107359629649
-5.836936320973363
-6.519740271103764
-6.48054157410165
-6.129566585314963
-5.954532411979703
-5.916240357093757
-5.721153514199357
-5.254395718638665
-5.351032497969698
-5.25258243440633
-4.412077054151307
-3.9845179555927275
-3.5943442698039276
-3.614396939363068
-3.5341862611265054
-2.9881244294454183
-2.384624515435412
-3.5150402336835325
-3.3983507847933594
-3.631729682573705
-2.5004073222094174
-2.2852678097558763
-2.59704410154045
-2.6562954681017037
-3.3792047573503865
-3.3217666750214674
-2.520459991768558
2.3635286934529107
1.7490618702137188
1.2580312263338729
0.827363599477507
0.23812682682169195
-0.411470998735028
-0.6682443091878711
0.9507995265363467
1.587780614979309
2.4518338704947276
4.571809554133449
3.859136602118289
3.647395245717126
4.103294887279444
2.2878385417027816
1.1219800216828393
0.9354689681655587
0.6660823442430972
0.5174161143003754
-0.3916693475672295
-0.08172135331628153
-0.10695140389965782
-0.4997761757768451
-1.0890149125552357
-0.7538354126721523
-0.5222921528026854
-0.48444707692762096
-0.27541979408399436
-0.38624091030657587
2.0463943300991625
2.3635286934529107
3.297843953603386
3.1113326477856
3.5897482663737574
3.8870807262592004
4.758320859951236
4.841197889877981
4.911459894513037
3.0104124454520944
4.115909912571132
3.8366206250924484
3.992473733211786
2.9500513925511895
2.9401504408170376
2.9149203902336613
2.411274721062127
2.2752235164110934
1.5652646379534687
1.676085792021126
1.7139308678961902
2.081525332416691
2.031065231249938
1.761676895505407
1.9328591024739692
1.9202440771822809
1.8220379484063118
1.7968078978229354
1.4544434838858111
1.6887008173128142
1.7139308678961902
2.743738183265099
3.1843087259781924
3.0131265190096306
2.987896468426254
2.2499934658277168
2.0409661829840906
1.746347796656183
1.1444962510091854
0.27597190269675637
0.8048473701511611
0.20028175094662748
0.4120231073477901
0.6057212913421924
1.1697263015925616
1.3310073045264659
0.7895185236024427
-0.4493160746100925
-1.577331482877546
-2.901757184574362
-3.5135099342560174
-3.3702718514283676
-3.5919141595636823
-4.108174854026904
-4.2568410839696265
-4.463154293255717
-4.855978808359594
-5.520905732765537
-6.3921458664575725
-7.139949820790262
-7.3363620783422
-7.54267528762829
-6.658820128644568
-6.0092223030878475
-5.384854528114504
-5.112752118812437
-5.049676992353996
-3.5036089825218655
-2.2044133314084253
-1.8845648944971416
-1.529585455268329
-1.907080871522982
-2.8540111569651456
-3.1837605456105815
-2.4611866418612682
-1.0890149125552357
-1.6557357081852109
-2.337750462501923
-1.5647164575858576
-2.781035078772552
-4.130690831052745
-3.788326417115621
